18.204.22.72	192.168.7.25	293
192.168.7.25	18.204.22.72	0
192.168.7.25	18.204.22.72	261
192.168.7.25	18.204.22.72	965
18.204.22.72	192.168.7.25	0
18.204.22.72	192.168.7.25	293
192.168.7.25	18.204.22.72	0
192.168.7.25	18.204.22.72	261
192.168.7.25	18.204.22.72	837
18.204.22.72	192.168.7.25	0
18.204.22.72	192.168.7.25	293
192.168.7.25	18.204.22.72	0
192.168.7.25	18.204.22.72	69
192.168.7.25	18.204.22.72	0
18.204.22.72	192.168.7.25	69
18.204.22.72	192.168.7.25	0
192.168.7.25	18.204.22.72	0
18.204.22.72	192.168.7.25	0
34.242.245.114	192.168.7.25	31
34.209.180.237	192.168.7.25	31
18.204.22.72	192.168.7.25	69
23.67.238.142	192.168.7.25	0
96.16.209.82	192.168.7.25	31
18.204.22.72	192.168.7.25	69
96.16.209.82	192.168.7.25	31
96.16.209.82	192.168.7.25	31
96.16.209.82	192.168.7.25	0
54.192.122.93	192.168.7.25	0
18.204.22.72	192.168.7.25	69
192.168.7.25	23.63.253.147	0
23.63.253.147	192.168.7.25	0
192.168.7.25	23.63.253.147	0
192.168.7.25	23.63.253.147	302
192.168.7.25	34.242.245.114	0
23.63.253.147	192.168.7.25	0
23.63.253.147	192.168.7.25	0
23.63.253.147	192.168.7.25	384
192.168.7.25	23.63.253.147	0
34.210.145.79	192.168.7.25	31
192.168.7.25	34.208.71.43	0
34.242.245.114	192.168.7.25	0
192.168.7.25	34.242.245.114	0
192.168.7.25	34.242.245.114	517
192.168.7.25	54.192.121.148	0
34.208.71.43	192.168.7.25	0
192.168.7.25	34.208.71.43	0
54.192.121.148	192.168.7.25	0
192.168.7.25	34.208.71.43	517
192.168.7.25	54.192.121.148	0
192.168.7.25	54.192.121.148	517
54.192.121.148	192.168.7.25	0
54.192.121.148	192.168.7.25	0
54.192.121.148	192.168.7.25	1448
54.192.121.148	192.168.7.25	1448
54.192.121.148	192.168.7.25	1448
54.192.121.148	192.168.7.25	58
192.168.7.25	54.192.121.148	0
192.168.7.25	54.192.121.148	0
192.168.7.25	54.192.121.148	0
192.168.7.25	54.192.121.148	126
192.168.7.25	54.192.121.148	378
54.192.121.148	192.168.7.25	0
54.192.121.148	192.168.7.25	242
192.168.7.25	54.192.121.148	0
54.192.121.148	192.168.7.25	821
54.192.121.148	192.168.7.25	34
192.168.7.25	54.192.121.148	0
192.168.7.25	54.192.121.148	0
34.242.245.114	192.168.7.25	0
34.242.245.114	192.168.7.25	1448
34.242.245.114	192.168.7.25	1448
34.242.245.114	192.168.7.25	496
192.168.7.25	34.242.245.114	0
192.168.7.25	34.242.245.114	0
192.168.7.25	34.242.245.114	126
192.168.7.25	54.192.121.148	349
192.168.7.25	72.21.91.29	0
34.208.71.43	192.168.7.25	0
34.208.71.43	192.168.7.25	0
34.208.71.43	192.168.7.25	1448
34.208.71.43	192.168.7.25	1448
34.208.71.43	192.168.7.25	522
192.168.7.25	34.208.71.43	0
192.168.7.25	34.208.71.43	0
192.168.7.25	34.208.71.43	126
192.168.7.25	72.21.91.29	0
54.192.121.148	192.168.7.25	658
54.192.121.148	192.168.7.25	1448
54.192.121.148	192.168.7.25	1448
54.192.121.148	192.168.7.25	1448
192.168.7.25	54.192.121.148	0
192.168.7.25	54.192.121.148	0
192.168.7.25	54.192.121.148	0
54.192.121.148	192.168.7.25	1448
54.192.121.148	192.168.7.25	1448
54.192.121.148	192.168.7.25	1448
192.168.7.25	54.192.121.148	0
192.168.7.25	54.192.121.148	0
54.192.121.148	192.168.7.25	1448
54.192.121.148	192.168.7.25	1448
192.168.7.25	54.192.121.148	0
192.168.7.25	54.192.121.148	0
54.192.121.148	192.168.7.25	1071
192.168.7.25	54.192.121.148	0
72.21.91.29	192.168.7.25	0
192.168.7.25	72.21.91.29	0
192.168.7.25	72.21.91.29	385
72.21.91.29	192.168.7.25	0
72.21.91.29	192.168.7.25	0
72.21.91.29	192.168.7.25	788
192.168.7.25	72.21.91.29	0
192.168.7.25	72.21.91.29	0
192.168.7.25	72.21.91.29	385
192.168.7.25	34.242.245.114	391
192.168.7.25	72.21.91.29	0
192.168.7.25	54.192.121.148	31
192.168.7.25	54.192.121.148	0
192.168.7.25	23.63.253.147	0
72.21.91.29	192.168.7.25	788
192.168.7.25	72.21.91.29	0
192.168.7.25	72.21.91.29	0
23.63.253.147	192.168.7.25	0
192.168.7.25	23.63.253.147	0
54.192.121.148	192.168.7.25	0
54.192.121.148	192.168.7.25	0
72.21.91.29	192.168.7.25	0
192.168.7.25	54.192.121.148	0
192.168.7.25	72.21.91.29	0
72.21.91.29	192.168.7.25	0
192.168.7.25	72.21.91.29	0
192.168.7.25	34.208.71.43	557
34.208.71.43	192.168.7.25	51
192.168.7.25	34.208.71.43	0
34.242.245.114	192.168.7.25	51
192.168.7.25	34.242.245.114	0
192.168.7.25	23.67.238.142	0
34.242.245.114	192.168.7.25	311
192.168.7.25	34.242.245.114	0
192.168.7.25	34.242.245.114	31
192.168.7.25	34.242.245.114	0
192.168.7.25	34.210.145.79	0
192.168.7.25	96.16.209.82	0
23.67.238.142	192.168.7.25	0
192.168.7.25	23.67.238.142	0
192.168.7.25	23.67.238.142	325
192.168.7.25	96.16.209.82	0
34.208.71.43	192.168.7.25	0
96.16.209.82	192.168.7.25	0
192.168.7.25	96.16.209.82	0
192.168.7.25	96.16.209.82	517
23.67.238.142	192.168.7.25	0
23.67.238.142	192.168.7.25	1448
23.67.238.142	192.168.7.25	1448
23.67.238.142	192.168.7.25	1448
23.67.238.142	192.168.7.25	1448
23.67.238.142	192.168.7.25	1448
23.67.238.142	192.168.7.25	714
192.168.7.25	23.67.238.142	0
192.168.7.25	23.67.238.142	0
192.168.7.25	23.67.238.142	0
192.168.7.25	23.67.238.142	0
96.16.209.82	192.168.7.25	0
192.168.7.25	96.16.209.82	0
192.168.7.25	96.16.209.82	517
96.16.209.82	192.168.7.25	0
96.16.209.82	192.168.7.25	1448
96.16.209.82	192.168.7.25	1448
96.16.209.82	192.168.7.25	88
192.168.7.25	96.16.209.82	0
192.168.7.25	96.16.209.82	0
96.16.209.82	192.168.7.25	0
192.168.7.25	96.16.209.82	126
96.16.209.82	192.168.7.25	1448
96.16.209.82	192.168.7.25	1448
96.16.209.82	192.168.7.25	88
192.168.7.25	96.16.209.82	0
192.168.7.25	96.16.209.82	0
192.168.7.25	96.16.209.82	126
34.208.71.43	192.168.7.25	158
192.168.7.25	34.208.71.43	0
192.168.7.25	72.21.91.29	0
192.168.7.25	72.21.91.29	0
192.168.7.25	23.67.238.142	317
192.168.7.25	34.208.71.43	93
192.168.7.25	172.217.9.8	0
192.168.7.25	23.67.238.142	0
192.168.7.25	23.67.238.142	0
96.16.209.82	192.168.7.25	290
192.168.7.25	96.16.209.82	0
96.16.209.82	192.168.7.25	290
192.168.7.25	96.16.209.82	0
34.210.145.79	192.168.7.25	0
192.168.7.25	34.210.145.79	0
192.168.7.25	34.210.145.79	517
72.21.91.29	192.168.7.25	0
192.168.7.25	72.21.91.29	0
192.168.7.25	72.21.91.29	385
72.21.91.29	192.168.7.25	0
192.168.7.25	72.21.91.29	0
192.168.7.25	72.21.91.29	385
172.217.9.8	192.168.7.25	0
23.67.238.142	192.168.7.25	0
192.168.7.25	172.217.9.8	0
192.168.7.25	23.67.238.142	0
192.168.7.25	172.217.9.8	517
192.168.7.25	23.67.238.142	305
23.67.238.142	192.168.7.25	1448
23.67.238.142	192.168.7.25	1448
23.67.238.142	192.168.7.25	1448
23.67.238.142	192.168.7.25	1448
23.67.238.142	192.168.7.25	1448
192.168.7.25	23.67.238.142	0
192.168.7.25	23.67.238.142	0
192.168.7.25	23.67.238.142	0
23.67.238.142	192.168.7.25	1448
23.67.238.142	192.168.7.25	1448
23.67.238.142	192.168.7.25	1448
23.67.238.142	192.168.7.25	1448
23.67.238.142	192.168.7.25	1448
192.168.7.25	23.67.238.142	0
192.168.7.25	23.67.238.142	0
23.67.238.142	192.168.7.25	1448
23.67.238.142	192.168.7.25	1448
23.67.238.142	192.168.7.25	1448
23.67.238.142	192.168.7.25	1448
23.67.238.142	192.168.7.25	1448
192.168.7.25	23.67.238.142	0
192.168.7.25	23.67.238.142	0
192.168.7.25	23.67.238.142	0
192.168.7.25	23.67.238.142	0
192.168.7.25	23.67.238.142	0
23.67.238.142	192.168.7.25	1448
23.67.238.142	192.168.7.25	1448
23.67.238.142	192.168.7.25	1448
23.67.238.142	192.168.7.25	1311
192.168.7.25	23.67.238.142	0
192.168.7.25	23.67.238.142	0
192.168.7.25	23.67.238.142	0
192.168.7.25	23.67.238.142	300
192.168.7.25	23.67.238.142	0
23.67.238.142	192.168.7.25	0
192.168.7.25	23.67.238.142	0
192.168.7.25	23.67.238.142	322
72.21.91.29	192.168.7.25	0
72.21.91.29	192.168.7.25	0
72.21.91.29	192.168.7.25	788
72.21.91.29	192.168.7.25	788
192.168.7.25	72.21.91.29	0
192.168.7.25	72.21.91.29	0
172.217.9.8	192.168.7.25	0
23.67.238.142	192.168.7.25	0
192.168.7.25	96.16.209.82	177
192.168.7.25	96.16.209.82	278
192.168.7.25	96.16.209.82	194
192.168.7.25	96.16.209.82	156
23.67.238.142	192.168.7.25	0
192.168.7.25	23.67.238.142	0
23.67.238.142	192.168.7.25	1448
23.67.238.142	192.168.7.25	1448
23.67.238.142	192.168.7.25	1448
23.67.238.142	192.168.7.25	1448
192.168.7.25	23.67.238.142	0
192.168.7.25	23.67.238.142	0
192.168.7.25	23.67.238.142	0
23.67.238.142	192.168.7.25	1448
23.67.238.142	192.168.7.25	1448
23.67.238.142	192.168.7.25	1448
23.67.238.142	192.168.7.25	1448
23.67.238.142	192.168.7.25	1448
23.67.238.142	192.168.7.25	1448
23.67.238.142	192.168.7.25	1448
23.67.238.142	192.168.7.25	1448
23.67.238.142	192.168.7.25	161
23.67.238.142	192.168.7.25	1448
192.168.7.25	23.67.238.142	0
192.168.7.25	23.67.238.142	0
192.168.7.25	23.67.238.142	0
192.168.7.25	23.67.238.142	0
192.168.7.25	23.67.238.142	0
192.168.7.25	23.67.238.142	0
23.67.238.142	192.168.7.25	1448
23.67.238.142	192.168.7.25	1448
23.67.238.142	192.168.7.25	1448
192.168.7.25	23.67.238.142	0
192.168.7.25	23.67.238.142	0
192.168.7.25	23.67.238.142	0
23.67.238.142	192.168.7.25	1448
23.67.238.142	192.168.7.25	1448
23.67.238.142	192.168.7.25	0
23.67.238.142	192.168.7.25	1448
23.67.238.142	192.168.7.25	1448
192.168.7.25	23.67.238.142	0
192.168.7.25	23.67.238.142	0
192.168.7.25	23.67.238.142	0
23.67.238.142	192.168.7.25	1448
23.67.238.142	192.168.7.25	1448
23.67.238.142	192.168.7.25	1448
23.67.238.142	192.168.7.25	1448
23.67.238.142	192.168.7.25	1448
192.168.7.25	23.67.238.142	0
192.168.7.25	23.67.238.142	0
192.168.7.25	23.67.238.142	0
23.67.238.142	192.168.7.25	1448
23.67.238.142	192.168.7.25	1448
23.67.238.142	192.168.7.25	1448
192.168.7.25	23.67.238.142	0
192.168.7.25	23.67.238.142	0
172.217.9.8	192.168.7.25	1418
172.217.9.8	192.168.7.25	1418
23.67.238.142	192.168.7.25	1448
23.67.238.142	192.168.7.25	1448
172.217.9.8	192.168.7.25	201
192.168.7.25	172.217.9.8	0
192.168.7.25	172.217.9.8	0
192.168.7.25	23.67.238.142	0
23.67.238.142	192.168.7.25	1448
192.168.7.25	172.217.9.8	0
23.67.238.142	192.168.7.25	1448
23.67.238.142	192.168.7.25	1448
23.67.238.142	192.168.7.25	1448
23.67.238.142	192.168.7.25	1448
23.67.238.142	192.168.7.25	1448
192.168.7.25	23.67.238.142	0
192.168.7.25	23.67.238.142	0
23.67.238.142	192.168.7.25	1448
192.168.7.25	23.67.238.142	0
23.67.238.142	192.168.7.25	1448
23.67.238.142	192.168.7.25	1448
23.67.238.142	192.168.7.25	1448
23.67.238.142	192.168.7.25	1448
23.67.238.142	192.168.7.25	1448
23.67.238.142	192.168.7.25	1448
192.168.7.25	23.67.238.142	0
192.168.7.25	23.67.238.142	0
192.168.7.25	23.67.238.142	0
23.67.238.142	192.168.7.25	1448
23.67.238.142	192.168.7.25	1448
23.67.238.142	192.168.7.25	1448
23.67.238.142	192.168.7.25	1448
192.168.7.25	23.67.238.142	0
192.168.7.25	23.67.238.142	0
192.168.7.25	23.67.238.142	0
23.67.238.142	192.168.7.25	1448
23.67.238.142	192.168.7.25	1448
23.67.238.142	192.168.7.25	1448
192.168.7.25	23.67.238.142	0
192.168.7.25	23.67.238.142	0
23.67.238.142	192.168.7.25	1448
23.67.238.142	192.168.7.25	1448
23.67.238.142	192.168.7.25	1448
23.67.238.142	192.168.7.25	1448
23.67.238.142	192.168.7.25	1448
192.168.7.25	23.67.238.142	0
192.168.7.25	23.67.238.142	0
192.168.7.25	23.67.238.142	0
23.67.238.142	192.168.7.25	1448
192.168.7.25	23.67.238.142	0
192.168.7.25	23.67.238.142	0
23.67.238.142	192.168.7.25	1448
23.67.238.142	192.168.7.25	1448
23.67.238.142	192.168.7.25	1448
23.67.238.142	192.168.7.25	1448
192.168.7.25	172.217.9.131	0
192.168.7.25	23.67.238.142	0
192.168.7.25	23.67.238.142	0
192.168.7.25	23.67.238.142	0
23.67.238.142	192.168.7.25	1448
34.242.245.114	192.168.7.25	31
34.242.245.114	192.168.7.25	0
192.168.7.25	34.242.245.114	0
34.242.245.114	192.168.7.25	0
23.67.238.142	192.168.7.25	1448
23.67.238.142	192.168.7.25	1448
23.67.238.142	192.168.7.25	1448
23.67.238.142	192.168.7.25	1448
23.67.238.142	192.168.7.25	1448
192.168.7.25	23.67.238.142	0
192.168.7.25	23.67.238.142	0
192.168.7.25	23.67.238.142	0
192.168.7.25	23.67.238.142	0
23.67.238.142	192.168.7.25	1448
23.67.238.142	192.168.7.25	1448
23.67.238.142	192.168.7.25	1448
23.67.238.142	192.168.7.25	1448
23.67.238.142	192.168.7.25	1448
23.67.238.142	192.168.7.25	1448
23.67.238.142	192.168.7.25	1448
192.168.7.25	23.67.238.142	0
192.168.7.25	23.67.238.142	0
192.168.7.25	23.67.238.142	0
192.168.7.25	23.67.238.142	0
23.67.238.142	192.168.7.25	1448
23.67.238.142	192.168.7.25	1448
23.67.238.142	192.168.7.25	1448
23.67.238.142	192.168.7.25	1448
23.67.238.142	192.168.7.25	1448
23.67.238.142	192.168.7.25	1448
23.67.238.142	192.168.7.25	1448
192.168.7.25	23.67.238.142	0
192.168.7.25	23.67.238.142	0
192.168.7.25	23.67.238.142	0
192.168.7.25	23.67.238.142	0
23.67.238.142	192.168.7.25	1448
23.67.238.142	192.168.7.25	1448
23.67.238.142	192.168.7.25	1448
23.67.238.142	192.168.7.25	1448
23.67.238.142	192.168.7.25	1448
23.67.238.142	192.168.7.25	1448
96.16.209.82	192.168.7.25	0
192.168.7.25	23.67.238.142	0
192.168.7.25	23.67.238.142	0
192.168.7.25	23.67.238.142	0
192.168.7.25	23.67.238.142	0
192.168.7.25	23.67.238.142	412
96.16.209.82	192.168.7.25	77
23.67.238.142	192.168.7.25	1448
192.168.7.25	96.16.209.82	0
192.168.7.25	96.16.209.82	38
192.168.7.25	23.67.238.142	413
192.168.7.25	23.67.238.142	0
23.67.238.142	192.168.7.25	1448
23.67.238.142	192.168.7.25	1448
23.67.238.142	192.168.7.25	1448
23.67.238.142	192.168.7.25	1448
96.16.209.82	192.168.7.25	77
192.168.7.25	23.67.238.142	0
192.168.7.25	23.67.238.142	0
192.168.7.25	96.16.209.82	0
192.168.7.25	23.67.238.142	0
23.67.238.142	192.168.7.25	1448
23.67.238.142	192.168.7.25	1448
23.67.238.142	192.168.7.25	1448
23.67.238.142	192.168.7.25	1448
23.67.238.142	192.168.7.25	1448
23.67.238.142	192.168.7.25	1448
23.67.238.142	192.168.7.25	1448
23.67.238.142	192.168.7.25	1448
23.67.238.142	192.168.7.25	1448
23.67.238.142	192.168.7.25	1448
192.168.7.25	23.67.238.142	0
192.168.7.25	23.67.238.142	0
192.168.7.25	23.67.238.142	0
192.168.7.25	96.16.209.82	31
192.168.7.25	23.67.238.142	0
192.168.7.25	96.16.209.82	0
192.168.7.25	23.67.238.142	0
23.67.238.142	192.168.7.25	1448
23.67.238.142	192.168.7.25	1448
23.67.238.142	192.168.7.25	1448
23.67.238.142	192.168.7.25	1448
23.67.238.142	192.168.7.25	1448
23.67.238.142	192.168.7.25	1448
23.67.238.142	192.168.7.25	1448
23.67.238.142	192.168.7.25	1448
192.168.7.25	23.67.238.142	0
192.168.7.25	23.67.238.142	0
192.168.7.25	23.67.238.142	0
192.168.7.25	23.67.238.142	0
23.67.238.142	192.168.7.25	1448
23.67.238.142	192.168.7.25	1448
23.67.238.142	192.168.7.25	1448
23.67.238.142	192.168.7.25	1448
23.67.238.142	192.168.7.25	1448
23.67.238.142	192.168.7.25	1448
23.67.238.142	192.168.7.25	1448
23.67.238.142	192.168.7.25	1448
192.168.7.25	23.67.238.142	0
192.168.7.25	23.67.238.142	0
192.168.7.25	23.67.238.142	0
192.168.7.25	23.67.238.142	0
23.67.238.142	192.168.7.25	1448
23.67.238.142	192.168.7.25	1448
23.67.238.142	192.168.7.25	1448
23.67.238.142	192.168.7.25	1448
192.168.7.25	23.67.238.142	0
23.67.238.142	192.168.7.25	1448
23.67.238.142	192.168.7.25	1448
192.168.7.25	23.67.238.142	0
192.168.7.25	23.67.238.142	0
192.168.7.25	23.67.238.142	0
192.168.7.25	23.67.238.142	0
23.67.238.142	192.168.7.25	1448
23.67.238.142	192.168.7.25	1448
23.67.238.142	192.168.7.25	1448
23.67.238.142	192.168.7.25	1448
23.67.238.142	192.168.7.25	1448
23.67.238.142	192.168.7.25	1448
23.67.238.142	192.168.7.25	1448
23.67.238.142	192.168.7.25	1448
192.168.7.25	23.67.238.142	0
192.168.7.25	23.67.238.142	0
192.168.7.25	23.67.238.142	0
192.168.7.25	23.67.238.142	0
192.168.7.25	23.67.238.142	0
192.168.7.25	23.67.238.142	0
23.67.238.142	192.168.7.25	1448
23.67.238.142	192.168.7.25	1448
23.67.238.142	192.168.7.25	1448
23.67.238.142	192.168.7.25	1448
23.67.238.142	192.168.7.25	1448
192.168.7.25	23.67.238.142	0
23.67.238.142	192.168.7.25	1448
23.67.238.142	192.168.7.25	1448
192.168.7.25	23.67.238.142	0
192.168.7.25	23.67.238.142	0
192.168.7.25	23.67.238.142	0
23.67.238.142	192.168.7.25	1448
23.67.238.142	192.168.7.25	1448
23.67.238.142	192.168.7.25	1448
23.67.238.142	192.168.7.25	1448
23.67.238.142	192.168.7.25	1448
192.168.7.25	23.67.238.142	0
192.168.7.25	23.67.238.142	0
192.168.7.25	23.67.238.142	0
192.168.7.25	23.67.238.142	0
23.67.238.142	192.168.7.25	1448
23.67.238.142	192.168.7.25	1448
192.168.7.25	23.67.238.142	0
23.67.238.142	192.168.7.25	1448
23.67.238.142	192.168.7.25	1448
23.67.238.142	192.168.7.25	1448
23.67.238.142	192.168.7.25	1448
23.67.238.142	192.168.7.25	1448
23.67.238.142	192.168.7.25	1448
23.67.238.142	192.168.7.25	1448
23.67.238.142	192.168.7.25	1448
192.168.7.25	23.67.238.142	0
192.168.7.25	23.67.238.142	0
192.168.7.25	23.67.238.142	0
192.168.7.25	23.67.238.142	0
23.67.238.142	192.168.7.25	1448
23.67.238.142	192.168.7.25	1448
23.67.238.142	192.168.7.25	1448
23.67.238.142	192.168.7.25	1448
23.67.238.142	192.168.7.25	1448
23.67.238.142	192.168.7.25	1448
23.67.238.142	192.168.7.25	1448
23.67.238.142	192.168.7.25	1448
192.168.7.25	23.67.238.142	0
192.168.7.25	23.67.238.142	0
192.168.7.25	23.67.238.142	0
192.168.7.25	23.67.238.142	0
23.67.238.142	192.168.7.25	1448
23.67.238.142	192.168.7.25	1448
23.67.238.142	192.168.7.25	1448
23.67.238.142	192.168.7.25	1448
23.67.238.142	192.168.7.25	1448
192.168.7.25	23.67.238.142	0
192.168.7.25	23.67.238.142	0
192.168.7.25	23.67.238.142	0
23.67.238.142	192.168.7.25	1448
192.168.7.25	23.67.238.142	0
23.67.238.142	192.168.7.25	1448
23.67.238.142	192.168.7.25	1448
172.217.9.131	192.168.7.25	0
192.168.7.25	172.217.9.131	0
192.168.7.25	23.67.238.142	0
192.168.7.25	23.67.238.142	0
96.16.209.82	192.168.7.25	1053
96.16.209.82	192.168.7.25	1053
96.16.209.82	192.168.7.25	1053
96.16.209.82	192.168.7.25	1053
96.16.209.82	192.168.7.25	1448
96.16.209.82	192.168.7.25	658
96.16.209.82	192.168.7.25	1448
96.16.209.82	192.168.7.25	658
96.16.209.82	192.168.7.25	1448
192.168.7.25	172.217.9.131	389
192.168.7.25	96.16.209.82	0
192.168.7.25	96.16.209.82	0
192.168.7.25	96.16.209.82	0
192.168.7.25	96.16.209.82	0
192.168.7.25	96.16.209.82	0
192.168.7.25	96.16.209.82	0
96.16.209.82	192.168.7.25	1448
192.168.7.25	96.16.209.82	0
96.16.209.82	192.168.7.25	1448
96.16.209.82	192.168.7.25	1448
96.16.209.82	192.168.7.25	1448
96.16.209.82	192.168.7.25	1448
96.16.209.82	192.168.7.25	1448
192.168.7.25	96.16.209.82	0
192.168.7.25	96.16.209.82	0
192.168.7.25	96.16.209.82	0
192.168.7.25	96.16.209.82	0
192.168.7.25	96.16.209.82	0
192.168.7.25	96.16.209.82	0
192.168.7.25	96.16.209.82	0
34.208.71.43	192.168.7.25	0
23.67.238.142	192.168.7.25	1448
23.67.238.142	192.168.7.25	1448
23.67.238.142	192.168.7.25	1448
23.67.238.142	192.168.7.25	1448
23.67.238.142	192.168.7.25	1448
23.67.238.142	192.168.7.25	1448
23.67.238.142	192.168.7.25	1448
23.67.238.142	192.168.7.25	1448
192.168.7.25	23.67.238.142	0
192.168.7.25	23.67.238.142	0
192.168.7.25	23.67.238.142	0
192.168.7.25	23.67.238.142	0
23.67.238.142	192.168.7.25	1448
23.67.238.142	192.168.7.25	1448
23.67.238.142	192.168.7.25	1448
23.67.238.142	192.168.7.25	1448
23.67.238.142	192.168.7.25	1448
23.67.238.142	192.168.7.25	1448
23.67.238.142	192.168.7.25	1448
23.67.238.142	192.168.7.25	1448
192.168.7.25	23.67.238.142	0
192.168.7.25	23.67.238.142	0
192.168.7.25	23.67.238.142	0
192.168.7.25	23.67.238.142	0
192.168.7.25	23.67.238.142	0
192.168.7.25	23.67.238.142	0
23.67.238.142	192.168.7.25	1448
23.67.238.142	192.168.7.25	1448
23.67.238.142	192.168.7.25	1448
23.67.238.142	192.168.7.25	1448
23.67.238.142	192.168.7.25	1448
192.168.7.25	23.67.238.142	0
192.168.7.25	23.67.238.142	0
23.67.238.142	192.168.7.25	1448
23.67.238.142	192.168.7.25	1448
23.67.238.142	192.168.7.25	1448
23.67.238.142	192.168.7.25	1448
192.168.7.25	23.67.238.142	0
192.168.7.25	23.67.238.142	0
192.168.7.25	23.67.238.142	0
23.67.238.142	192.168.7.25	1448
34.208.71.43	192.168.7.25	144
23.67.238.142	192.168.7.25	704
192.168.7.25	34.208.71.43	0
192.168.7.25	23.67.238.142	0
34.210.145.79	192.168.7.25	0
34.210.145.79	192.168.7.25	1448
34.210.145.79	192.168.7.25	1448
34.210.145.79	192.168.7.25	118
192.168.7.25	34.210.145.79	0
192.168.7.25	34.210.145.79	0
23.67.238.142	192.168.7.25	1448
192.168.7.25	23.67.238.142	0
192.168.7.25	34.210.145.79	126
192.168.7.25	72.21.91.29	385
23.67.238.142	192.168.7.25	1448
23.67.238.142	192.168.7.25	0
23.67.238.142	192.168.7.25	1448
23.67.238.142	192.168.7.25	1448
23.67.238.142	192.168.7.25	1448
23.67.238.142	192.168.7.25	1448
23.67.238.142	192.168.7.25	1448
23.67.238.142	192.168.7.25	1448
23.67.238.142	192.168.7.25	1448
192.168.7.25	23.67.238.142	0
192.168.7.25	23.67.238.142	0
192.168.7.25	23.67.238.142	0
192.168.7.25	23.67.238.142	0
192.168.7.25	23.67.238.142	0
192.168.7.25	23.67.238.142	0
23.67.238.142	192.168.7.25	1448
23.67.238.142	192.168.7.25	1448
23.67.238.142	192.168.7.25	1448
23.67.238.142	192.168.7.25	1448
23.67.238.142	192.168.7.25	1448
23.67.238.142	192.168.7.25	1448
192.168.7.25	23.67.238.142	0
192.168.7.25	23.67.238.142	0
192.168.7.25	23.67.238.142	0
192.168.7.25	23.67.238.142	0
192.168.7.25	23.67.238.142	0
23.67.238.142	192.168.7.25	1448
23.67.238.142	192.168.7.25	1448
23.67.238.142	192.168.7.25	1448
23.67.238.142	192.168.7.25	1448
23.67.238.142	192.168.7.25	1448
192.168.7.25	23.67.238.142	0
192.168.7.25	23.67.238.142	0
192.168.7.25	23.67.238.142	0
23.67.238.142	192.168.7.25	1448
23.67.238.142	192.168.7.25	1448
23.67.238.142	192.168.7.25	1448
23.67.238.142	192.168.7.25	1448
23.67.238.142	192.168.7.25	1448
23.67.238.142	192.168.7.25	1448
23.67.238.142	192.168.7.25	1448
192.168.7.25	23.67.238.142	0
192.168.7.25	23.67.238.142	0
192.168.7.25	23.67.238.142	0
23.67.238.142	192.168.7.25	1448
192.168.7.25	23.67.238.142	0
23.67.238.142	192.168.7.25	1448
23.67.238.142	192.168.7.25	1448
23.67.238.142	192.168.7.25	1448
23.67.238.142	192.168.7.25	1448
192.168.7.25	23.67.238.142	0
192.168.7.25	23.67.238.142	0
192.168.7.25	23.67.238.142	0
192.168.7.25	23.67.238.142	0
23.67.238.142	192.168.7.25	1448
23.67.238.142	192.168.7.25	1448
23.67.238.142	192.168.7.25	1448
23.67.238.142	192.168.7.25	448
23.67.238.142	192.168.7.25	1448
23.67.238.142	192.168.7.25	1448
23.67.238.142	192.168.7.25	1448
23.67.238.142	192.168.7.25	1448
192.168.7.25	23.67.238.142	0
192.168.7.25	23.67.238.142	0
192.168.7.25	23.67.238.142	0
192.168.7.25	23.67.238.142	0
23.67.238.142	192.168.7.25	1448
23.67.238.142	192.168.7.25	1448
192.168.7.25	23.67.238.142	0
192.168.7.25	23.67.238.142	0
192.168.7.25	23.67.238.142	0
23.67.238.142	192.168.7.25	1448
23.67.238.142	192.168.7.25	1448
23.67.238.142	192.168.7.25	1448
23.67.238.142	192.168.7.25	1448
192.168.7.25	23.67.238.142	0
192.168.7.25	23.67.238.142	0
192.168.7.25	23.67.238.142	0
192.168.7.25	23.67.238.142	365
23.67.238.142	192.168.7.25	1448
23.67.238.142	192.168.7.25	1448
23.67.238.142	192.168.7.25	1448
23.67.238.142	192.168.7.25	1448
23.67.238.142	192.168.7.25	1448
23.67.238.142	192.168.7.25	1448
23.67.238.142	192.168.7.25	1448
96.16.209.82	192.168.7.25	1448
23.67.238.142	192.168.7.25	1448
192.168.7.25	23.67.238.142	0
192.168.7.25	23.67.238.142	0
192.168.7.25	23.67.238.142	0
192.168.7.25	23.67.238.142	0
23.67.238.142	192.168.7.25	1448
192.168.7.25	23.67.238.142	0
192.168.7.25	96.16.209.82	0
192.168.7.25	23.67.238.142	0
192.168.7.25	23.67.238.142	0
23.67.238.142	192.168.7.25	1448
23.67.238.142	192.168.7.25	1448
192.168.7.25	23.67.238.142	0
23.67.238.142	192.168.7.25	1448
23.67.238.142	192.168.7.25	1448
23.67.238.142	192.168.7.25	1448
23.67.238.142	192.168.7.25	1448
23.67.238.142	192.168.7.25	1448
23.67.238.142	192.168.7.25	1448
23.67.238.142	192.168.7.25	1448
23.67.238.142	192.168.7.25	1448
96.16.209.82	192.168.7.25	31
192.168.7.25	23.67.238.142	0
192.168.7.25	23.67.238.142	0
192.168.7.25	23.67.238.142	0
192.168.7.25	23.67.238.142	0
192.168.7.25	23.67.238.142	0
192.168.7.25	96.16.209.82	0
23.67.238.142	192.168.7.25	1448
23.67.238.142	192.168.7.25	1448
96.16.209.82	192.168.7.25	0
23.67.238.142	192.168.7.25	1448
23.67.238.142	192.168.7.25	0
192.168.7.25	23.67.238.142	0
192.168.7.25	23.67.238.142	0
192.168.7.25	23.67.238.142	0
192.168.7.25	23.67.238.142	0
192.168.7.25	23.67.238.142	0
23.67.238.142	192.168.7.25	1448
23.67.238.142	192.168.7.25	1448
23.67.238.142	192.168.7.25	1448
23.67.238.142	192.168.7.25	744
23.67.238.142	192.168.7.25	1448
23.67.238.142	192.168.7.25	1448
23.67.238.142	192.168.7.25	1448
192.168.7.25	23.67.238.142	0
192.168.7.25	23.67.238.142	0
192.168.7.25	23.67.238.142	0
23.67.238.142	192.168.7.25	1448
23.67.238.142	192.168.7.25	1448
23.67.238.142	192.168.7.25	1448
192.168.7.25	23.67.238.142	0
192.168.7.25	23.67.238.142	0
23.67.238.142	192.168.7.25	1448
23.67.238.142	192.168.7.25	1448
23.67.238.142	192.168.7.25	1448
23.67.238.142	192.168.7.25	1448
23.67.238.142	192.168.7.25	1448
23.67.238.142	192.168.7.25	1448
192.168.7.25	23.67.238.142	0
192.168.7.25	23.67.238.142	0
192.168.7.25	23.67.238.142	0
192.168.7.25	23.67.238.142	0
23.67.238.142	192.168.7.25	1448
96.16.209.82	192.168.7.25	1448
96.16.209.82	192.168.7.25	1448
96.16.209.82	192.168.7.25	1448
96.16.209.82	192.168.7.25	1448
96.16.209.82	192.168.7.25	1448
96.16.209.82	192.168.7.25	1448
96.16.209.82	192.168.7.25	1448
192.168.7.25	96.16.209.82	0
192.168.7.25	96.16.209.82	0
192.168.7.25	96.16.209.82	0
192.168.7.25	96.16.209.82	0
192.168.7.25	96.16.209.82	0
192.168.7.25	96.16.209.82	0
96.16.209.82	192.168.7.25	1448
96.16.209.82	192.168.7.25	1448
96.16.209.82	192.168.7.25	1448
96.16.209.82	192.168.7.25	1448
96.16.209.82	192.168.7.25	1448
96.16.209.82	192.168.7.25	1448
96.16.209.82	192.168.7.25	1448
96.16.209.82	192.168.7.25	1448
96.16.209.82	192.168.7.25	1448
96.16.209.82	192.168.7.25	1448
192.168.7.25	96.16.209.82	0
192.168.7.25	96.16.209.82	0
192.168.7.25	96.16.209.82	0
192.168.7.25	96.16.209.82	0
192.168.7.25	96.16.209.82	0
96.16.209.82	192.168.7.25	1448
96.16.209.82	192.168.7.25	1448
192.168.7.25	96.16.209.82	0
192.168.7.25	96.16.209.82	0
192.168.7.25	96.16.209.82	0
96.16.209.82	192.168.7.25	1448
96.16.209.82	192.168.7.25	1448
96.16.209.82	192.168.7.25	1448
96.16.209.82	192.168.7.25	1448
96.16.209.82	192.168.7.25	1448
192.168.7.25	96.16.209.82	0
192.168.7.25	96.16.209.82	0
96.16.209.82	192.168.7.25	1448
96.16.209.82	192.168.7.25	1448
96.16.209.82	192.168.7.25	1448
96.16.209.82	192.168.7.25	1448
96.16.209.82	192.168.7.25	1448
192.168.7.25	96.16.209.82	0
192.168.7.25	96.16.209.82	0
192.168.7.25	96.16.209.82	0
192.168.7.25	96.16.209.82	0
192.168.7.25	96.16.209.82	0
192.168.7.25	96.16.209.82	0
23.67.238.142	192.168.7.25	1448
96.16.209.82	192.168.7.25	1448
23.67.238.142	192.168.7.25	1448
23.67.238.142	192.168.7.25	1448
172.217.9.131	192.168.7.25	0
192.168.7.25	96.16.209.82	0
192.168.7.25	23.67.238.142	0
192.168.7.25	96.16.209.82	0
23.67.238.142	192.168.7.25	1448
23.67.238.142	192.168.7.25	1448
23.67.238.142	192.168.7.25	1448
23.67.238.142	192.168.7.25	1448
23.67.238.142	192.168.7.25	1448
96.16.209.82	192.168.7.25	0
23.67.238.142	192.168.7.25	1448
192.168.7.25	23.67.238.142	0
192.168.7.25	96.16.209.82	0
192.168.7.25	23.67.238.142	0
192.168.7.25	23.67.238.142	0
192.168.7.25	23.67.238.142	0
23.67.238.142	192.168.7.25	1448
23.67.238.142	192.168.7.25	1448
23.67.238.142	192.168.7.25	1448
192.168.7.25	23.67.238.142	0
192.168.7.25	96.16.209.82	0
192.168.7.25	23.67.238.142	0
192.168.7.25	23.67.238.142	0
23.67.238.142	192.168.7.25	1448
23.67.238.142	192.168.7.25	1448
23.67.238.142	192.168.7.25	1448
23.67.238.142	192.168.7.25	1448
23.67.238.142	192.168.7.25	1448
192.168.7.25	23.67.238.142	0
192.168.7.25	23.67.238.142	0
23.67.238.142	192.168.7.25	1448
23.67.238.142	192.168.7.25	1448
23.67.238.142	192.168.7.25	1448
23.67.238.142	192.168.7.25	1448
23.67.238.142	192.168.7.25	1448
192.168.7.25	23.67.238.142	0
192.168.7.25	23.67.238.142	0
192.168.7.25	23.67.238.142	0
192.168.7.25	23.67.238.142	0
23.67.238.142	192.168.7.25	1448
192.168.7.25	23.67.238.142	0
23.67.238.142	192.168.7.25	1448
23.67.238.142	192.168.7.25	1448
23.67.238.142	192.168.7.25	1448
23.67.238.142	192.168.7.25	1448
192.168.7.25	23.67.238.142	0
192.168.7.25	23.67.238.142	0
192.168.7.25	23.67.238.142	0
192.168.7.25	23.67.238.142	0
23.67.238.142	192.168.7.25	1448
23.67.238.142	192.168.7.25	1448
23.67.238.142	192.168.7.25	1448
23.67.238.142	192.168.7.25	1448
23.67.238.142	192.168.7.25	1448
23.67.238.142	192.168.7.25	1448
23.67.238.142	192.168.7.25	1448
23.67.238.142	192.168.7.25	1448
23.67.238.142	192.168.7.25	1448
23.67.238.142	192.168.7.25	1448
23.67.238.142	192.168.7.25	1448
23.67.238.142	192.168.7.25	1448
23.67.238.142	192.168.7.25	1448
23.67.238.142	192.168.7.25	1448
192.168.7.25	23.67.238.142	0
192.168.7.25	23.67.238.142	0
192.168.7.25	23.67.238.142	0
192.168.7.25	23.67.238.142	0
192.168.7.25	23.67.238.142	0
192.168.7.25	23.67.238.142	0
192.168.7.25	23.67.238.142	0
192.168.7.25	23.67.238.142	0
192.168.7.25	23.67.238.142	0
192.168.7.25	23.67.238.142	0
23.67.238.142	192.168.7.25	1448
23.67.238.142	192.168.7.25	1448
23.67.238.142	192.168.7.25	1448
23.67.238.142	192.168.7.25	1448
23.67.238.142	192.168.7.25	1448
192.168.7.25	23.67.238.142	0
192.168.7.25	23.67.238.142	0
23.67.238.142	192.168.7.25	1448
23.67.238.142	192.168.7.25	1448
23.67.238.142	192.168.7.25	1448
23.67.238.142	192.168.7.25	1448
192.168.7.25	23.67.238.142	0
192.168.7.25	23.67.238.142	0
192.168.7.25	23.67.238.142	0
192.168.7.25	23.67.238.142	0
23.67.238.142	192.168.7.25	1448
23.67.238.142	192.168.7.25	1448
23.67.238.142	192.168.7.25	1448
23.67.238.142	192.168.7.25	1448
23.67.238.142	192.168.7.25	1448
23.67.238.142	192.168.7.25	1448
172.217.9.131	192.168.7.25	701
23.67.238.142	192.168.7.25	1448
192.168.7.25	172.217.9.131	0
192.168.7.25	23.67.238.142	0
192.168.7.25	23.67.238.142	0
192.168.7.25	23.67.238.142	0
23.67.238.142	192.168.7.25	1448
23.67.238.142	192.168.7.25	1448
23.67.238.142	192.168.7.25	1448
23.67.238.142	192.168.7.25	1448
192.168.7.25	23.67.238.142	0
192.168.7.25	23.67.238.142	0
192.168.7.25	23.67.238.142	0
192.168.7.25	23.67.238.142	0
23.67.238.142	192.168.7.25	1448
23.67.238.142	192.168.7.25	1448
23.67.238.142	192.168.7.25	1448
23.67.238.142	192.168.7.25	1448
23.67.238.142	192.168.7.25	1448
23.67.238.142	192.168.7.25	1448
72.21.91.29	192.168.7.25	788
23.67.238.142	192.168.7.25	1448
192.168.7.25	23.67.238.142	0
192.168.7.25	23.67.238.142	0
192.168.7.25	23.67.238.142	0
192.168.7.25	72.21.91.29	0
23.67.238.142	192.168.7.25	1448
23.67.238.142	192.168.7.25	1448
192.168.7.25	23.67.238.142	0
192.168.7.25	23.67.238.142	0
192.168.7.25	23.67.238.142	0
23.67.238.142	192.168.7.25	1448
23.67.238.142	192.168.7.25	1448
23.67.238.142	192.168.7.25	1448
23.67.238.142	192.168.7.25	1448
192.168.7.25	23.67.238.142	0
192.168.7.25	23.67.238.142	0
192.168.7.25	23.67.238.142	0
23.67.238.142	192.168.7.25	1448
23.67.238.142	192.168.7.25	1448
23.67.238.142	192.168.7.25	1448
23.67.238.142	192.168.7.25	1448
23.67.238.142	192.168.7.25	1448
23.67.238.142	192.168.7.25	1448
23.67.238.142	192.168.7.25	1448
23.67.238.142	192.168.7.25	1448
23.67.238.142	192.168.7.25	1448
23.67.238.142	192.168.7.25	1448
192.168.7.25	23.67.238.142	0
192.168.7.25	23.67.238.142	0
192.168.7.25	23.67.238.142	0
192.168.7.25	23.67.238.142	0
23.67.238.142	192.168.7.25	1448
192.168.7.25	23.67.238.142	0
23.67.238.142	192.168.7.25	1448
192.168.7.25	23.67.238.142	0
192.168.7.25	23.67.238.142	0
23.67.238.142	192.168.7.25	1448
23.67.238.142	192.168.7.25	1448
23.67.238.142	192.168.7.25	1448
23.67.238.142	192.168.7.25	1448
23.67.238.142	192.168.7.25	1448
23.67.238.142	192.168.7.25	1448
192.168.7.25	23.67.238.142	0
192.168.7.25	23.67.238.142	0
192.168.7.25	23.67.238.142	0
192.168.7.25	23.67.238.142	0
23.67.238.142	192.168.7.25	826
192.168.7.25	23.67.238.142	0
23.67.238.142	192.168.7.25	1448
23.67.238.142	192.168.7.25	1448
23.67.238.142	192.168.7.25	1448
23.67.238.142	192.168.7.25	1448
23.67.238.142	192.168.7.25	1448
23.67.238.142	192.168.7.25	532
23.67.238.142	192.168.7.25	1448
23.67.238.142	192.168.7.25	1448
192.168.7.25	23.67.238.142	0
192.168.7.25	23.67.238.142	0
192.168.7.25	23.67.238.142	0
192.168.7.25	23.67.238.142	0
192.168.7.25	23.67.238.142	0
23.67.238.142	192.168.7.25	1448
23.67.238.142	192.168.7.25	1448
192.168.7.25	23.67.238.142	0
192.168.7.25	23.67.238.142	0
192.168.7.25	23.67.238.142	0
192.168.7.25	96.16.209.82	140
23.67.238.142	192.168.7.25	1448
23.67.238.142	192.168.7.25	1448
23.67.238.142	192.168.7.25	1448
23.67.238.142	192.168.7.25	1448
192.168.7.25	23.67.238.142	0
192.168.7.25	23.67.238.142	0
192.168.7.25	172.217.9.8	64
192.168.7.25	34.210.145.79	365
192.168.7.25	172.217.9.8	170
192.168.7.25	172.217.9.8	216
192.168.7.25	23.67.238.142	0
23.67.238.142	192.168.7.25	1448
23.67.238.142	192.168.7.25	1448
23.67.238.142	192.168.7.25	1448
23.67.238.142	192.168.7.25	1448
23.67.238.142	192.168.7.25	1448
192.168.7.25	23.67.238.142	0
192.168.7.25	23.67.238.142	0
192.168.7.25	23.67.238.142	0
23.67.238.142	192.168.7.25	1448
23.67.238.142	192.168.7.25	1448
96.16.209.82	192.168.7.25	1448
23.67.238.142	192.168.7.25	1448
23.67.238.142	192.168.7.25	1448
23.67.238.142	192.168.7.25	1448
96.16.209.82	192.168.7.25	1448
96.16.209.82	192.168.7.25	1448
192.168.7.25	23.67.238.142	0
192.168.7.25	23.67.238.142	0
192.168.7.25	96.16.209.82	0
192.168.7.25	23.67.238.142	0
192.168.7.25	96.16.209.82	0
23.67.238.142	192.168.7.25	1448
96.16.209.82	192.168.7.25	1448
23.67.238.142	192.168.7.25	1448
23.67.238.142	192.168.7.25	1448
23.67.238.142	192.168.7.25	1448
23.67.238.142	192.168.7.25	1448
192.168.7.25	23.67.238.142	0
192.168.7.25	23.67.238.142	0
192.168.7.25	23.67.238.142	0
23.67.238.142	192.168.7.25	1448
23.67.238.142	192.168.7.25	1448
23.67.238.142	192.168.7.25	1448
23.67.238.142	192.168.7.25	1448
23.67.238.142	192.168.7.25	1448
23.67.238.142	192.168.7.25	1448
23.67.238.142	192.168.7.25	1448
23.67.238.142	192.168.7.25	1448
23.67.238.142	192.168.7.25	1448
23.67.238.142	192.168.7.25	1448
192.168.7.25	23.67.238.142	0
192.168.7.25	23.67.238.142	0
192.168.7.25	23.67.238.142	0
192.168.7.25	23.67.238.142	0
23.67.238.142	192.168.7.25	1448
23.67.238.142	192.168.7.25	1448
23.67.238.142	192.168.7.25	1448
96.16.209.82	192.168.7.25	1448
96.16.209.82	192.168.7.25	1448
23.67.238.142	192.168.7.25	1448
96.16.209.82	192.168.7.25	1448
96.16.209.82	192.168.7.25	1448
192.168.7.25	23.67.238.142	0
192.168.7.25	23.67.238.142	0
192.168.7.25	96.16.209.82	0
192.168.7.25	96.16.209.82	0
192.168.7.25	23.67.238.142	0
192.168.7.25	96.16.209.82	0
96.16.209.82	192.168.7.25	1448
96.16.209.82	192.168.7.25	447
23.67.238.142	192.168.7.25	1448
23.67.238.142	192.168.7.25	1448
23.67.238.142	192.168.7.25	1448
23.67.238.142	192.168.7.25	1448
23.67.238.142	192.168.7.25	1448
23.67.238.142	192.168.7.25	1168
23.67.238.142	192.168.7.25	1448
23.67.238.142	192.168.7.25	1448
23.67.238.142	192.168.7.25	1448
192.168.7.25	23.67.238.142	0
192.168.7.25	23.67.238.142	0
192.168.7.25	23.67.238.142	0
192.168.7.25	96.16.209.82	0
192.168.7.25	23.67.238.142	0
192.168.7.25	23.67.238.142	0
192.168.7.25	23.67.238.142	0
192.168.7.25	23.67.238.142	0
23.67.238.142	192.168.7.25	1448
23.67.238.142	192.168.7.25	1448
23.67.238.142	192.168.7.25	1448
192.168.7.25	23.67.238.142	0
192.168.7.25	23.67.238.142	0
23.67.238.142	192.168.7.25	1448
23.67.238.142	192.168.7.25	1448
23.67.238.142	192.168.7.25	1448
192.168.7.25	23.67.238.142	0
192.168.7.25	23.67.238.142	0
23.67.238.142	192.168.7.25	1448
23.67.238.142	192.168.7.25	1448
23.67.238.142	192.168.7.25	1448
23.67.238.142	192.168.7.25	1448
23.67.238.142	192.168.7.25	1448
192.168.7.25	23.67.238.142	0
192.168.7.25	23.67.238.142	0
192.168.7.25	23.67.238.142	0
23.67.238.142	192.168.7.25	1448
23.67.238.142	192.168.7.25	1448
23.67.238.142	192.168.7.25	1448
192.168.7.25	23.67.238.142	0
192.168.7.25	23.67.238.142	0
23.67.238.142	192.168.7.25	1448
23.67.238.142	192.168.7.25	1448
23.67.238.142	192.168.7.25	1448
192.168.7.25	23.67.238.142	0
192.168.7.25	23.67.238.142	0
23.67.238.142	192.168.7.25	1448
23.67.238.142	192.168.7.25	1448
23.67.238.142	192.168.7.25	1448
23.67.238.142	192.168.7.25	1448
192.168.7.25	23.67.238.142	0
192.168.7.25	23.67.238.142	0
192.168.7.25	23.67.238.142	0
23.67.238.142	192.168.7.25	1448
23.67.238.142	192.168.7.25	1448
23.67.238.142	192.168.7.25	1448
192.168.7.25	23.67.238.142	0
192.168.7.25	23.67.238.142	0
192.168.7.25	96.16.209.82	137
172.217.9.8	192.168.7.25	564
192.168.7.25	172.217.9.8	0
192.168.7.25	172.217.9.8	31
172.217.9.8	192.168.7.25	31
192.168.7.25	172.217.9.8	0
23.67.238.142	192.168.7.25	1448
23.67.238.142	192.168.7.25	1448
23.67.238.142	192.168.7.25	1448
23.67.238.142	192.168.7.25	1448
23.67.238.142	192.168.7.25	1448
96.16.209.82	192.168.7.25	522
23.67.238.142	192.168.7.25	1448
23.67.238.142	192.168.7.25	1448
23.67.238.142	192.168.7.25	1448
192.168.7.25	23.67.238.142	0
192.168.7.25	23.67.238.142	0
192.168.7.25	23.67.238.142	0
192.168.7.25	96.16.209.82	0
192.168.7.25	23.67.238.142	0
192.168.7.25	23.67.238.142	0
23.67.238.142	192.168.7.25	1448
23.67.238.142	192.168.7.25	1448
23.67.238.142	192.168.7.25	1448
23.67.238.142	192.168.7.25	1448
23.67.238.142	192.168.7.25	1448
23.67.238.142	192.168.7.25	1448
23.67.238.142	192.168.7.25	1448
23.67.238.142	192.168.7.25	1448
23.67.238.142	192.168.7.25	1448
23.67.238.142	192.168.7.25	1448
192.168.7.25	23.67.238.142	0
192.168.7.25	23.67.238.142	0
192.168.7.25	23.67.238.142	0
192.168.7.25	23.67.238.142	0
192.168.7.25	23.67.238.142	0
192.168.7.25	23.67.238.142	0
192.168.7.25	96.16.209.82	42
23.67.238.142	192.168.7.25	1448
23.67.238.142	192.168.7.25	1448
23.67.238.142	192.168.7.25	1448
23.67.238.142	192.168.7.25	1448
23.67.238.142	192.168.7.25	1448
23.67.238.142	192.168.7.25	1448
23.67.238.142	192.168.7.25	1448
23.67.238.142	192.168.7.25	1448
192.168.7.25	23.67.238.142	0
192.168.7.25	23.67.238.142	0
192.168.7.25	23.67.238.142	0
192.168.7.25	23.67.238.142	0
192.168.7.25	23.67.238.142	0
23.67.238.142	192.168.7.25	1448
96.16.209.82	192.168.7.25	0
23.67.238.142	192.168.7.25	1448
23.67.238.142	192.168.7.25	1448
23.67.238.142	192.168.7.25	1448
23.67.238.142	192.168.7.25	1448
23.67.238.142	192.168.7.25	1448
23.67.238.142	192.168.7.25	1448
23.67.238.142	192.168.7.25	1448
192.168.7.25	23.67.238.142	0
192.168.7.25	23.67.238.142	0
192.168.7.25	23.67.238.142	0
192.168.7.25	23.67.238.142	0
192.168.7.25	23.67.238.142	0
23.67.238.142	192.168.7.25	1448
23.67.238.142	192.168.7.25	1448
23.67.238.142	192.168.7.25	1448
192.168.7.25	23.67.238.142	0
23.67.238.142	192.168.7.25	1448
23.67.238.142	192.168.7.25	1448
23.67.238.142	192.168.7.25	1448
23.67.238.142	192.168.7.25	1448
23.67.238.142	192.168.7.25	1448
23.67.238.142	192.168.7.25	1448
23.67.238.142	192.168.7.25	1448
23.67.238.142	192.168.7.25	1448
23.67.238.142	192.168.7.25	1448
192.168.7.25	23.67.238.142	0
192.168.7.25	23.67.238.142	0
192.168.7.25	23.67.238.142	0
192.168.7.25	23.67.238.142	0
192.168.7.25	23.67.238.142	0
23.67.238.142	192.168.7.25	1448
172.217.9.8	192.168.7.25	336
23.67.238.142	192.168.7.25	1448
192.168.7.25	172.217.9.8	0
192.168.7.25	23.67.238.142	0
23.67.238.142	192.168.7.25	1448
192.168.7.25	23.67.238.142	0
192.168.7.25	23.67.238.142	0
23.67.238.142	192.168.7.25	1448
23.67.238.142	192.168.7.25	1448
23.67.238.142	192.168.7.25	1448
172.217.9.8	192.168.7.25	1418
23.67.238.142	192.168.7.25	1448
23.67.238.142	192.168.7.25	1448
172.217.9.8	192.168.7.25	1418
172.217.9.8	192.168.7.25	1418
192.168.7.25	172.217.9.8	0
192.168.7.25	23.67.238.142	0
192.168.7.25	23.67.238.142	0
192.168.7.25	172.217.9.8	0
192.168.7.25	172.217.9.8	0
192.168.7.25	23.67.238.142	0
23.67.238.142	192.168.7.25	1448
23.67.238.142	192.168.7.25	1448
23.67.238.142	192.168.7.25	1448
172.217.9.8	192.168.7.25	1418
23.67.238.142	192.168.7.25	1448
23.67.238.142	192.168.7.25	1448
23.67.238.142	192.168.7.25	1448
23.67.238.142	192.168.7.25	1448
192.168.7.25	23.67.238.142	0
192.168.7.25	23.67.238.142	0
192.168.7.25	23.67.238.142	0
192.168.7.25	172.217.9.8	0
192.168.7.25	23.67.238.142	0
172.217.9.8	192.168.7.25	1418
23.67.238.142	192.168.7.25	1448
23.67.238.142	192.168.7.25	1448
23.67.238.142	192.168.7.25	1448
172.217.9.8	192.168.7.25	1418
192.168.7.25	172.217.9.8	0
192.168.7.25	23.67.238.142	0
23.67.238.142	192.168.7.25	1448
23.67.238.142	192.168.7.25	1448
23.67.238.142	192.168.7.25	1448
23.67.238.142	192.168.7.25	1448
172.217.9.8	192.168.7.25	1418
23.67.238.142	192.168.7.25	1448
192.168.7.25	23.67.238.142	0
192.168.7.25	23.67.238.142	0
192.168.7.25	23.67.238.142	0
192.168.7.25	172.217.9.8	0
192.168.7.25	23.67.238.142	0
23.67.238.142	192.168.7.25	1448
23.67.238.142	192.168.7.25	1448
23.67.238.142	192.168.7.25	1448
192.168.7.25	23.67.238.142	0
192.168.7.25	23.67.238.142	0
96.16.209.82	192.168.7.25	522
172.217.9.8	192.168.7.25	1418
172.217.9.8	192.168.7.25	1418
23.67.238.142	192.168.7.25	1448
23.67.238.142	192.168.7.25	1448
192.168.7.25	172.217.9.8	0
192.168.7.25	23.67.238.142	0
192.168.7.25	96.16.209.82	0
23.67.238.142	192.168.7.25	1448
23.67.238.142	192.168.7.25	1448
23.67.238.142	192.168.7.25	1448
192.168.7.25	23.67.238.142	0
192.168.7.25	172.217.9.8	0
192.168.7.25	23.67.238.142	0
23.67.238.142	192.168.7.25	1448
23.67.238.142	192.168.7.25	1448
172.217.9.8	192.168.7.25	1418
172.217.9.8	192.168.7.25	1418
23.67.238.142	192.168.7.25	1448
172.217.9.8	192.168.7.25	1418
172.217.9.8	192.168.7.25	1418
172.217.9.8	192.168.7.25	1418
192.168.7.25	172.217.9.8	0
192.168.7.25	172.217.9.8	0
192.168.7.25	23.67.238.142	0
192.168.7.25	172.217.9.8	0
192.168.7.25	172.217.9.8	0
192.168.7.25	23.67.238.142	0
172.217.9.8	192.168.7.25	1418
172.217.9.8	192.168.7.25	1418
192.168.7.25	172.217.9.8	0
192.168.7.25	172.217.9.8	0
172.217.9.8	192.168.7.25	1418
172.217.9.8	192.168.7.25	1418
172.217.9.8	192.168.7.25	1418
192.168.7.25	172.217.9.8	0
192.168.7.25	172.217.9.8	0
172.217.9.8	192.168.7.25	168
23.67.238.142	192.168.7.25	1448
23.67.238.142	192.168.7.25	1448
23.67.238.142	192.168.7.25	1448
23.67.238.142	192.168.7.25	1448
23.67.238.142	192.168.7.25	1448
23.67.238.142	192.168.7.25	1448
23.67.238.142	192.168.7.25	1448
23.67.238.142	192.168.7.25	1448
23.67.238.142	192.168.7.25	1448
192.168.7.25	172.217.9.8	0
192.168.7.25	23.67.238.142	0
192.168.7.25	23.67.238.142	0
192.168.7.25	23.67.238.142	0
192.168.7.25	23.67.238.142	0
23.67.238.142	192.168.7.25	1448
23.67.238.142	192.168.7.25	1448
23.67.238.142	192.168.7.25	1448
23.67.238.142	192.168.7.25	1448
23.67.238.142	192.168.7.25	1448
23.67.238.142	192.168.7.25	1448
192.168.7.25	23.67.238.142	0
192.168.7.25	23.67.238.142	0
192.168.7.25	23.67.238.142	0
23.67.238.142	192.168.7.25	1448
23.67.238.142	192.168.7.25	1448
23.67.238.142	192.168.7.25	1448
23.67.238.142	192.168.7.25	1448
23.67.238.142	192.168.7.25	1448
23.67.238.142	192.168.7.25	1448
23.67.238.142	192.168.7.25	1448
23.67.238.142	192.168.7.25	1448
192.168.7.25	23.67.238.142	0
192.168.7.25	23.67.238.142	0
192.168.7.25	23.67.238.142	0
192.168.7.25	23.67.238.142	0
23.67.238.142	192.168.7.25	1448
23.67.238.142	192.168.7.25	1448
23.67.238.142	192.168.7.25	1448
23.67.238.142	192.168.7.25	1448
23.67.238.142	192.168.7.25	1448
23.67.238.142	192.168.7.25	704
192.168.7.25	23.67.238.142	0
192.168.7.25	23.67.238.142	0
192.168.7.25	23.67.238.142	0
192.168.7.25	23.67.238.142	0
23.67.238.142	192.168.7.25	1448
23.67.238.142	192.168.7.25	1448
23.67.238.142	192.168.7.25	1448
192.168.7.25	23.67.238.142	0
23.67.238.142	192.168.7.25	1448
23.67.238.142	192.168.7.25	1448
23.67.238.142	192.168.7.25	1448
23.67.238.142	192.168.7.25	1448
23.67.238.142	192.168.7.25	744
192.168.7.25	23.67.238.142	0
192.168.7.25	23.67.238.142	0
192.168.7.25	23.67.238.142	0
192.168.7.25	23.67.238.142	0
23.67.238.142	192.168.7.25	1448
23.67.238.142	192.168.7.25	1448
23.67.238.142	192.168.7.25	1448
23.67.238.142	192.168.7.25	1448
23.67.238.142	192.168.7.25	1448
23.67.238.142	192.168.7.25	1448
23.67.238.142	192.168.7.25	1448
23.67.238.142	192.168.7.25	1448
192.168.7.25	23.67.238.142	0
192.168.7.25	23.67.238.142	0
192.168.7.25	23.67.238.142	0
192.168.7.25	23.67.238.142	0
192.168.7.25	172.217.9.8	39
23.67.238.142	192.168.7.25	720
23.67.238.142	192.168.7.25	1448
23.67.238.142	192.168.7.25	1448
23.67.238.142	192.168.7.25	1448
23.67.238.142	192.168.7.25	1448
23.67.238.142	192.168.7.25	1448
23.67.238.142	192.168.7.25	1448
23.67.238.142	192.168.7.25	1448
192.168.7.25	23.67.238.142	0
192.168.7.25	23.67.238.142	0
192.168.7.25	23.67.238.142	0
192.168.7.25	23.67.238.142	0
23.67.238.142	192.168.7.25	1448
23.67.238.142	192.168.7.25	1448
23.67.238.142	192.168.7.25	1448
23.67.238.142	192.168.7.25	1448
23.67.238.142	192.168.7.25	1448
23.67.238.142	192.168.7.25	1448
23.67.238.142	192.168.7.25	1448
23.67.238.142	192.168.7.25	1448
23.67.238.142	192.168.7.25	1448
23.67.238.142	192.168.7.25	1448
192.168.7.25	23.67.238.142	0
192.168.7.25	23.67.238.142	0
192.168.7.25	23.67.238.142	0
192.168.7.25	23.67.238.142	0
23.67.238.142	192.168.7.25	1448
23.67.238.142	192.168.7.25	1448
23.67.238.142	192.168.7.25	1448
23.67.238.142	192.168.7.25	1448
192.168.7.25	23.67.238.142	0
192.168.7.25	23.67.238.142	0
192.168.7.25	23.67.238.142	0
192.168.7.25	23.67.238.142	0
192.168.7.25	23.67.238.142	0
23.67.238.142	192.168.7.25	1448
34.210.145.79	192.168.7.25	51
23.67.238.142	192.168.7.25	1448
23.67.238.142	192.168.7.25	1448
23.67.238.142	192.168.7.25	1448
23.67.238.142	192.168.7.25	1448
23.67.238.142	192.168.7.25	1448
23.67.238.142	192.168.7.25	32
23.67.238.142	192.168.7.25	1448
192.168.7.25	23.67.238.142	0
192.168.7.25	23.67.238.142	0
192.168.7.25	23.67.238.142	0
192.168.7.25	23.67.238.142	0
192.168.7.25	34.210.145.79	0
192.168.7.25	23.67.238.142	0
23.67.238.142	192.168.7.25	1448
23.67.238.142	192.168.7.25	1448
23.67.238.142	192.168.7.25	1448
23.67.238.142	192.168.7.25	1448
23.67.238.142	192.168.7.25	1448
23.67.238.142	192.168.7.25	1448
192.168.7.25	23.67.238.142	0
192.168.7.25	23.67.238.142	0
192.168.7.25	23.67.238.142	0
23.67.238.142	192.168.7.25	1448
23.67.238.142	192.168.7.25	1448
23.67.238.142	192.168.7.25	696
23.67.238.142	192.168.7.25	1448
23.67.238.142	192.168.7.25	1448
23.67.238.142	192.168.7.25	1448
23.67.238.142	192.168.7.25	1448
23.67.238.142	192.168.7.25	1448
192.168.7.25	23.67.238.142	0
192.168.7.25	23.67.238.142	0
192.168.7.25	23.67.238.142	0
192.168.7.25	23.67.238.142	0
23.67.238.142	192.168.7.25	1448
23.67.238.142	192.168.7.25	704
23.67.238.142	192.168.7.25	1448
23.67.238.142	192.168.7.25	1448
23.67.238.142	192.168.7.25	1448
23.67.238.142	192.168.7.25	48
192.168.7.25	23.67.238.142	0
192.168.7.25	23.67.238.142	0
192.168.7.25	23.67.238.142	0
192.168.7.25	23.67.238.142	0
23.67.238.142	192.168.7.25	1448
192.168.7.25	23.67.238.142	0
23.67.238.142	192.168.7.25	1448
23.67.238.142	192.168.7.25	1448
23.67.238.142	192.168.7.25	1448
23.67.238.142	192.168.7.25	1448
23.67.238.142	192.168.7.25	1448
23.67.238.142	192.168.7.25	1448
192.168.7.25	23.67.238.142	0
192.168.7.25	23.67.238.142	0
192.168.7.25	23.67.238.142	0
192.168.7.25	23.67.238.142	0
23.67.238.142	192.168.7.25	1448
23.67.238.142	192.168.7.25	1448
23.67.238.142	192.168.7.25	1448
23.67.238.142	192.168.7.25	1448
23.67.238.142	192.168.7.25	1448
23.67.238.142	192.168.7.25	1448
192.168.7.25	23.67.238.142	0
192.168.7.25	23.67.238.142	0
192.168.7.25	23.67.238.142	0
192.168.7.25	23.67.238.142	0
23.67.238.142	192.168.7.25	1448
23.67.238.142	192.168.7.25	1448
23.67.238.142	192.168.7.25	1448
23.67.238.142	192.168.7.25	1448
23.67.238.142	192.168.7.25	1448
23.67.238.142	192.168.7.25	1448
192.168.7.25	23.67.238.142	0
192.168.7.25	23.67.238.142	0
192.168.7.25	23.67.238.142	0
192.168.7.25	23.67.238.142	0
192.168.7.25	23.67.238.142	0
192.168.7.25	23.67.238.142	0
23.67.238.142	192.168.7.25	1448
23.67.238.142	192.168.7.25	1448
23.67.238.142	192.168.7.25	1448
23.67.238.142	192.168.7.25	1448
192.168.7.25	23.67.238.142	0
192.168.7.25	23.67.238.142	0
192.168.7.25	23.67.238.142	0
192.168.7.25	23.67.238.142	0
23.67.238.142	192.168.7.25	1448
23.67.238.142	192.168.7.25	1448
192.168.7.25	23.67.238.142	0
192.168.7.25	23.67.238.142	0
23.67.238.142	192.168.7.25	1448
23.67.238.142	192.168.7.25	1448
192.168.7.25	23.67.238.142	0
192.168.7.25	23.67.238.142	0
23.67.238.142	192.168.7.25	1448
23.67.238.142	192.168.7.25	1448
23.67.238.142	192.168.7.25	1448
23.67.238.142	192.168.7.25	1448
23.67.238.142	192.168.7.25	1448
23.67.238.142	192.168.7.25	1448
23.67.238.142	192.168.7.25	1448
23.67.238.142	192.168.7.25	1448
192.168.7.25	23.67.238.142	0
192.168.7.25	23.67.238.142	0
192.168.7.25	23.67.238.142	0
192.168.7.25	23.67.238.142	0
192.168.7.25	23.67.238.142	0
23.67.238.142	192.168.7.25	1448
23.67.238.142	192.168.7.25	1448
23.67.238.142	192.168.7.25	1448
23.67.238.142	192.168.7.25	1448
23.67.238.142	192.168.7.25	1448
192.168.7.25	23.67.238.142	0
192.168.7.25	23.67.238.142	0
192.168.7.25	23.67.238.142	0
192.168.7.25	96.16.209.82	42
23.67.238.142	192.168.7.25	1448
23.67.238.142	192.168.7.25	1448
23.67.238.142	192.168.7.25	1448
23.67.238.142	192.168.7.25	1448
23.67.238.142	192.168.7.25	696
23.67.238.142	192.168.7.25	1448
23.67.238.142	192.168.7.25	1448
23.67.238.142	192.168.7.25	1448
192.168.7.25	23.67.238.142	0
192.168.7.25	23.67.238.142	0
192.168.7.25	23.67.238.142	0
192.168.7.25	23.67.238.142	0
192.168.7.25	23.67.238.142	0
23.67.238.142	192.168.7.25	1448
23.67.238.142	192.168.7.25	1448
23.67.238.142	192.168.7.25	1448
23.67.238.142	192.168.7.25	1448
23.67.238.142	192.168.7.25	1448
23.67.238.142	192.168.7.25	1448
192.168.7.25	23.67.238.142	0
192.168.7.25	23.67.238.142	0
192.168.7.25	23.67.238.142	0
192.168.7.25	23.67.238.142	0
23.67.238.142	192.168.7.25	1448
23.67.238.142	192.168.7.25	1448
23.67.238.142	192.168.7.25	1448
23.67.238.142	192.168.7.25	1448
192.168.7.25	23.67.238.142	0
192.168.7.25	23.67.238.142	0
192.168.7.25	23.67.238.142	0
23.67.238.142	192.168.7.25	1448
23.67.238.142	192.168.7.25	1448
23.67.238.142	192.168.7.25	1448
23.67.238.142	192.168.7.25	1448
23.67.238.142	192.168.7.25	1448
96.16.209.82	192.168.7.25	0
23.67.238.142	192.168.7.25	1448
192.168.7.25	23.67.238.142	0
192.168.7.25	23.67.238.142	0
192.168.7.25	23.67.238.142	0
192.168.7.25	23.67.238.142	0
23.67.238.142	192.168.7.25	1448
23.67.238.142	192.168.7.25	1448
23.67.238.142	192.168.7.25	1448
23.67.238.142	192.168.7.25	1448
23.67.238.142	192.168.7.25	1448
23.67.238.142	192.168.7.25	1448
192.168.7.25	23.67.238.142	0
192.168.7.25	23.67.238.142	0
192.168.7.25	23.67.238.142	0
192.168.7.25	23.67.238.142	0
23.67.238.142	192.168.7.25	1448
23.67.238.142	192.168.7.25	1448
23.67.238.142	192.168.7.25	1448
23.67.238.142	192.168.7.25	1448
192.168.7.25	23.67.238.142	0
192.168.7.25	23.67.238.142	0
192.168.7.25	23.67.238.142	0
23.67.238.142	192.168.7.25	1448
23.67.238.142	192.168.7.25	1448
23.67.238.142	192.168.7.25	1448
23.67.238.142	192.168.7.25	1448
23.67.238.142	192.168.7.25	1448
23.67.238.142	192.168.7.25	1448
23.67.238.142	192.168.7.25	1448
23.67.238.142	192.168.7.25	1448
192.168.7.25	23.67.238.142	0
192.168.7.25	23.67.238.142	0
192.168.7.25	23.67.238.142	0
192.168.7.25	23.67.238.142	0
192.168.7.25	23.67.238.142	0
23.67.238.142	192.168.7.25	1448
23.67.238.142	192.168.7.25	1448
23.67.238.142	192.168.7.25	1448
23.67.238.142	192.168.7.25	1448
23.67.238.142	192.168.7.25	1448
23.67.238.142	192.168.7.25	1448
23.67.238.142	192.168.7.25	1448
192.168.7.25	23.67.238.142	0
192.168.7.25	23.67.238.142	0
192.168.7.25	23.67.238.142	0
192.168.7.25	23.67.238.142	0
23.67.238.142	192.168.7.25	1448
23.67.238.142	192.168.7.25	1448
23.67.238.142	192.168.7.25	1448
23.67.238.142	192.168.7.25	1448
23.67.238.142	192.168.7.25	1448
192.168.7.25	23.67.238.142	0
192.168.7.25	23.67.238.142	0
192.168.7.25	23.67.238.142	0
192.168.7.25	23.67.238.142	0
192.168.7.25	23.67.238.142	389
23.67.238.142	192.168.7.25	1448
23.67.238.142	192.168.7.25	1448
23.67.238.142	192.168.7.25	1448
23.67.238.142	192.168.7.25	1448
23.67.238.142	192.168.7.25	1448
192.168.7.25	23.67.238.142	0
192.168.7.25	23.67.238.142	0
192.168.7.25	23.67.238.142	0
192.168.7.25	23.67.238.142	386
23.67.238.142	192.168.7.25	1448
23.67.238.142	192.168.7.25	1448
23.67.238.142	192.168.7.25	1448
23.67.238.142	192.168.7.25	1448
23.67.238.142	192.168.7.25	1448
192.168.7.25	23.67.238.142	0
192.168.7.25	23.67.238.142	0
23.67.238.142	192.168.7.25	1448
23.67.238.142	192.168.7.25	1448
23.67.238.142	192.168.7.25	1448
23.67.238.142	192.168.7.25	1448
192.168.7.25	23.67.238.142	0
192.168.7.25	23.67.238.142	0
192.168.7.25	23.67.238.142	0
23.67.238.142	192.168.7.25	1448
23.67.238.142	192.168.7.25	1448
23.67.238.142	192.168.7.25	1448
23.67.238.142	192.168.7.25	1448
23.67.238.142	192.168.7.25	1448
23.67.238.142	192.168.7.25	1448
23.67.238.142	192.168.7.25	1448
192.168.7.25	23.67.238.142	0
192.168.7.25	23.67.238.142	0
192.168.7.25	23.67.238.142	0
192.168.7.25	23.67.238.142	0
192.168.7.25	23.67.238.142	326
192.168.7.25	23.67.238.142	322
23.67.238.142	192.168.7.25	1448
23.67.238.142	192.168.7.25	1448
23.67.238.142	192.168.7.25	1448
23.67.238.142	192.168.7.25	1448
23.67.238.142	192.168.7.25	1448
23.67.238.142	192.168.7.25	1448
23.67.238.142	192.168.7.25	1448
192.168.7.25	23.67.238.142	0
192.168.7.25	23.67.238.142	0
192.168.7.25	23.67.238.142	0
192.168.7.25	23.67.238.142	0
23.67.238.142	192.168.7.25	1448
23.67.238.142	192.168.7.25	1448
23.67.238.142	192.168.7.25	1448
23.67.238.142	192.168.7.25	1448
23.67.238.142	192.168.7.25	1448
192.168.7.25	23.67.238.142	0
192.168.7.25	23.67.238.142	0
23.67.238.142	192.168.7.25	1448
23.67.238.142	192.168.7.25	1448
192.168.7.25	23.67.238.142	0
192.168.7.25	23.67.238.142	0
23.67.238.142	192.168.7.25	1448
23.67.238.142	192.168.7.25	1448
23.67.238.142	192.168.7.25	1448
23.67.238.142	192.168.7.25	1448
23.67.238.142	192.168.7.25	1448
23.67.238.142	192.168.7.25	1448
23.67.238.142	192.168.7.25	1448
192.168.7.25	23.67.238.142	0
192.168.7.25	23.67.238.142	0
192.168.7.25	23.67.238.142	0
23.67.238.142	192.168.7.25	1448
23.67.238.142	192.168.7.25	1448
23.67.238.142	192.168.7.25	1448
23.67.238.142	192.168.7.25	1448
34.210.145.79	192.168.7.25	393
192.168.7.25	23.67.238.142	0
192.168.7.25	23.67.238.142	0
192.168.7.25	23.67.238.142	0
192.168.7.25	34.210.145.79	0
23.67.238.142	192.168.7.25	1448
23.67.238.142	192.168.7.25	1448
23.67.238.142	192.168.7.25	1448
23.67.238.142	192.168.7.25	1448
23.67.238.142	192.168.7.25	1448
23.67.238.142	192.168.7.25	1448
23.67.238.142	192.168.7.25	1448
23.67.238.142	192.168.7.25	1448
192.168.7.25	23.67.238.142	0
192.168.7.25	23.67.238.142	0
192.168.7.25	23.67.238.142	0
192.168.7.25	23.67.238.142	0
23.67.238.142	192.168.7.25	1448
23.67.238.142	192.168.7.25	1448
96.16.209.82	192.168.7.25	0
192.168.7.25	23.67.238.142	0
192.168.7.25	23.67.238.142	0
23.67.238.142	192.168.7.25	1448
23.67.238.142	192.168.7.25	1448
23.67.238.142	192.168.7.25	1448
23.67.238.142	192.168.7.25	1448
23.67.238.142	192.168.7.25	1448
192.168.7.25	23.67.238.142	0
192.168.7.25	23.67.238.142	0
23.67.238.142	192.168.7.25	1448
23.67.238.142	192.168.7.25	1448
23.67.238.142	192.168.7.25	1448
23.67.238.142	192.168.7.25	1448
23.67.238.142	192.168.7.25	1448
192.168.7.25	23.67.238.142	0
192.168.7.25	23.67.238.142	0
192.168.7.25	23.67.238.142	0
192.168.7.25	23.67.238.142	0
23.67.238.142	192.168.7.25	1448
23.67.238.142	192.168.7.25	1448
23.67.238.142	192.168.7.25	1448
23.67.238.142	192.168.7.25	1448
23.67.238.142	192.168.7.25	1448
23.67.238.142	192.168.7.25	1448
23.67.238.142	192.168.7.25	1448
23.67.238.142	192.168.7.25	1448
192.168.7.25	23.67.238.142	0
192.168.7.25	23.67.238.142	0
192.168.7.25	23.67.238.142	0
192.168.7.25	23.67.238.142	0
192.168.7.25	23.67.238.142	0
23.67.238.142	192.168.7.25	1448
23.67.238.142	192.168.7.25	1448
23.67.238.142	192.168.7.25	1448
23.67.238.142	192.168.7.25	1448
23.67.238.142	192.168.7.25	1448
23.67.238.142	192.168.7.25	1448
23.67.238.142	192.168.7.25	1448
23.67.238.142	192.168.7.25	1448
23.67.238.142	192.168.7.25	1448
23.67.238.142	192.168.7.25	1448
192.168.7.25	23.67.238.142	0
192.168.7.25	23.67.238.142	0
192.168.7.25	23.67.238.142	0
192.168.7.25	23.67.238.142	0
192.168.7.25	23.67.238.142	0
192.168.7.25	23.67.238.142	0
23.67.238.142	192.168.7.25	1448
23.67.238.142	192.168.7.25	1448
23.67.238.142	192.168.7.25	1448
23.67.238.142	192.168.7.25	1448
23.67.238.142	192.168.7.25	1448
23.67.238.142	192.168.7.25	1448
192.168.7.25	23.67.238.142	0
192.168.7.25	23.67.238.142	0
192.168.7.25	23.67.238.142	0
23.67.238.142	192.168.7.25	1448
23.67.238.142	192.168.7.25	1448
23.67.238.142	192.168.7.25	1448
192.168.7.25	23.67.238.142	0
192.168.7.25	23.67.238.142	0
23.67.238.142	192.168.7.25	1448
23.67.238.142	192.168.7.25	1448
23.67.238.142	192.168.7.25	1448
23.67.238.142	192.168.7.25	1448
23.67.238.142	192.168.7.25	1448
23.67.238.142	192.168.7.25	1448
23.67.238.142	192.168.7.25	1448
23.67.238.142	192.168.7.25	1448
192.168.7.25	23.67.238.142	0
192.168.7.25	23.67.238.142	0
192.168.7.25	23.67.238.142	0
192.168.7.25	23.67.238.142	0
23.67.238.142	192.168.7.25	1448
23.67.238.142	192.168.7.25	1448
23.67.238.142	192.168.7.25	1448
192.168.7.25	23.67.238.142	0
192.168.7.25	23.67.238.142	0
23.67.238.142	192.168.7.25	1448
23.67.238.142	192.168.7.25	1448
23.67.238.142	192.168.7.25	1448
23.67.238.142	192.168.7.25	1448
23.67.238.142	192.168.7.25	1448
192.168.7.25	23.67.238.142	0
192.168.7.25	23.67.238.142	0
23.67.238.142	192.168.7.25	1448
23.67.238.142	192.168.7.25	1448
23.67.238.142	192.168.7.25	1448
23.67.238.142	192.168.7.25	1448
23.67.238.142	192.168.7.25	1448
192.168.7.25	23.67.238.142	0
192.168.7.25	23.67.238.142	0
192.168.7.25	23.67.238.142	0
192.168.7.25	23.67.238.142	0
23.67.238.142	192.168.7.25	1448
23.67.238.142	192.168.7.25	1448
192.168.7.25	23.67.238.142	0
192.168.7.25	23.67.238.142	0
23.67.238.142	192.168.7.25	1448
23.67.238.142	192.168.7.25	1448
23.67.238.142	192.168.7.25	1448
23.67.238.142	192.168.7.25	1448
23.67.238.142	192.168.7.25	1448
192.168.7.25	23.67.238.142	0
192.168.7.25	23.67.238.142	0
23.67.238.142	192.168.7.25	1448
23.67.238.142	192.168.7.25	1448
23.67.238.142	192.168.7.25	1448
23.67.238.142	192.168.7.25	1448
192.168.7.25	23.67.238.142	0
192.168.7.25	23.67.238.142	0
192.168.7.25	23.67.238.142	0
23.67.238.142	192.168.7.25	1448
172.217.9.8	192.168.7.25	0
23.67.238.142	192.168.7.25	1448
23.67.238.142	192.168.7.25	1448
23.67.238.142	192.168.7.25	1448
23.67.238.142	192.168.7.25	1448
23.67.238.142	192.168.7.25	1448
23.67.238.142	192.168.7.25	1448
23.67.238.142	192.168.7.25	1448
23.67.238.142	192.168.7.25	1448
192.168.7.25	23.67.238.142	0
192.168.7.25	23.67.238.142	0
192.168.7.25	23.67.238.142	0
192.168.7.25	23.67.238.142	0
192.168.7.25	23.67.238.142	0
23.67.238.142	192.168.7.25	1448
23.67.238.142	192.168.7.25	1448
23.67.238.142	192.168.7.25	595
23.67.238.142	192.168.7.25	1448
23.67.238.142	192.168.7.25	1448
23.67.238.142	192.168.7.25	1448
192.168.7.25	23.67.238.142	0
192.168.7.25	23.67.238.142	0
192.168.7.25	23.67.238.142	0
23.67.238.142	192.168.7.25	493
192.168.7.25	23.67.238.142	0
192.168.7.25	23.67.238.142	0
23.67.238.142	192.168.7.25	1448
23.67.238.142	192.168.7.25	1448
23.67.238.142	192.168.7.25	0
192.168.7.25	23.67.238.142	0
192.168.7.25	23.67.238.142	0
23.67.238.142	192.168.7.25	1448
23.67.238.142	192.168.7.25	1448
23.67.238.142	192.168.7.25	1448
23.67.238.142	192.168.7.25	1448
23.67.238.142	192.168.7.25	1448
23.67.238.142	192.168.7.25	1448
192.168.7.25	23.67.238.142	0
192.168.7.25	23.67.238.142	0
192.168.7.25	23.67.238.142	0
23.67.238.142	192.168.7.25	1448
23.67.238.142	192.168.7.25	1448
23.67.238.142	192.168.7.25	1448
23.67.238.142	192.168.7.25	1448
192.168.7.25	23.67.238.142	0
192.168.7.25	23.67.238.142	0
192.168.7.25	23.67.238.142	0
23.67.238.142	192.168.7.25	1448
23.67.238.142	192.168.7.25	1448
23.67.238.142	192.168.7.25	1448
23.67.238.142	192.168.7.25	1448
23.67.238.142	192.168.7.25	1448
23.67.238.142	192.168.7.25	1448
192.168.7.25	23.67.238.142	0
192.168.7.25	23.67.238.142	0
192.168.7.25	23.67.238.142	0
23.67.238.142	192.168.7.25	1448
23.67.238.142	192.168.7.25	1448
23.67.238.142	192.168.7.25	1448
23.67.238.142	192.168.7.25	1448
192.168.7.25	23.67.238.142	0
192.168.7.25	23.67.238.142	0
192.168.7.25	23.67.238.142	0
23.67.238.142	192.168.7.25	1448
23.67.238.142	192.168.7.25	1448
23.67.238.142	192.168.7.25	1448
23.67.238.142	192.168.7.25	1448
23.67.238.142	192.168.7.25	1448
23.67.238.142	192.168.7.25	1448
23.67.238.142	192.168.7.25	1448
23.67.238.142	192.168.7.25	1448
192.168.7.25	23.67.238.142	0
192.168.7.25	23.67.238.142	0
192.168.7.25	23.67.238.142	0
192.168.7.25	23.67.238.142	0
23.67.238.142	192.168.7.25	1448
192.168.7.25	23.67.238.142	0
23.67.238.142	192.168.7.25	1448
23.67.238.142	192.168.7.25	1448
23.67.238.142	192.168.7.25	1448
23.67.238.142	192.168.7.25	1448
23.67.238.142	192.168.7.25	1448
23.67.238.142	192.168.7.25	1448
23.67.238.142	192.168.7.25	1448
23.67.238.142	192.168.7.25	1448
23.67.238.142	192.168.7.25	1448
192.168.7.25	23.67.238.142	0
192.168.7.25	23.67.238.142	0
192.168.7.25	23.67.238.142	0
192.168.7.25	23.67.238.142	0
192.168.7.25	23.67.238.142	0
23.67.238.142	192.168.7.25	643
23.67.238.142	192.168.7.25	1448
23.67.238.142	192.168.7.25	1448
23.67.238.142	192.168.7.25	1448
23.67.238.142	192.168.7.25	1448
192.168.7.25	23.67.238.142	0
192.168.7.25	23.67.238.142	0
23.67.238.142	192.168.7.25	1448
23.67.238.142	192.168.7.25	1448
23.67.238.142	192.168.7.25	1448
23.67.238.142	192.168.7.25	1448
23.67.238.142	192.168.7.25	734
192.168.7.25	23.67.238.142	0
192.168.7.25	23.67.238.142	0
192.168.7.25	23.67.238.142	0
23.67.238.142	192.168.7.25	1448
23.67.238.142	192.168.7.25	1448
23.67.238.142	192.168.7.25	1448
23.67.238.142	192.168.7.25	1448
23.67.238.142	192.168.7.25	1448
23.67.238.142	192.168.7.25	1448
23.67.238.142	192.168.7.25	1448
192.168.7.25	23.67.238.142	0
23.67.238.142	192.168.7.25	1448
23.67.238.142	192.168.7.25	1448
23.67.238.142	192.168.7.25	1448
23.67.238.142	192.168.7.25	1448
23.67.238.142	192.168.7.25	1448
23.67.238.142	192.168.7.25	1448
23.67.238.142	192.168.7.25	1448
23.67.238.142	192.168.7.25	1448
23.67.238.142	192.168.7.25	1448
23.67.238.142	192.168.7.25	1448
23.67.238.142	192.168.7.25	1448
23.67.238.142	192.168.7.25	1448
192.168.7.25	23.67.238.142	0
23.67.238.142	192.168.7.25	1448
23.67.238.142	192.168.7.25	1448
23.67.238.142	192.168.7.25	1448
23.67.238.142	192.168.7.25	1448
23.67.238.142	192.168.7.25	1448
23.67.238.142	192.168.7.25	1448
23.67.238.142	192.168.7.25	1448
23.67.238.142	192.168.7.25	1448
192.168.7.25	23.67.238.142	0
23.67.238.142	192.168.7.25	1448
23.67.238.142	192.168.7.25	1448
23.67.238.142	192.168.7.25	1448
23.67.238.142	192.168.7.25	1448
23.67.238.142	192.168.7.25	1448
192.168.7.25	23.67.238.142	0
23.67.238.142	192.168.7.25	1448
23.67.238.142	192.168.7.25	1448
23.67.238.142	192.168.7.25	1448
23.67.238.142	192.168.7.25	1448
23.67.238.142	192.168.7.25	1448
23.67.238.142	192.168.7.25	1448
23.67.238.142	192.168.7.25	1448
23.67.238.142	192.168.7.25	1448
192.168.7.25	23.67.238.142	0
192.168.7.25	23.67.238.142	0
192.168.7.25	23.67.238.142	0
23.67.238.142	192.168.7.25	1448
23.67.238.142	192.168.7.25	1448
23.67.238.142	192.168.7.25	1448
23.67.238.142	192.168.7.25	1448
23.67.238.142	192.168.7.25	1448
23.67.238.142	192.168.7.25	1448
23.67.238.142	192.168.7.25	1448
23.67.238.142	192.168.7.25	1448
23.67.238.142	192.168.7.25	1448
192.168.7.25	23.67.238.142	0
23.67.238.142	192.168.7.25	1448
23.67.238.142	192.168.7.25	1448
23.67.238.142	192.168.7.25	1448
23.67.238.142	192.168.7.25	1448
23.67.238.142	192.168.7.25	1448
23.67.238.142	192.168.7.25	1448
23.67.238.142	192.168.7.25	1448
23.67.238.142	192.168.7.25	1448
192.168.7.25	23.67.238.142	0
23.67.238.142	192.168.7.25	1448
23.67.238.142	192.168.7.25	1448
23.67.238.142	192.168.7.25	1448
23.67.238.142	192.168.7.25	1448
23.67.238.142	192.168.7.25	1448
23.67.238.142	192.168.7.25	1448
23.67.238.142	192.168.7.25	1448
23.67.238.142	192.168.7.25	1448
23.67.238.142	192.168.7.25	1448
23.67.238.142	192.168.7.25	1448
192.168.7.25	23.67.238.142	0
23.67.238.142	192.168.7.25	1448
23.67.238.142	192.168.7.25	1448
23.67.238.142	192.168.7.25	1448
23.67.238.142	192.168.7.25	1448
23.67.238.142	192.168.7.25	1448
23.67.238.142	192.168.7.25	1448
23.67.238.142	192.168.7.25	1448
192.168.7.25	23.67.238.142	0
23.67.238.142	192.168.7.25	1448
23.67.238.142	192.168.7.25	1448
23.67.238.142	192.168.7.25	1448
23.67.238.142	192.168.7.25	1448
23.67.238.142	192.168.7.25	1448
23.67.238.142	192.168.7.25	1448
23.67.238.142	192.168.7.25	1448
23.67.238.142	192.168.7.25	1448
23.67.238.142	192.168.7.25	1448
192.168.7.25	23.67.238.142	0
23.67.238.142	192.168.7.25	1448
23.67.238.142	192.168.7.25	1448
192.168.7.25	23.67.238.142	0
192.168.7.25	23.67.238.142	0
192.168.7.25	23.67.238.142	387
23.67.238.142	192.168.7.25	1448
23.67.238.142	192.168.7.25	1448
23.67.238.142	192.168.7.25	1448
23.67.238.142	192.168.7.25	1448
23.67.238.142	192.168.7.25	1448
23.67.238.142	192.168.7.25	1448
23.67.238.142	192.168.7.25	1448
23.67.238.142	192.168.7.25	1448
23.67.238.142	192.168.7.25	1448
192.168.7.25	23.67.238.142	0
23.67.238.142	192.168.7.25	1448
23.67.238.142	192.168.7.25	1448
23.67.238.142	192.168.7.25	1448
23.67.238.142	192.168.7.25	1448
23.67.238.142	192.168.7.25	1448
23.67.238.142	192.168.7.25	1448
23.67.238.142	192.168.7.25	1448
23.67.238.142	192.168.7.25	1448
23.67.238.142	192.168.7.25	1448
23.67.238.142	192.168.7.25	1448
23.67.238.142	192.168.7.25	1448
192.168.7.25	23.67.238.142	0
23.67.238.142	192.168.7.25	1448
23.67.238.142	192.168.7.25	1448
23.67.238.142	192.168.7.25	1448
23.67.238.142	192.168.7.25	1448
23.67.238.142	192.168.7.25	1448
192.168.7.25	23.67.238.142	0
23.67.238.142	192.168.7.25	1448
23.67.238.142	192.168.7.25	1448
23.67.238.142	192.168.7.25	1448
23.67.238.142	192.168.7.25	1448
23.67.238.142	192.168.7.25	1448
23.67.238.142	192.168.7.25	1448
23.67.238.142	192.168.7.25	1448
23.67.238.142	192.168.7.25	1448
23.67.238.142	192.168.7.25	1448
23.67.238.142	192.168.7.25	1448
23.67.238.142	192.168.7.25	1448
23.67.238.142	192.168.7.25	1448
192.168.7.25	23.67.238.142	0
23.67.238.142	192.168.7.25	1448
23.67.238.142	192.168.7.25	1448
23.67.238.142	192.168.7.25	1448
192.168.7.25	23.67.238.142	0
23.67.238.142	192.168.7.25	1448
23.67.238.142	192.168.7.25	1448
23.67.238.142	192.168.7.25	1448
23.67.238.142	192.168.7.25	1448
23.67.238.142	192.168.7.25	1448
23.67.238.142	192.168.7.25	1448
23.67.238.142	192.168.7.25	1448
23.67.238.142	192.168.7.25	1448
23.67.238.142	192.168.7.25	1448
23.67.238.142	192.168.7.25	1448
192.168.7.25	23.67.238.142	0
23.67.238.142	192.168.7.25	1448
23.67.238.142	192.168.7.25	1448
23.67.238.142	192.168.7.25	1448
23.67.238.142	192.168.7.25	1448
23.67.238.142	192.168.7.25	1448
23.67.238.142	192.168.7.25	1448
23.67.238.142	192.168.7.25	1448
23.67.238.142	192.168.7.25	1448
192.168.7.25	23.67.238.142	0
23.67.238.142	192.168.7.25	1448
23.67.238.142	192.168.7.25	1448
192.168.7.25	23.67.238.142	380
23.67.238.142	192.168.7.25	1448
23.67.238.142	192.168.7.25	1448
23.67.238.142	192.168.7.25	1448
23.67.238.142	192.168.7.25	1448
23.67.238.142	192.168.7.25	1448
23.67.238.142	192.168.7.25	1448
23.67.238.142	192.168.7.25	1448
23.67.238.142	192.168.7.25	1448
23.67.238.142	192.168.7.25	1448
23.67.238.142	192.168.7.25	1448
192.168.7.25	23.67.238.142	0
192.168.7.25	23.67.238.142	0
23.67.238.142	192.168.7.25	1448
23.67.238.142	192.168.7.25	1448
23.67.238.142	192.168.7.25	1448
23.67.238.142	192.168.7.25	1448
23.67.238.142	192.168.7.25	1448
23.67.238.142	192.168.7.25	1448
23.67.238.142	192.168.7.25	1448
23.67.238.142	192.168.7.25	1448
192.168.7.25	23.67.238.142	0
23.67.238.142	192.168.7.25	1448
23.67.238.142	192.168.7.25	1448
23.67.238.142	192.168.7.25	1448
23.67.238.142	192.168.7.25	1448
192.168.7.25	104.17.208.240	0
23.67.238.142	192.168.7.25	1448
23.67.238.142	192.168.7.25	1448
23.67.238.142	192.168.7.25	1448
23.67.238.142	192.168.7.25	1448
23.67.238.142	192.168.7.25	1448
192.168.7.25	23.67.238.142	0
23.67.238.142	192.168.7.25	1448
23.67.238.142	192.168.7.25	1448
23.67.238.142	192.168.7.25	1448
23.67.238.142	192.168.7.25	1448
23.67.238.142	192.168.7.25	1448
23.67.238.142	192.168.7.25	1448
23.67.238.142	192.168.7.25	1448
23.67.238.142	192.168.7.25	1448
23.67.238.142	192.168.7.25	1448
23.67.238.142	192.168.7.25	1448
23.67.238.142	192.168.7.25	1448
23.67.238.142	192.168.7.25	1448
23.67.238.142	192.168.7.25	1448
192.168.7.25	23.67.238.142	0
192.168.7.25	23.67.238.142	0
23.67.238.142	192.168.7.25	1448
23.67.238.142	192.168.7.25	1448
23.67.238.142	192.168.7.25	1448
23.67.238.142	192.168.7.25	1448
23.67.238.142	192.168.7.25	1448
23.67.238.142	192.168.7.25	1448
192.168.7.25	23.67.238.142	0
23.67.238.142	192.168.7.25	1448
23.67.238.142	192.168.7.25	1448
23.67.238.142	192.168.7.25	1448
23.67.238.142	192.168.7.25	1448
23.67.238.142	192.168.7.25	1448
23.67.238.142	192.168.7.25	1448
23.67.238.142	192.168.7.25	1448
23.67.238.142	192.168.7.25	1448
192.168.7.25	23.67.238.142	0
23.67.238.142	192.168.7.25	1448
23.67.238.142	192.168.7.25	1448
23.67.238.142	192.168.7.25	1448
23.67.238.142	192.168.7.25	1448
23.67.238.142	192.168.7.25	1448
23.67.238.142	192.168.7.25	1448
23.67.238.142	192.168.7.25	1448
23.67.238.142	192.168.7.25	1448
23.67.238.142	192.168.7.25	1448
23.67.238.142	192.168.7.25	1448
23.67.238.142	192.168.7.25	1448
23.67.238.142	192.168.7.25	1448
23.67.238.142	192.168.7.25	1448
23.67.238.142	192.168.7.25	1448
192.168.7.25	23.67.238.142	0
23.67.238.142	192.168.7.25	1448
23.67.238.142	192.168.7.25	1448
23.67.238.142	192.168.7.25	1448
23.67.238.142	192.168.7.25	1448
23.67.238.142	192.168.7.25	1448
23.67.238.142	192.168.7.25	1448
192.168.7.25	23.67.238.142	0
23.67.238.142	192.168.7.25	1448
23.67.238.142	192.168.7.25	1448
23.67.238.142	192.168.7.25	1448
23.67.238.142	192.168.7.25	1448
23.67.238.142	192.168.7.25	1448
23.67.238.142	192.168.7.25	1448
192.168.7.25	23.67.238.142	0
23.67.238.142	192.168.7.25	1448
23.67.238.142	192.168.7.25	1448
23.67.238.142	192.168.7.25	1448
23.67.238.142	192.168.7.25	1448
192.168.7.25	23.67.238.142	0
23.67.238.142	192.168.7.25	1448
23.67.238.142	192.168.7.25	1448
23.67.238.142	192.168.7.25	1448
23.67.238.142	192.168.7.25	1448
23.67.238.142	192.168.7.25	1448
23.67.238.142	192.168.7.25	1448
23.67.238.142	192.168.7.25	1448
23.67.238.142	192.168.7.25	1448
23.67.238.142	192.168.7.25	1448
23.67.238.142	192.168.7.25	1448
23.67.238.142	192.168.7.25	1448
23.67.238.142	192.168.7.25	1448
192.168.7.25	23.67.238.142	0
23.67.238.142	192.168.7.25	1448
23.67.238.142	192.168.7.25	1448
23.67.238.142	192.168.7.25	1448
23.67.238.142	192.168.7.25	1448
23.67.238.142	192.168.7.25	1448
23.67.238.142	192.168.7.25	1448
23.67.238.142	192.168.7.25	1448
23.67.238.142	192.168.7.25	1448
23.67.238.142	192.168.7.25	1448
192.168.7.25	23.67.238.142	0
23.67.238.142	192.168.7.25	1448
23.67.238.142	192.168.7.25	1448
23.67.238.142	192.168.7.25	1448
192.168.7.25	23.67.238.142	0
23.67.238.142	192.168.7.25	1448
23.67.238.142	192.168.7.25	1448
23.67.238.142	192.168.7.25	1448
23.67.238.142	192.168.7.25	1448
23.67.238.142	192.168.7.25	1448
23.67.238.142	192.168.7.25	1448
23.67.238.142	192.168.7.25	1448
192.168.7.25	23.67.238.142	0
192.168.7.25	96.16.209.82	46
192.168.7.25	172.217.9.8	39
192.168.7.25	172.217.9.131	0
192.168.7.25	23.67.238.142	0
192.168.7.25	72.21.91.29	0
192.168.7.25	72.21.91.29	0
192.168.7.25	34.210.145.79	31
192.168.7.25	34.210.145.79	0
192.168.7.25	23.67.238.142	0
192.168.7.25	96.16.209.82	31
192.168.7.25	96.16.209.82	0
192.168.7.25	172.217.9.8	24
192.168.7.25	172.217.9.8	0
23.67.238.142	192.168.7.25	258
23.67.238.142	192.168.7.25	1448
23.67.238.142	192.168.7.25	1448
23.67.238.142	192.168.7.25	1448
23.67.238.142	192.168.7.25	1448
23.67.238.142	192.168.7.25	1448
192.168.7.25	23.67.238.142	0
192.168.7.25	23.67.238.142	0
192.168.7.25	23.67.238.142	0
192.168.7.25	23.67.238.142	0
23.67.238.142	192.168.7.25	1448
23.67.238.142	192.168.7.25	1448
23.67.238.142	192.168.7.25	1448
23.67.238.142	192.168.7.25	1448
23.67.238.142	192.168.7.25	1448
23.67.238.142	192.168.7.25	1448
23.67.238.142	192.168.7.25	1448
23.67.238.142	192.168.7.25	1448
23.67.238.142	192.168.7.25	1448
192.168.7.25	23.67.238.142	0
23.67.238.142	192.168.7.25	1448
23.67.238.142	192.168.7.25	1448
23.67.238.142	192.168.7.25	1448
23.67.238.142	192.168.7.25	1448
23.67.238.142	192.168.7.25	1448
23.67.238.142	192.168.7.25	1448
23.67.238.142	192.168.7.25	1448
23.67.238.142	192.168.7.25	1448
23.67.238.142	192.168.7.25	1448
23.67.238.142	192.168.7.25	1448
192.168.7.25	23.67.238.142	0
192.168.7.25	23.67.238.142	0
192.168.7.25	23.67.238.142	0
192.168.7.25	23.67.238.142	0
23.67.238.142	192.168.7.25	896
192.168.7.25	23.67.238.142	0
192.168.7.25	23.67.238.142	0
23.67.238.142	192.168.7.25	1448
23.67.238.142	192.168.7.25	1448
23.67.238.142	192.168.7.25	1448
23.67.238.142	192.168.7.25	1448
23.67.238.142	192.168.7.25	1448
23.67.238.142	192.168.7.25	1448
23.67.238.142	192.168.7.25	1448
23.67.238.142	192.168.7.25	1448
192.168.7.25	23.67.238.142	0
23.67.238.142	192.168.7.25	1448
23.67.238.142	192.168.7.25	1448
23.67.238.142	192.168.7.25	1448
23.67.238.142	192.168.7.25	1448
23.67.238.142	192.168.7.25	1448
23.67.238.142	192.168.7.25	1448
23.67.238.142	192.168.7.25	1448
23.67.238.142	192.168.7.25	1448
23.67.238.142	192.168.7.25	1448
23.67.238.142	192.168.7.25	1448
23.67.238.142	192.168.7.25	1448
192.168.7.25	23.67.238.142	0
23.67.238.142	192.168.7.25	1448
23.67.238.142	192.168.7.25	1448
23.67.238.142	192.168.7.25	1448
23.67.238.142	192.168.7.25	1448
23.67.238.142	192.168.7.25	1448
23.67.238.142	192.168.7.25	1448
23.67.238.142	192.168.7.25	1448
192.168.7.25	23.67.238.142	0
192.168.7.25	23.67.238.142	0
192.168.7.25	23.67.238.142	0
172.217.9.8	192.168.7.25	0
172.217.9.8	192.168.7.25	0
192.168.7.25	172.217.9.8	0
23.67.238.142	192.168.7.25	1448
23.67.238.142	192.168.7.25	1448
23.67.238.142	192.168.7.25	1448
23.67.238.142	192.168.7.25	0
23.67.238.142	192.168.7.25	0
23.67.238.142	192.168.7.25	1448
23.67.238.142	192.168.7.25	1448
23.67.238.142	192.168.7.25	1448
192.168.7.25	23.67.238.142	0
192.168.7.25	23.67.238.142	0
23.67.238.142	192.168.7.25	1448
23.67.238.142	192.168.7.25	1448
23.67.238.142	192.168.7.25	1448
23.67.238.142	192.168.7.25	1448
23.67.238.142	192.168.7.25	1448
23.67.238.142	192.168.7.25	1448
23.67.238.142	192.168.7.25	1448
23.67.238.142	192.168.7.25	1448
23.67.238.142	192.168.7.25	1448
192.168.7.25	23.67.238.142	0
23.67.238.142	192.168.7.25	1448
23.67.238.142	192.168.7.25	1448
23.67.238.142	192.168.7.25	1448
23.67.238.142	192.168.7.25	1448
23.67.238.142	192.168.7.25	1448
23.67.238.142	192.168.7.25	1448
23.67.238.142	192.168.7.25	1448
23.67.238.142	192.168.7.25	1448
192.168.7.25	23.67.238.142	0
23.67.238.142	192.168.7.25	1448
192.168.7.25	23.67.238.142	0
23.67.238.142	192.168.7.25	1448
23.67.238.142	192.168.7.25	1448
23.67.238.142	192.168.7.25	1448
23.67.238.142	192.168.7.25	1448
23.67.238.142	192.168.7.25	1448
96.16.209.82	192.168.7.25	0
72.21.91.29	192.168.7.25	0
172.217.9.131	192.168.7.25	0
96.16.209.82	192.168.7.25	0
72.21.91.29	192.168.7.25	0
192.168.7.25	72.21.91.29	0
192.168.7.25	172.217.9.131	0
192.168.7.25	72.21.91.29	0
23.67.238.142	192.168.7.25	1448
23.67.238.142	192.168.7.25	1448
23.67.238.142	192.168.7.25	1448
96.16.209.82	192.168.7.25	31
96.16.209.82	192.168.7.25	0
23.67.238.142	192.168.7.25	1448
23.67.238.142	192.168.7.25	1448
23.67.238.142	192.168.7.25	1448
23.67.238.142	192.168.7.25	1448
23.67.238.142	192.168.7.25	1448
23.67.238.142	192.168.7.25	1448
192.168.7.25	23.67.238.142	0
192.168.7.25	96.16.209.82	0
23.67.238.142	192.168.7.25	1448
23.67.238.142	192.168.7.25	1448
192.168.7.25	23.67.238.142	0
104.17.208.240	192.168.7.25	0
23.67.238.142	192.168.7.25	1448
23.67.238.142	192.168.7.25	1448
23.67.238.142	192.168.7.25	1448
23.67.238.142	192.168.7.25	1448
192.168.7.25	104.17.208.240	0
23.67.238.142	192.168.7.25	1448
23.67.238.142	192.168.7.25	1448
192.168.7.25	23.67.238.142	0
23.67.238.142	192.168.7.25	1448
23.67.238.142	192.168.7.25	1448
23.67.238.142	192.168.7.25	1448
23.67.238.142	192.168.7.25	1448
23.67.238.142	192.168.7.25	0
23.67.238.142	192.168.7.25	1448
23.67.238.142	192.168.7.25	1448
23.67.238.142	192.168.7.25	1448
192.168.7.25	23.67.238.142	0
192.168.7.25	23.67.238.142	0
192.168.7.25	104.17.208.240	517
23.67.238.142	192.168.7.25	1448
23.67.238.142	192.168.7.25	1448
23.67.238.142	192.168.7.25	1448
23.67.238.142	192.168.7.25	1448
23.67.238.142	192.168.7.25	1448
23.67.238.142	192.168.7.25	1448
23.67.238.142	192.168.7.25	1448
23.67.238.142	192.168.7.25	1448
23.67.238.142	192.168.7.25	1448
23.67.238.142	192.168.7.25	1448
192.168.7.25	23.67.238.142	0
23.67.238.142	192.168.7.25	1448
23.67.238.142	192.168.7.25	1448
23.67.238.142	192.168.7.25	1448
23.67.238.142	192.168.7.25	1448
23.67.238.142	192.168.7.25	1448
23.67.238.142	192.168.7.25	1448
192.168.7.25	23.67.238.142	0
23.67.238.142	192.168.7.25	1448
23.67.238.142	192.168.7.25	1448
23.67.238.142	192.168.7.25	1448
23.67.238.142	192.168.7.25	1448
23.67.238.142	192.168.7.25	1448
23.67.238.142	192.168.7.25	1448
23.67.238.142	192.168.7.25	1448
23.67.238.142	192.168.7.25	1448
23.67.238.142	192.168.7.25	1448
23.67.238.142	192.168.7.25	1448
192.168.7.25	23.67.238.142	0
23.67.238.142	192.168.7.25	1448
23.67.238.142	192.168.7.25	1448
23.67.238.142	192.168.7.25	1448
23.67.238.142	192.168.7.25	1448
23.67.238.142	192.168.7.25	1448
23.67.238.142	192.168.7.25	1448
23.67.238.142	192.168.7.25	1448
23.67.238.142	192.168.7.25	1448
23.67.238.142	192.168.7.25	1448
23.67.238.142	192.168.7.25	1448
23.67.238.142	192.168.7.25	1448
192.168.7.25	23.67.238.142	0
192.168.7.25	23.67.238.142	0
192.168.7.25	23.67.238.142	0
192.168.7.25	23.67.238.142	0
23.67.238.142	192.168.7.25	0
23.67.238.142	192.168.7.25	1448
23.67.238.142	192.168.7.25	1448
23.67.238.142	192.168.7.25	1448
23.67.238.142	192.168.7.25	1448
192.168.7.25	23.67.238.142	0
23.67.238.142	192.168.7.25	1448
23.67.238.142	192.168.7.25	1448
23.67.238.142	192.168.7.25	1448
23.67.238.142	192.168.7.25	1448
23.67.238.142	192.168.7.25	1448
192.168.7.25	23.67.238.142	0
23.67.238.142	192.168.7.25	1448
23.67.238.142	192.168.7.25	1448
23.67.238.142	192.168.7.25	1448
23.67.238.142	192.168.7.25	1448
23.67.238.142	192.168.7.25	1448
23.67.238.142	192.168.7.25	1448
23.67.238.142	192.168.7.25	1448
23.67.238.142	192.168.7.25	1448
23.67.238.142	192.168.7.25	1448
23.67.238.142	192.168.7.25	1448
192.168.7.25	23.67.238.142	0
23.67.238.142	192.168.7.25	1448
23.67.238.142	192.168.7.25	1448
23.67.238.142	192.168.7.25	1448
23.67.238.142	192.168.7.25	1448
23.67.238.142	192.168.7.25	1448
23.67.238.142	192.168.7.25	1448
192.168.7.25	23.67.238.142	0
23.67.238.142	192.168.7.25	1448
23.67.238.142	192.168.7.25	1448
23.67.238.142	192.168.7.25	1448
23.67.238.142	192.168.7.25	1448
23.67.238.142	192.168.7.25	1448
23.67.238.142	192.168.7.25	1448
23.67.238.142	192.168.7.25	1448
192.168.7.25	23.67.238.142	0
23.67.238.142	192.168.7.25	1448
23.67.238.142	192.168.7.25	1448
23.67.238.142	192.168.7.25	1448
23.67.238.142	192.168.7.25	1448
23.67.238.142	192.168.7.25	1448
192.168.7.25	34.208.71.43	35
23.67.238.142	192.168.7.25	1448
23.67.238.142	192.168.7.25	1448
23.67.238.142	192.168.7.25	1448
23.67.238.142	192.168.7.25	1448
23.67.238.142	192.168.7.25	1448
192.168.7.25	23.67.238.142	0
23.67.238.142	192.168.7.25	1448
23.67.238.142	192.168.7.25	1448
23.67.238.142	192.168.7.25	1448
23.67.238.142	192.168.7.25	1448
23.67.238.142	192.168.7.25	1448
23.67.238.142	192.168.7.25	1448
23.67.238.142	192.168.7.25	1448
192.168.7.25	23.67.238.142	0
23.67.238.142	192.168.7.25	1448
23.67.238.142	192.168.7.25	1448
23.67.238.142	192.168.7.25	1448
23.67.238.142	192.168.7.25	1448
23.67.238.142	192.168.7.25	1448
23.67.238.142	192.168.7.25	1448
23.67.238.142	192.168.7.25	1448
23.67.238.142	192.168.7.25	1448
23.67.238.142	192.168.7.25	1448
23.67.238.142	192.168.7.25	1448
192.168.7.25	23.67.238.142	0
23.67.238.142	192.168.7.25	1448
23.67.238.142	192.168.7.25	1448
23.67.238.142	192.168.7.25	1448
23.67.238.142	192.168.7.25	1448
23.67.238.142	192.168.7.25	1448
192.168.7.25	23.67.238.142	0
23.67.238.142	192.168.7.25	1448
23.67.238.142	192.168.7.25	1448
23.67.238.142	192.168.7.25	1448
23.67.238.142	192.168.7.25	1448
23.67.238.142	192.168.7.25	1448
23.67.238.142	192.168.7.25	1448
23.67.238.142	192.168.7.25	1448
23.67.238.142	192.168.7.25	1448
192.168.7.25	23.67.238.142	0
23.67.238.142	192.168.7.25	1448
23.67.238.142	192.168.7.25	1448
23.67.238.142	192.168.7.25	1448
23.67.238.142	192.168.7.25	1448
23.67.238.142	192.168.7.25	1448
23.67.238.142	192.168.7.25	1448
23.67.238.142	192.168.7.25	1448
23.67.238.142	192.168.7.25	1448
23.67.238.142	192.168.7.25	1448
23.67.238.142	192.168.7.25	1448
192.168.7.25	23.67.238.142	0
23.67.238.142	192.168.7.25	1448
23.67.238.142	192.168.7.25	1448
23.67.238.142	192.168.7.25	1448
23.67.238.142	192.168.7.25	1448
23.67.238.142	192.168.7.25	1448
23.67.238.142	192.168.7.25	1448
23.67.238.142	192.168.7.25	1448
23.67.238.142	192.168.7.25	1448
192.168.7.25	23.67.238.142	0
192.168.7.25	23.67.238.142	0
192.168.7.25	23.67.238.142	0
23.67.238.142	192.168.7.25	1448
23.67.238.142	192.168.7.25	1448
23.67.238.142	192.168.7.25	1448
23.67.238.142	192.168.7.25	1448
23.67.238.142	192.168.7.25	1448
23.67.238.142	192.168.7.25	1448
23.67.238.142	192.168.7.25	1448
23.67.238.142	192.168.7.25	1448
192.168.7.25	23.67.238.142	0
23.67.238.142	192.168.7.25	1448
23.67.238.142	192.168.7.25	1448
23.67.238.142	192.168.7.25	1448
23.67.238.142	192.168.7.25	1448
23.67.238.142	192.168.7.25	1448
23.67.238.142	192.168.7.25	1448
23.67.238.142	192.168.7.25	1448
23.67.238.142	192.168.7.25	1448
23.67.238.142	192.168.7.25	1448
192.168.7.25	23.67.238.142	0
104.17.208.240	192.168.7.25	0
23.67.238.142	192.168.7.25	1448
23.67.238.142	192.168.7.25	1448
23.67.238.142	192.168.7.25	1448
23.67.238.142	192.168.7.25	1448
23.67.238.142	192.168.7.25	1448
23.67.238.142	192.168.7.25	1448
23.67.238.142	192.168.7.25	1448
23.67.238.142	192.168.7.25	1448
23.67.238.142	192.168.7.25	1448
23.67.238.142	192.168.7.25	1448
192.168.7.25	23.67.238.142	0
23.67.238.142	192.168.7.25	1448
23.67.238.142	192.168.7.25	1448
23.67.238.142	192.168.7.25	1448
23.67.238.142	192.168.7.25	1448
23.67.238.142	192.168.7.25	1448
23.67.238.142	192.168.7.25	1448
23.67.238.142	192.168.7.25	1448
23.67.238.142	192.168.7.25	1448
23.67.238.142	192.168.7.25	1448
23.67.238.142	192.168.7.25	1448
192.168.7.25	23.67.238.142	0
23.67.238.142	192.168.7.25	1448
23.67.238.142	192.168.7.25	1448
23.67.238.142	192.168.7.25	1448
23.67.238.142	192.168.7.25	1448
23.67.238.142	192.168.7.25	1448
23.67.238.142	192.168.7.25	1448
23.67.238.142	192.168.7.25	1448
23.67.238.142	192.168.7.25	1448
192.168.7.25	23.67.238.142	0
192.168.7.25	23.67.238.142	0
192.168.7.25	23.67.238.142	0
192.168.7.25	23.67.238.142	0
23.67.238.142	192.168.7.25	1448
23.67.238.142	192.168.7.25	1448
23.67.238.142	192.168.7.25	1448
23.67.238.142	192.168.7.25	1448
23.67.238.142	192.168.7.25	1448
23.67.238.142	192.168.7.25	1448
23.67.238.142	192.168.7.25	1448
23.67.238.142	192.168.7.25	1448
192.168.7.25	23.67.238.142	0
23.67.238.142	192.168.7.25	1448
23.67.238.142	192.168.7.25	1448
23.67.238.142	192.168.7.25	1448
23.67.238.142	192.168.7.25	1448
23.67.238.142	192.168.7.25	1448
23.67.238.142	192.168.7.25	1448
23.67.238.142	192.168.7.25	1448
23.67.238.142	192.168.7.25	1448
23.67.238.142	192.168.7.25	1448
192.168.7.25	23.67.238.142	0
23.67.238.142	192.168.7.25	1448
23.67.238.142	192.168.7.25	1448
23.67.238.142	192.168.7.25	1448
104.17.208.240	192.168.7.25	1460
104.17.208.240	192.168.7.25	1460
104.17.208.240	192.168.7.25	1151
192.168.7.25	104.17.208.240	0
192.168.7.25	104.17.208.240	0
23.67.238.142	192.168.7.25	1448
23.67.238.142	192.168.7.25	1448
23.67.238.142	192.168.7.25	1448
23.67.238.142	192.168.7.25	1448
192.168.7.25	23.67.238.142	0
192.168.7.25	104.17.208.240	0
23.67.238.142	192.168.7.25	1448
23.67.238.142	192.168.7.25	1448
23.67.238.142	192.168.7.25	1448
23.67.238.142	192.168.7.25	1448
23.67.238.142	192.168.7.25	1448
23.67.238.142	192.168.7.25	1448
23.67.238.142	192.168.7.25	1448
23.67.238.142	192.168.7.25	1448
192.168.7.25	23.67.238.142	0
23.67.238.142	192.168.7.25	1448
23.67.238.142	192.168.7.25	1448
23.67.238.142	192.168.7.25	1448
23.67.238.142	192.168.7.25	1448
23.67.238.142	192.168.7.25	1448
23.67.238.142	192.168.7.25	1448
23.67.238.142	192.168.7.25	1448
23.67.238.142	192.168.7.25	1448
23.67.238.142	192.168.7.25	1448
23.67.238.142	192.168.7.25	1448
23.67.238.142	192.168.7.25	1448
23.67.238.142	192.168.7.25	1448
23.67.238.142	192.168.7.25	1448
23.67.238.142	192.168.7.25	1448
192.168.7.25	23.67.238.142	0
23.67.238.142	192.168.7.25	1448
23.67.238.142	192.168.7.25	1448
23.67.238.142	192.168.7.25	1448
23.67.238.142	192.168.7.25	1448
23.67.238.142	192.168.7.25	1448
23.67.238.142	192.168.7.25	1448
23.67.238.142	192.168.7.25	1448
23.67.238.142	192.168.7.25	1448
23.67.238.142	192.168.7.25	1448
23.67.238.142	192.168.7.25	1448
192.168.7.25	23.67.238.142	0
192.168.7.25	23.67.238.142	0
34.242.245.114	192.168.7.25	0
23.67.238.142	192.168.7.25	1448
23.67.238.142	192.168.7.25	1448
23.67.238.142	192.168.7.25	1448
23.67.238.142	192.168.7.25	1448
23.67.238.142	192.168.7.25	1448
23.67.238.142	192.168.7.25	1448
23.67.238.142	192.168.7.25	1448
23.67.238.142	192.168.7.25	1448
192.168.7.25	23.67.238.142	0
23.67.238.142	192.168.7.25	1448
23.67.238.142	192.168.7.25	1448
23.67.238.142	192.168.7.25	1448
23.67.238.142	192.168.7.25	1448
23.67.238.142	192.168.7.25	1448
23.67.238.142	192.168.7.25	1448
23.67.238.142	192.168.7.25	1448
23.67.238.142	192.168.7.25	1448
23.67.238.142	192.168.7.25	1448
23.67.238.142	192.168.7.25	1448
23.67.238.142	192.168.7.25	1448
192.168.7.25	23.67.238.142	0
23.67.238.142	192.168.7.25	1448
23.67.238.142	192.168.7.25	1448
23.67.238.142	192.168.7.25	1448
23.67.238.142	192.168.7.25	1448
23.67.238.142	192.168.7.25	1448
23.67.238.142	192.168.7.25	1448
23.67.238.142	192.168.7.25	1448
23.67.238.142	192.168.7.25	1448
192.168.7.25	23.67.238.142	0
23.67.238.142	192.168.7.25	1448
23.67.238.142	192.168.7.25	1448
23.67.238.142	192.168.7.25	1448
23.67.238.142	192.168.7.25	1448
23.67.238.142	192.168.7.25	1448
23.67.238.142	192.168.7.25	1448
23.67.238.142	192.168.7.25	1448
192.168.7.25	23.67.238.142	0
192.168.7.25	23.67.238.142	0
192.168.7.25	23.67.238.142	0
192.168.7.25	23.67.238.142	0
23.67.238.142	192.168.7.25	1448
23.67.238.142	192.168.7.25	1448
23.67.238.142	192.168.7.25	1448
23.67.238.142	192.168.7.25	1448
23.67.238.142	192.168.7.25	1448
23.67.238.142	192.168.7.25	1448
23.67.238.142	192.168.7.25	1448
23.67.238.142	192.168.7.25	1448
192.168.7.25	23.67.238.142	0
23.67.238.142	192.168.7.25	1448
23.67.238.142	192.168.7.25	1448
23.67.238.142	192.168.7.25	1448
23.67.238.142	192.168.7.25	1448
23.67.238.142	192.168.7.25	1448
23.67.238.142	192.168.7.25	1448
23.67.238.142	192.168.7.25	1448
23.67.238.142	192.168.7.25	1448
192.168.7.25	23.67.238.142	0
23.67.238.142	192.168.7.25	1448
23.67.238.142	192.168.7.25	1448
23.67.238.142	192.168.7.25	1448
23.67.238.142	192.168.7.25	1448
23.67.238.142	192.168.7.25	1448
23.67.238.142	192.168.7.25	1448
23.67.238.142	192.168.7.25	1448
23.67.238.142	192.168.7.25	1448
192.168.7.25	23.67.238.142	0
23.67.238.142	192.168.7.25	1448
23.67.238.142	192.168.7.25	1448
23.67.238.142	192.168.7.25	1448
23.67.238.142	192.168.7.25	1448
23.67.238.142	192.168.7.25	1448
23.67.238.142	192.168.7.25	1448
23.67.238.142	192.168.7.25	1448
23.67.238.142	192.168.7.25	1448
23.67.238.142	192.168.7.25	1448
192.168.7.25	23.67.238.142	0
23.67.238.142	192.168.7.25	1448
23.67.238.142	192.168.7.25	1448
23.67.238.142	192.168.7.25	1448
23.67.238.142	192.168.7.25	1448
23.67.238.142	192.168.7.25	1448
23.67.238.142	192.168.7.25	1448
23.67.238.142	192.168.7.25	1448
23.67.238.142	192.168.7.25	1448
23.67.238.142	192.168.7.25	1448
23.67.238.142	192.168.7.25	1448
192.168.7.25	23.67.238.142	0
23.67.238.142	192.168.7.25	1448
23.67.238.142	192.168.7.25	1448
23.67.238.142	192.168.7.25	1448
23.67.238.142	192.168.7.25	1448
23.67.238.142	192.168.7.25	1448
23.67.238.142	192.168.7.25	1448
23.67.238.142	192.168.7.25	1448
23.67.238.142	192.168.7.25	1448
192.168.7.25	23.67.238.142	0
23.67.238.142	192.168.7.25	1448
23.67.238.142	192.168.7.25	1448
23.67.238.142	192.168.7.25	1448
23.67.238.142	192.168.7.25	1448
23.67.238.142	192.168.7.25	1448
23.67.238.142	192.168.7.25	1448
23.67.238.142	192.168.7.25	1448
23.67.238.142	192.168.7.25	1448
23.67.238.142	192.168.7.25	1448
23.67.238.142	192.168.7.25	1448
23.67.238.142	192.168.7.25	1448
192.168.7.25	23.67.238.142	0
192.168.7.25	23.67.238.142	0
23.67.238.142	192.168.7.25	1448
23.67.238.142	192.168.7.25	1448
23.67.238.142	192.168.7.25	1448
23.67.238.142	192.168.7.25	1448
23.67.238.142	192.168.7.25	1448
23.67.238.142	192.168.7.25	1448
23.67.238.142	192.168.7.25	1448
23.67.238.142	192.168.7.25	1448
192.168.7.25	23.67.238.142	0
23.67.238.142	192.168.7.25	1448
23.67.238.142	192.168.7.25	1448
23.67.238.142	192.168.7.25	1448
23.67.238.142	192.168.7.25	1448
23.67.238.142	192.168.7.25	1448
23.67.238.142	192.168.7.25	1448
23.67.238.142	192.168.7.25	1448
23.67.238.142	192.168.7.25	1448
192.168.7.25	23.67.238.142	0
23.67.238.142	192.168.7.25	1448
23.67.238.142	192.168.7.25	1448
23.67.238.142	192.168.7.25	1448
23.67.238.142	192.168.7.25	1448
23.67.238.142	192.168.7.25	1448
23.67.238.142	192.168.7.25	1448
23.67.238.142	192.168.7.25	1448
192.168.7.25	23.67.238.142	0
23.67.238.142	192.168.7.25	1448
23.67.238.142	192.168.7.25	1448
23.67.238.142	192.168.7.25	1448
23.67.238.142	192.168.7.25	1448
23.67.238.142	192.168.7.25	1448
23.67.238.142	192.168.7.25	1448
23.67.238.142	192.168.7.25	1448
23.67.238.142	192.168.7.25	1448
192.168.7.25	23.67.238.142	0
23.67.238.142	192.168.7.25	1448
23.67.238.142	192.168.7.25	1448
23.67.238.142	192.168.7.25	1448
23.67.238.142	192.168.7.25	1448
23.67.238.142	192.168.7.25	1448
23.67.238.142	192.168.7.25	1448
192.168.7.25	23.67.238.142	0
192.168.7.25	104.17.208.240	0
23.67.238.142	192.168.7.25	1448
23.67.238.142	192.168.7.25	1448
23.67.238.142	192.168.7.25	1448
23.67.238.142	192.168.7.25	1448
23.67.238.142	192.168.7.25	1448
23.67.238.142	192.168.7.25	1448
23.67.238.142	192.168.7.25	1448
34.210.145.79	192.168.7.25	0
192.168.7.25	23.67.238.142	0
192.168.7.25	23.67.238.142	0
192.168.7.25	34.210.145.79	0
192.168.7.25	72.21.91.29	0
34.210.145.79	192.168.7.25	31
192.168.7.25	34.210.145.79	0
23.67.238.142	192.168.7.25	1448
23.67.238.142	192.168.7.25	1448
23.67.238.142	192.168.7.25	1448
23.67.238.142	192.168.7.25	1448
23.67.238.142	192.168.7.25	1448
23.67.238.142	192.168.7.25	1448
23.67.238.142	192.168.7.25	1448
23.67.238.142	192.168.7.25	1448
23.67.238.142	192.168.7.25	1448
23.67.238.142	192.168.7.25	1448
23.67.238.142	192.168.7.25	1448
23.67.238.142	192.168.7.25	1448
23.67.238.142	192.168.7.25	1448
23.67.238.142	192.168.7.25	1448
23.67.238.142	192.168.7.25	1448
23.67.238.142	192.168.7.25	1448
23.67.238.142	192.168.7.25	1448
23.67.238.142	192.168.7.25	1448
23.67.238.142	192.168.7.25	1448
23.67.238.142	192.168.7.25	1448
23.67.238.142	192.168.7.25	1448
23.67.238.142	192.168.7.25	1448
23.67.238.142	192.168.7.25	1448
23.67.238.142	192.168.7.25	1448
23.67.238.142	192.168.7.25	1448
23.67.238.142	192.168.7.25	1448
23.67.238.142	192.168.7.25	1448
23.67.238.142	192.168.7.25	1448
23.67.238.142	192.168.7.25	1448
23.67.238.142	192.168.7.25	1448
23.67.238.142	192.168.7.25	1448
23.67.238.142	192.168.7.25	1448
192.168.7.25	34.208.71.43	31
192.168.7.25	34.208.71.43	0
23.67.238.142	192.168.7.25	1448
23.67.238.142	192.168.7.25	1448
23.67.238.142	192.168.7.25	1448
23.67.238.142	192.168.7.25	1448
23.67.238.142	192.168.7.25	1448
23.67.238.142	192.168.7.25	1448
23.67.238.142	192.168.7.25	1448
23.67.238.142	192.168.7.25	1448
23.67.238.142	192.168.7.25	1448
23.67.238.142	192.168.7.25	1448
23.67.238.142	192.168.7.25	1448
23.67.238.142	192.168.7.25	1448
23.67.238.142	192.168.7.25	1448
23.67.238.142	192.168.7.25	1448
23.67.238.142	192.168.7.25	1448
23.67.238.142	192.168.7.25	1448
23.67.238.142	192.168.7.25	1448
23.67.238.142	192.168.7.25	1448
23.67.238.142	192.168.7.25	1448
23.67.238.142	192.168.7.25	1448
23.67.238.142	192.168.7.25	1448
23.67.238.142	192.168.7.25	1448
23.67.238.142	192.168.7.25	1448
23.67.238.142	192.168.7.25	1448
23.67.238.142	192.168.7.25	1448
23.67.238.142	192.168.7.25	1448
23.67.238.142	192.168.7.25	1448
23.67.238.142	192.168.7.25	1448
23.67.238.142	192.168.7.25	1448
23.67.238.142	192.168.7.25	1448
23.67.238.142	192.168.7.25	1448
23.67.238.142	192.168.7.25	1448
23.67.238.142	192.168.7.25	1448
23.67.238.142	192.168.7.25	1448
23.67.238.142	192.168.7.25	1448
96.16.209.82	192.168.7.25	31
23.67.238.142	192.168.7.25	1448
23.67.238.142	192.168.7.25	1448
23.67.238.142	192.168.7.25	1448
23.67.238.142	192.168.7.25	1448
23.67.238.142	192.168.7.25	1448
23.67.238.142	192.168.7.25	1448
23.67.238.142	192.168.7.25	1448
23.67.238.142	192.168.7.25	1448
23.67.238.142	192.168.7.25	1448
23.67.238.142	192.168.7.25	1448
23.67.238.142	192.168.7.25	1448
23.67.238.142	192.168.7.25	1448
23.67.238.142	192.168.7.25	1448
23.67.238.142	192.168.7.25	1448
23.67.238.142	192.168.7.25	1448
23.67.238.142	192.168.7.25	1448
23.67.238.142	192.168.7.25	1448
23.67.238.142	192.168.7.25	1448
23.67.238.142	192.168.7.25	1448
23.67.238.142	192.168.7.25	1448
23.67.238.142	192.168.7.25	1448
23.67.238.142	192.168.7.25	1448
23.67.238.142	192.168.7.25	1448
23.67.238.142	192.168.7.25	1448
23.67.238.142	192.168.7.25	1448
23.67.238.142	192.168.7.25	1448
23.67.238.142	192.168.7.25	1448
23.67.238.142	192.168.7.25	1448
23.67.238.142	192.168.7.25	1448
23.67.238.142	192.168.7.25	1448
23.67.238.142	192.168.7.25	1448
23.67.238.142	192.168.7.25	1448
23.67.238.142	192.168.7.25	1448
23.67.238.142	192.168.7.25	1448
23.67.238.142	192.168.7.25	1448
23.67.238.142	192.168.7.25	1448
23.67.238.142	192.168.7.25	1448
23.67.238.142	192.168.7.25	1448
23.67.238.142	192.168.7.25	1448
23.67.238.142	192.168.7.25	1448
23.67.238.142	192.168.7.25	1448
23.67.238.142	192.168.7.25	1448
23.67.238.142	192.168.7.25	1448
23.67.238.142	192.168.7.25	1448
23.67.238.142	192.168.7.25	1448
23.67.238.142	192.168.7.25	1448
23.67.238.142	192.168.7.25	1448
104.17.208.240	192.168.7.25	0
192.168.7.25	104.17.208.240	0
72.21.91.29	192.168.7.25	0
34.208.71.43	192.168.7.25	31
34.208.71.43	192.168.7.25	31
34.208.71.43	192.168.7.25	0
192.168.7.25	34.208.71.43	0
34.208.71.43	192.168.7.25	0
34.210.145.79	192.168.7.25	31
96.16.209.82	192.168.7.25	31
23.67.238.142	192.168.7.25	1208
34.208.71.43	192.168.7.25	0
34.242.245.114	192.168.7.25	31
96.16.209.82	192.168.7.25	31
96.16.209.82	192.168.7.25	31
34.242.245.114	192.168.7.25	31
34.208.71.43	192.168.7.25	62
96.16.209.82	192.168.7.25	31
34.210.145.79	192.168.7.25	31
