91.207.175.194	192.168.7.25	615
192.168.7.25	91.207.175.194	0
91.207.175.194	192.168.7.25	167
192.168.7.25	91.207.175.194	0
91.207.175.194	192.168.7.25	1447
192.168.7.25	91.207.175.194	0
192.168.7.25	91.207.175.194	119
91.207.175.194	192.168.7.25	279
192.168.7.25	91.207.175.194	0
192.168.7.25	91.207.175.194	119
91.207.175.194	192.168.7.25	119
192.168.7.25	91.207.175.194	135
91.207.175.194	192.168.7.25	359
192.168.7.25	91.207.175.194	510
91.207.175.194	192.168.7.25	103
192.168.7.25	91.207.175.194	238
91.207.175.194	192.168.7.25	487
192.168.7.25	91.207.175.194	119
91.207.175.194	192.168.7.25	311
192.168.7.25	91.207.175.194	103
91.207.175.194	192.168.7.25	311
192.168.7.25	91.207.175.194	119
91.207.175.194	192.168.7.25	254
192.168.7.25	91.207.175.194	341
91.207.175.194	192.168.7.25	119
192.168.7.25	91.207.175.194	837
91.207.175.194	192.168.7.25	222
192.168.7.25	91.207.175.194	718
91.207.175.194	192.168.7.25	334
192.168.7.25	91.207.175.194	821
91.207.175.194	192.168.7.25	1448
91.207.175.194	192.168.7.25	1448
192.168.7.25	91.207.175.194	119
192.168.7.25	91.207.175.194	0
91.207.175.194	192.168.7.25	1059
192.168.7.25	91.207.175.194	0
91.207.175.194	192.168.7.25	1448
91.207.175.194	192.168.7.25	1448
91.207.175.194	192.168.7.25	1448
192.168.7.25	91.207.175.194	309
192.168.7.25	91.207.175.194	0
91.207.175.194	192.168.7.25	1448
91.207.175.194	192.168.7.25	1448
91.207.175.194	192.168.7.25	1448
192.168.7.25	91.207.175.194	715
91.207.175.194	192.168.7.25	182
192.168.7.25	91.207.175.194	0
91.207.175.194	192.168.7.25	0
91.207.175.194	192.168.7.25	151
192.168.7.25	91.207.175.194	1024
91.207.175.194	192.168.7.25	119
192.168.7.25	91.207.175.194	1024
91.207.175.194	192.168.7.25	446
192.168.7.25	91.207.175.194	901
91.207.175.194	192.168.7.25	1448
91.207.175.194	192.168.7.25	1448
91.207.175.194	192.168.7.25	1448
91.207.175.194	192.168.7.25	1448
192.168.7.25	91.207.175.194	103
192.168.7.25	91.207.175.194	0
192.168.7.25	91.207.175.194	0
91.207.175.194	192.168.7.25	1448
91.207.175.194	192.168.7.25	1448
192.168.7.25	91.207.175.194	0
192.168.7.25	91.207.175.194	20
91.207.175.194	192.168.7.25	984
192.168.7.25	91.207.175.194	901
91.207.175.194	192.168.7.25	0
91.207.175.194	192.168.7.25	1448
91.207.175.194	192.168.7.25	1448
91.207.175.194	192.168.7.25	1448
192.168.7.25	91.207.175.194	123
192.168.7.25	91.207.175.194	0
91.207.175.194	192.168.7.25	585
192.168.7.25	91.207.175.194	901
91.207.175.194	192.168.7.25	1448
91.207.175.194	192.168.7.25	1448
91.207.175.194	192.168.7.25	1448
91.207.175.194	192.168.7.25	1448
91.207.175.194	192.168.7.25	1448
192.168.7.25	91.207.175.194	123
192.168.7.25	91.207.175.194	0
91.207.175.194	192.168.7.25	1448
91.207.175.194	192.168.7.25	753
192.168.7.25	91.207.175.194	901
91.207.175.194	192.168.7.25	1448
91.207.175.194	192.168.7.25	1448
91.207.175.194	192.168.7.25	1448
192.168.7.25	91.207.175.194	0
192.168.7.25	91.207.175.194	0
91.207.175.194	192.168.7.25	1448
91.207.175.194	192.168.7.25	1448
91.207.175.194	192.168.7.25	1448
192.168.7.25	91.207.175.194	0
91.207.175.194	192.168.7.25	1448
91.207.175.194	192.168.7.25	1448
192.168.7.25	91.207.175.194	0
192.168.7.25	91.207.175.194	0
192.168.7.25	91.207.175.194	0
91.207.175.194	192.168.7.25	1448
91.207.175.194	192.168.7.25	1448
91.207.175.194	192.168.7.25	1448
91.207.175.194	192.168.7.25	1448
91.207.175.194	192.168.7.25	1448
91.207.175.194	192.168.7.25	1448
91.207.175.194	192.168.7.25	1448
91.207.175.194	192.168.7.25	1448
91.207.175.194	192.168.7.25	1448
91.207.175.194	192.168.7.25	1448
192.168.7.25	91.207.175.194	123
91.207.175.194	192.168.7.25	1448
91.207.175.194	192.168.7.25	1448
91.207.175.194	192.168.7.25	1448
91.207.175.194	192.168.7.25	1448
91.207.175.194	192.168.7.25	1448
91.207.175.194	192.168.7.25	1448
91.207.175.194	192.168.7.25	1448
91.207.175.194	192.168.7.25	88
192.168.7.25	91.207.175.194	901
192.168.7.25	91.207.175.194	0
91.207.175.194	192.168.7.25	0
91.207.175.194	192.168.7.25	263
192.168.7.25	91.207.175.194	1024
91.207.175.194	192.168.7.25	887
192.168.7.25	91.207.175.194	1024
91.207.175.194	192.168.7.25	103
192.168.7.25	91.207.175.194	1024
91.207.175.194	192.168.7.25	1448
91.207.175.194	192.168.7.25	1448
91.207.175.194	192.168.7.25	1448
91.207.175.194	192.168.7.25	1448
192.168.7.25	91.207.175.194	0
192.168.7.25	91.207.175.194	0
192.168.7.25	91.207.175.194	0
91.207.175.194	192.168.7.25	1448
91.207.175.194	192.168.7.25	1448
91.207.175.194	192.168.7.25	1448
91.207.175.194	192.168.7.25	1448
192.168.7.25	91.207.175.194	0
192.168.7.25	91.207.175.194	0
192.168.7.25	91.207.175.194	0
91.207.175.194	192.168.7.25	1448
91.207.175.194	192.168.7.25	1448
91.207.175.194	192.168.7.25	1448
91.207.175.194	192.168.7.25	1448
91.207.175.194	192.168.7.25	1448
91.207.175.194	192.168.7.25	1448
91.207.175.194	192.168.7.25	1448
91.207.175.194	192.168.7.25	1448
192.168.7.25	91.207.175.194	0
91.207.175.194	192.168.7.25	1448
91.207.175.194	192.168.7.25	1448
91.207.175.194	192.168.7.25	1448
91.207.175.194	192.168.7.25	1448
91.207.175.194	192.168.7.25	1064
192.168.7.25	91.207.175.194	1024
91.207.175.194	192.168.7.25	103
192.168.7.25	91.207.175.194	1024
91.207.175.194	192.168.7.25	1448
91.207.175.194	192.168.7.25	1448
192.168.7.25	91.207.175.194	0
91.207.175.194	192.168.7.25	709
91.207.175.194	192.168.7.25	1448
91.207.175.194	192.168.7.25	1448
192.168.7.25	91.207.175.194	1024
192.168.7.25	91.207.175.194	0
91.207.175.194	192.168.7.25	1448
91.207.175.194	192.168.7.25	1448
91.207.175.194	192.168.7.25	1448
91.207.175.194	192.168.7.25	1448
91.207.175.194	192.168.7.25	1448
192.168.7.25	91.207.175.194	0
192.168.7.25	91.207.175.194	0
91.207.175.194	192.168.7.25	1448
91.207.175.194	192.168.7.25	1448
91.207.175.194	192.168.7.25	1438
192.168.7.25	91.207.175.194	1024
91.207.175.194	192.168.7.25	1448
91.207.175.194	192.168.7.25	1448
192.168.7.25	91.207.175.194	0
192.168.7.25	91.207.175.194	0
91.207.175.194	192.168.7.25	1448
91.207.175.194	192.168.7.25	1448
192.168.7.25	91.207.175.194	0
192.168.7.25	91.207.175.194	0
91.207.175.194	192.168.7.25	1448
91.207.175.194	192.168.7.25	1448
192.168.7.25	91.207.175.194	0
192.168.7.25	91.207.175.194	0
91.207.175.194	192.168.7.25	351
192.168.7.25	91.207.175.194	1024
91.207.175.194	192.168.7.25	1448
91.207.175.194	192.168.7.25	1448
91.207.175.194	192.168.7.25	1448
91.207.175.194	192.168.7.25	1448
91.207.175.194	192.168.7.25	1448
91.207.175.194	192.168.7.25	1448
91.207.175.194	192.168.7.25	1448
91.207.175.194	192.168.7.25	1448
192.168.7.25	91.207.175.194	0
91.207.175.194	192.168.7.25	1448
91.207.175.194	192.168.7.25	1448
91.207.175.194	192.168.7.25	1448
91.207.175.194	192.168.7.25	1448
91.207.175.194	192.168.7.25	1448
91.207.175.194	192.168.7.25	1448
91.207.175.194	192.168.7.25	1448
91.207.175.194	192.168.7.25	1448
192.168.7.25	91.207.175.194	0
192.168.7.25	91.207.175.194	0
91.207.175.194	192.168.7.25	231
192.168.7.25	91.207.175.194	1024
91.207.175.194	192.168.7.25	1448
91.207.175.194	192.168.7.25	1448
91.207.175.194	192.168.7.25	1448
91.207.175.194	192.168.7.25	1448
192.168.7.25	91.207.175.194	0
192.168.7.25	91.207.175.194	0
192.168.7.25	91.207.175.194	0
91.207.175.194	192.168.7.25	1448
91.207.175.194	192.168.7.25	1448
91.207.175.194	192.168.7.25	1448
192.168.7.25	91.207.175.194	0
91.207.175.194	192.168.7.25	1448
91.207.175.194	192.168.7.25	1448
91.207.175.194	192.168.7.25	1448
91.207.175.194	192.168.7.25	1448
91.207.175.194	192.168.7.25	1448
91.207.175.194	192.168.7.25	1448
91.207.175.194	192.168.7.25	1448
91.207.175.194	192.168.7.25	1448
91.207.175.194	192.168.7.25	1448
192.168.7.25	91.207.175.194	0
91.207.175.194	192.168.7.25	1448
91.207.175.194	192.168.7.25	1448
91.207.175.194	192.168.7.25	1448
91.207.175.194	192.168.7.25	1448
91.207.175.194	192.168.7.25	1448
91.207.175.194	192.168.7.25	1448
91.207.175.194	192.168.7.25	1448
91.207.175.194	192.168.7.25	1448
91.207.175.194	192.168.7.25	1448
91.207.175.194	192.168.7.25	1448
192.168.7.25	91.207.175.194	0
91.207.175.194	192.168.7.25	1448
91.207.175.194	192.168.7.25	1448
91.207.175.194	192.168.7.25	1448
91.207.175.194	192.168.7.25	1448
91.207.175.194	192.168.7.25	1448
192.168.7.25	91.207.175.194	0
91.207.175.194	192.168.7.25	1448
91.207.175.194	192.168.7.25	135
91.207.175.194	192.168.7.25	1448
192.168.7.25	91.207.175.194	1024
91.207.175.194	192.168.7.25	1448
91.207.175.194	192.168.7.25	1448
91.207.175.194	192.168.7.25	1448
91.207.175.194	192.168.7.25	1448
91.207.175.194	192.168.7.25	743
192.168.7.25	91.207.175.194	1024
91.207.175.194	192.168.7.25	1448
91.207.175.194	192.168.7.25	1448
192.168.7.25	91.207.175.194	0
192.168.7.25	91.207.175.194	0
91.207.175.194	192.168.7.25	1448
91.207.175.194	192.168.7.25	1448
91.207.175.194	192.168.7.25	1448
192.168.7.25	91.207.175.194	0
192.168.7.25	91.207.175.194	0
91.207.175.194	192.168.7.25	1448
91.207.175.194	192.168.7.25	1448
192.168.7.25	91.207.175.194	0
192.168.7.25	91.207.175.194	0
91.207.175.194	192.168.7.25	112
192.168.7.25	91.207.175.194	1024
91.207.175.194	192.168.7.25	1448
91.207.175.194	192.168.7.25	1448
91.207.175.194	192.168.7.25	1448
91.207.175.194	192.168.7.25	1448
91.207.175.194	192.168.7.25	1448
91.207.175.194	192.168.7.25	1448
91.207.175.194	192.168.7.25	1448
91.207.175.194	192.168.7.25	1448
91.207.175.194	192.168.7.25	1448
192.168.7.25	91.207.175.194	0
91.207.175.194	192.168.7.25	1448
91.207.175.194	192.168.7.25	1448
91.207.175.194	192.168.7.25	1448
91.207.175.194	192.168.7.25	1448
91.207.175.194	192.168.7.25	1448
91.207.175.194	192.168.7.25	1448
91.207.175.194	192.168.7.25	1448
192.168.7.25	91.207.175.194	0
91.207.175.194	192.168.7.25	1448
91.207.175.194	192.168.7.25	1448
91.207.175.194	192.168.7.25	1448
91.207.175.194	192.168.7.25	1448
91.207.175.194	192.168.7.25	83
192.168.7.25	91.207.175.194	1024
91.207.175.194	192.168.7.25	1448
91.207.175.194	192.168.7.25	1448
91.207.175.194	192.168.7.25	1448
91.207.175.194	192.168.7.25	1448
192.168.7.25	91.207.175.194	0
192.168.7.25	91.207.175.194	0
192.168.7.25	91.207.175.194	0
91.207.175.194	192.168.7.25	1448
91.207.175.194	192.168.7.25	1448
91.207.175.194	192.168.7.25	1448
91.207.175.194	192.168.7.25	1448
192.168.7.25	91.207.175.194	0
192.168.7.25	91.207.175.194	0
192.168.7.25	91.207.175.194	0
91.207.175.194	192.168.7.25	1448
91.207.175.194	192.168.7.25	1448
91.207.175.194	192.168.7.25	1448
91.207.175.194	192.168.7.25	1448
91.207.175.194	192.168.7.25	1448
91.207.175.194	192.168.7.25	1448
91.207.175.194	192.168.7.25	1448
91.207.175.194	192.168.7.25	1448
91.207.175.194	192.168.7.25	1448
91.207.175.194	192.168.7.25	1448
91.207.175.194	192.168.7.25	1448
91.207.175.194	192.168.7.25	1448
192.168.7.25	91.207.175.194	0
91.207.175.194	192.168.7.25	1448
91.207.175.194	192.168.7.25	1448
91.207.175.194	192.168.7.25	1448
91.207.175.194	192.168.7.25	1448
192.168.7.25	91.207.175.194	0
91.207.175.194	192.168.7.25	1448
91.207.175.194	192.168.7.25	1448
91.207.175.194	192.168.7.25	77
192.168.7.25	91.207.175.194	1024
91.207.175.194	192.168.7.25	1448
91.207.175.194	192.168.7.25	1448
91.207.175.194	192.168.7.25	1448
91.207.175.194	192.168.7.25	1448
91.207.175.194	192.168.7.25	1448
91.207.175.194	192.168.7.25	1448
91.207.175.194	192.168.7.25	1448
91.207.175.194	192.168.7.25	1448
192.168.7.25	91.207.175.194	0
91.207.175.194	192.168.7.25	1448
91.207.175.194	192.168.7.25	1448
91.207.175.194	192.168.7.25	1448
91.207.175.194	192.168.7.25	1448
91.207.175.194	192.168.7.25	1448
91.207.175.194	192.168.7.25	1434
192.168.7.25	91.207.175.194	1024
91.207.175.194	192.168.7.25	1448
91.207.175.194	192.168.7.25	1448
91.207.175.194	192.168.7.25	1448
192.168.7.25	91.207.175.194	0
192.168.7.25	91.207.175.194	0
91.207.175.194	192.168.7.25	1448
91.207.175.194	192.168.7.25	1448
91.207.175.194	192.168.7.25	1448
91.207.175.194	192.168.7.25	1448
192.168.7.25	91.207.175.194	0
192.168.7.25	91.207.175.194	0
192.168.7.25	91.207.175.194	0
91.207.175.194	192.168.7.25	144
91.207.175.194	192.168.7.25	1448
192.168.7.25	91.207.175.194	1024
91.207.175.194	192.168.7.25	1448
91.207.175.194	192.168.7.25	1448
91.207.175.194	192.168.7.25	1448
91.207.175.194	192.168.7.25	115
192.168.7.25	91.207.175.194	1024
91.207.175.194	192.168.7.25	1448
91.207.175.194	192.168.7.25	1448
192.168.7.25	91.207.175.194	0
192.168.7.25	91.207.175.194	0
91.207.175.194	192.168.7.25	1448
91.207.175.194	192.168.7.25	1448
91.207.175.194	192.168.7.25	1448
192.168.7.25	91.207.175.194	0
192.168.7.25	91.207.175.194	0
91.207.175.194	192.168.7.25	601
91.207.175.194	192.168.7.25	1448
91.207.175.194	192.168.7.25	1448
91.207.175.194	192.168.7.25	1448
192.168.7.25	91.207.175.194	1024
192.168.7.25	91.207.175.194	0
91.207.175.194	192.168.7.25	1448
91.207.175.194	192.168.7.25	1448
91.207.175.194	192.168.7.25	1448
91.207.175.194	192.168.7.25	232
91.207.175.194	192.168.7.25	1448
91.207.175.194	192.168.7.25	1448
192.168.7.25	91.207.175.194	1024
192.168.7.25	91.207.175.194	0
91.207.175.194	192.168.7.25	1448
91.207.175.194	192.168.7.25	1448
91.207.175.194	192.168.7.25	1448
91.207.175.194	192.168.7.25	1448
91.207.175.194	192.168.7.25	1448
91.207.175.194	192.168.7.25	1448
91.207.175.194	192.168.7.25	1448
91.207.175.194	192.168.7.25	1448
91.207.175.194	192.168.7.25	1448
192.168.7.25	91.207.175.194	0
192.168.7.25	91.207.175.194	0
192.168.7.25	91.207.175.194	0
91.207.175.194	192.168.7.25	330
91.207.175.194	192.168.7.25	1448
91.207.175.194	192.168.7.25	1448
91.207.175.194	192.168.7.25	1448
192.168.7.25	91.207.175.194	1024
91.207.175.194	192.168.7.25	1448
91.207.175.194	192.168.7.25	1448
91.207.175.194	192.168.7.25	1448
91.207.175.194	192.168.7.25	1448
91.207.175.194	192.168.7.25	1448
91.207.175.194	192.168.7.25	1448
91.207.175.194	192.168.7.25	1448
91.207.175.194	192.168.7.25	1448
192.168.7.25	91.207.175.194	0
91.207.175.194	192.168.7.25	1448
91.207.175.194	192.168.7.25	1448
91.207.175.194	192.168.7.25	1434
91.207.175.194	192.168.7.25	1448
192.168.7.25	91.207.175.194	1024
91.207.175.194	192.168.7.25	1448
91.207.175.194	192.168.7.25	1448
91.207.175.194	192.168.7.25	1448
91.207.175.194	192.168.7.25	1448
192.168.7.25	91.207.175.194	0
192.168.7.25	91.207.175.194	0
192.168.7.25	91.207.175.194	0
91.207.175.194	192.168.7.25	1448
91.207.175.194	192.168.7.25	1448
91.207.175.194	192.168.7.25	1448
91.207.175.194	192.168.7.25	1448
192.168.7.25	91.207.175.194	0
91.207.175.194	192.168.7.25	1448
91.207.175.194	192.168.7.25	1448
91.207.175.194	192.168.7.25	1448
91.207.175.194	192.168.7.25	1448
91.207.175.194	192.168.7.25	1448
91.207.175.194	192.168.7.25	1448
192.168.7.25	91.207.175.194	0
91.207.175.194	192.168.7.25	616
192.168.7.25	91.207.175.194	1024
91.207.175.194	192.168.7.25	1448
91.207.175.194	192.168.7.25	1448
91.207.175.194	192.168.7.25	1448
91.207.175.194	192.168.7.25	1448
91.207.175.194	192.168.7.25	1448
91.207.175.194	192.168.7.25	1442
91.207.175.194	192.168.7.25	1448
91.207.175.194	192.168.7.25	1448
192.168.7.25	91.207.175.194	1024
192.168.7.25	91.207.175.194	0
192.168.7.25	91.207.175.194	0
91.207.175.194	192.168.7.25	1448
91.207.175.194	192.168.7.25	1448
91.207.175.194	192.168.7.25	1448
192.168.7.25	91.207.175.194	0
192.168.7.25	91.207.175.194	0
91.207.175.194	192.168.7.25	1448
91.207.175.194	192.168.7.25	1448
91.207.175.194	192.168.7.25	1448
192.168.7.25	91.207.175.194	0
91.207.175.194	192.168.7.25	1448
91.207.175.194	192.168.7.25	1448
91.207.175.194	192.168.7.25	1448
91.207.175.194	192.168.7.25	108
91.207.175.194	192.168.7.25	1448
192.168.7.25	91.207.175.194	1024
91.207.175.194	192.168.7.25	1448
91.207.175.194	192.168.7.25	1448
91.207.175.194	192.168.7.25	1448
91.207.175.194	192.168.7.25	1448
91.207.175.194	192.168.7.25	1448
91.207.175.194	192.168.7.25	1448
91.207.175.194	192.168.7.25	1448
192.168.7.25	91.207.175.194	0
91.207.175.194	192.168.7.25	111
192.168.7.25	91.207.175.194	1024
91.207.175.194	192.168.7.25	1448
91.207.175.194	192.168.7.25	1448
192.168.7.25	91.207.175.194	0
91.207.175.194	192.168.7.25	1448
91.207.175.194	192.168.7.25	1448
192.168.7.25	91.207.175.194	0
192.168.7.25	91.207.175.194	0
91.207.175.194	192.168.7.25	353
91.207.175.194	192.168.7.25	1448
91.207.175.194	192.168.7.25	1448
91.207.175.194	192.168.7.25	1448
192.168.7.25	91.207.175.194	1024
192.168.7.25	91.207.175.194	0
91.207.175.194	192.168.7.25	1448
192.168.7.25	91.207.175.194	0
192.168.7.25	91.207.175.194	0
91.207.175.194	192.168.7.25	1448
91.207.175.194	192.168.7.25	1448
91.207.175.194	192.168.7.25	1448
91.207.175.194	192.168.7.25	1448
91.207.175.194	192.168.7.25	1448
91.207.175.194	192.168.7.25	1448
91.207.175.194	192.168.7.25	1448
91.207.175.194	192.168.7.25	1448
192.168.7.25	91.207.175.194	0
91.207.175.194	192.168.7.25	1448
91.207.175.194	192.168.7.25	1448
91.207.175.194	192.168.7.25	1448
91.207.175.194	192.168.7.25	1448
192.168.7.25	91.207.175.194	0
192.168.7.25	91.207.175.194	0
91.207.175.194	192.168.7.25	1431
192.168.7.25	91.207.175.194	1024
91.207.175.194	192.168.7.25	1448
91.207.175.194	192.168.7.25	1448
91.207.175.194	192.168.7.25	1448
192.168.7.25	91.207.175.194	0
192.168.7.25	91.207.175.194	0
91.207.175.194	192.168.7.25	1448
91.207.175.194	192.168.7.25	1448
192.168.7.25	91.207.175.194	0
192.168.7.25	91.207.175.194	0
91.207.175.194	192.168.7.25	1448
91.207.175.194	192.168.7.25	1448
91.207.175.194	192.168.7.25	1448
91.207.175.194	192.168.7.25	1448
91.207.175.194	192.168.7.25	1448
91.207.175.194	192.168.7.25	1448
91.207.175.194	192.168.7.25	1436
91.207.175.194	192.168.7.25	1448
91.207.175.194	192.168.7.25	1448
192.168.7.25	91.207.175.194	1024
91.207.175.194	192.168.7.25	1448
91.207.175.194	192.168.7.25	1448
91.207.175.194	192.168.7.25	1448
91.207.175.194	192.168.7.25	1448
91.207.175.194	192.168.7.25	1448
91.207.175.194	192.168.7.25	1448
91.207.175.194	192.168.7.25	1448
91.207.175.194	192.168.7.25	1448
192.168.7.25	91.207.175.194	0
91.207.175.194	192.168.7.25	1012
91.207.175.194	192.168.7.25	1448
192.168.7.25	91.207.175.194	1024
91.207.175.194	192.168.7.25	1448
91.207.175.194	192.168.7.25	1448
91.207.175.194	192.168.7.25	1448
192.168.7.25	91.207.175.194	0
192.168.7.25	91.207.175.194	0
192.168.7.25	91.207.175.194	0
91.207.175.194	192.168.7.25	1448
91.207.175.194	192.168.7.25	1448
192.168.7.25	91.207.175.194	0
192.168.7.25	91.207.175.194	0
91.207.175.194	192.168.7.25	1448
91.207.175.194	192.168.7.25	1448
192.168.7.25	91.207.175.194	0
192.168.7.25	91.207.175.194	0
91.207.175.194	192.168.7.25	1439
192.168.7.25	91.207.175.194	1024
91.207.175.194	192.168.7.25	1448
91.207.175.194	192.168.7.25	1448
91.207.175.194	192.168.7.25	1448
91.207.175.194	192.168.7.25	1448
91.207.175.194	192.168.7.25	794
91.207.175.194	192.168.7.25	1448
192.168.7.25	91.207.175.194	1024
91.207.175.194	192.168.7.25	1448
91.207.175.194	192.168.7.25	1448
91.207.175.194	192.168.7.25	1448
91.207.175.194	192.168.7.25	1448
192.168.7.25	91.207.175.194	0
192.168.7.25	91.207.175.194	0
192.168.7.25	91.207.175.194	0
91.207.175.194	192.168.7.25	1448
91.207.175.194	192.168.7.25	1448
192.168.7.25	91.207.175.194	0
192.168.7.25	91.207.175.194	0
91.207.175.194	192.168.7.25	1448
91.207.175.194	192.168.7.25	1448
91.207.175.194	192.168.7.25	1448
91.207.175.194	192.168.7.25	1448
91.207.175.194	192.168.7.25	1448
91.207.175.194	192.168.7.25	1448
91.207.175.194	192.168.7.25	1448
91.207.175.194	192.168.7.25	1448
91.207.175.194	192.168.7.25	1448
91.207.175.194	192.168.7.25	1448
192.168.7.25	91.207.175.194	0
91.207.175.194	192.168.7.25	1448
91.207.175.194	192.168.7.25	1448
91.207.175.194	192.168.7.25	1448
91.207.175.194	192.168.7.25	1448
91.207.175.194	192.168.7.25	878
91.207.175.194	192.168.7.25	1448
91.207.175.194	192.168.7.25	1448
91.207.175.194	192.168.7.25	1448
91.207.175.194	192.168.7.25	1448
91.207.175.194	192.168.7.25	1448
192.168.7.25	91.207.175.194	1024
91.207.175.194	192.168.7.25	1448
91.207.175.194	192.168.7.25	1448
91.207.175.194	192.168.7.25	1448
192.168.7.25	91.207.175.194	0
91.207.175.194	192.168.7.25	1448
91.207.175.194	192.168.7.25	1448
91.207.175.194	192.168.7.25	1448
91.207.175.194	192.168.7.25	1448
91.207.175.194	192.168.7.25	1448
91.207.175.194	192.168.7.25	1448
91.207.175.194	192.168.7.25	1448
91.207.175.194	192.168.7.25	1448
192.168.7.25	91.207.175.194	0
91.207.175.194	192.168.7.25	1448
91.207.175.194	192.168.7.25	1448
192.168.7.25	91.207.175.194	0
192.168.7.25	91.207.175.194	0
91.207.175.194	192.168.7.25	1429
91.207.175.194	192.168.7.25	1448
192.168.7.25	91.207.175.194	1024
91.207.175.194	192.168.7.25	1448
91.207.175.194	192.168.7.25	1448
192.168.7.25	91.207.175.194	0
192.168.7.25	91.207.175.194	0
91.207.175.194	192.168.7.25	1448
91.207.175.194	192.168.7.25	1448
192.168.7.25	91.207.175.194	0
91.207.175.194	192.168.7.25	1448
91.207.175.194	192.168.7.25	1448
91.207.175.194	192.168.7.25	1448
91.207.175.194	192.168.7.25	1448
91.207.175.194	192.168.7.25	1438
91.207.175.194	192.168.7.25	1448
192.168.7.25	91.207.175.194	1024
91.207.175.194	192.168.7.25	1448
91.207.175.194	192.168.7.25	1448
91.207.175.194	192.168.7.25	1448
91.207.175.194	192.168.7.25	1018
192.168.7.25	91.207.175.194	1024
91.207.175.194	192.168.7.25	1448
91.207.175.194	192.168.7.25	1448
91.207.175.194	192.168.7.25	1448
192.168.7.25	91.207.175.194	0
192.168.7.25	91.207.175.194	0
91.207.175.194	192.168.7.25	1448
91.207.175.194	192.168.7.25	1048
91.207.175.194	192.168.7.25	1448
91.207.175.194	192.168.7.25	1448
192.168.7.25	91.207.175.194	1024
192.168.7.25	91.207.175.194	0
192.168.7.25	91.207.175.194	0
91.207.175.194	192.168.7.25	1448
91.207.175.194	192.168.7.25	1448
91.207.175.194	192.168.7.25	1443
91.207.175.194	192.168.7.25	1448
192.168.7.25	91.207.175.194	1024
91.207.175.194	192.168.7.25	1448
91.207.175.194	192.168.7.25	1448
192.168.7.25	91.207.175.194	0
192.168.7.25	91.207.175.194	0
91.207.175.194	192.168.7.25	1448
91.207.175.194	192.168.7.25	1448
91.207.175.194	192.168.7.25	1448
91.207.175.194	192.168.7.25	1448
192.168.7.25	91.207.175.194	0
192.168.7.25	91.207.175.194	0
192.168.7.25	91.207.175.194	0
91.207.175.194	192.168.7.25	1448
91.207.175.194	192.168.7.25	1448
91.207.175.194	192.168.7.25	1448
91.207.175.194	192.168.7.25	1448
91.207.175.194	192.168.7.25	1448
91.207.175.194	192.168.7.25	1448
91.207.175.194	192.168.7.25	1448
91.207.175.194	192.168.7.25	1448
192.168.7.25	91.207.175.194	0
91.207.175.194	192.168.7.25	1448
91.207.175.194	192.168.7.25	1448
91.207.175.194	192.168.7.25	1448
91.207.175.194	192.168.7.25	492
91.207.175.194	192.168.7.25	1448
91.207.175.194	192.168.7.25	1448
192.168.7.25	91.207.175.194	1024
91.207.175.194	192.168.7.25	1448
91.207.175.194	192.168.7.25	1448
91.207.175.194	192.168.7.25	1448
91.207.175.194	192.168.7.25	1448
91.207.175.194	192.168.7.25	1448
91.207.175.194	192.168.7.25	1440
192.168.7.25	91.207.175.194	1024
91.207.175.194	192.168.7.25	1448
91.207.175.194	192.168.7.25	1448
91.207.175.194	192.168.7.25	1448
192.168.7.25	91.207.175.194	0
192.168.7.25	91.207.175.194	0
91.207.175.194	192.168.7.25	1448
91.207.175.194	192.168.7.25	1448
91.207.175.194	192.168.7.25	1448
192.168.7.25	91.207.175.194	0
192.168.7.25	91.207.175.194	0
91.207.175.194	192.168.7.25	1448
91.207.175.194	192.168.7.25	1448
91.207.175.194	192.168.7.25	429
192.168.7.25	91.207.175.194	0
192.168.7.25	91.207.175.194	1024
91.207.175.194	192.168.7.25	1447
91.207.175.194	192.168.7.25	1448
91.207.175.194	192.168.7.25	1448
91.207.175.194	192.168.7.25	1448
192.168.7.25	91.207.175.194	1024
192.168.7.25	91.207.175.194	0
192.168.7.25	91.207.175.194	0
91.207.175.194	192.168.7.25	1448
91.207.175.194	192.168.7.25	1448
192.168.7.25	91.207.175.194	0
91.207.175.194	192.168.7.25	1448
91.207.175.194	192.168.7.25	1448
192.168.7.25	91.207.175.194	0
192.168.7.25	91.207.175.194	0
91.207.175.194	192.168.7.25	1448
91.207.175.194	192.168.7.25	1448
91.207.175.194	192.168.7.25	462
192.168.7.25	91.207.175.194	1024
91.207.175.194	192.168.7.25	1448
91.207.175.194	192.168.7.25	1448
91.207.175.194	192.168.7.25	1448
91.207.175.194	192.168.7.25	1448
91.207.175.194	192.168.7.25	1448
91.207.175.194	192.168.7.25	1448
91.207.175.194	192.168.7.25	1448
91.207.175.194	192.168.7.25	1448
91.207.175.194	192.168.7.25	1448
91.207.175.194	192.168.7.25	1448
91.207.175.194	192.168.7.25	1448
192.168.7.25	91.207.175.194	0
91.207.175.194	192.168.7.25	92
192.168.7.25	91.207.175.194	1024
91.207.175.194	192.168.7.25	1448
91.207.175.194	192.168.7.25	1446
192.168.7.25	91.207.175.194	1024
91.207.175.194	192.168.7.25	1448
91.207.175.194	192.168.7.25	1448
192.168.7.25	91.207.175.194	0
192.168.7.25	91.207.175.194	0
91.207.175.194	192.168.7.25	1448
91.207.175.194	192.168.7.25	1448
192.168.7.25	91.207.175.194	0
91.207.175.194	192.168.7.25	1048
91.207.175.194	192.168.7.25	1448
192.168.7.25	91.207.175.194	1024
91.207.175.194	192.168.7.25	1448
192.168.7.25	91.207.175.194	0
91.207.175.194	192.168.7.25	1448
91.207.175.194	192.168.7.25	1448
192.168.7.25	91.207.175.194	0
192.168.7.25	91.207.175.194	0
91.207.175.194	192.168.7.25	506
91.207.175.194	192.168.7.25	1448
192.168.7.25	91.207.175.194	1024
91.207.175.194	192.168.7.25	1448
91.207.175.194	192.168.7.25	1448
91.207.175.194	192.168.7.25	1448
91.207.175.194	192.168.7.25	1448
192.168.7.25	91.207.175.194	0
91.207.175.194	192.168.7.25	1448
91.207.175.194	192.168.7.25	1448
91.207.175.194	192.168.7.25	1440
192.168.7.25	91.207.175.194	1024
91.207.175.194	192.168.7.25	1448
91.207.175.194	192.168.7.25	1448
91.207.175.194	192.168.7.25	1448
192.168.7.25	91.207.175.194	0
192.168.7.25	91.207.175.194	0
91.207.175.194	192.168.7.25	1448
91.207.175.194	192.168.7.25	1448
91.207.175.194	192.168.7.25	1448
192.168.7.25	91.207.175.194	0
192.168.7.25	91.207.175.194	0
91.207.175.194	192.168.7.25	113
192.168.7.25	91.207.175.194	1024
91.207.175.194	192.168.7.25	1448
91.207.175.194	192.168.7.25	1448
91.207.175.194	192.168.7.25	268
192.168.7.25	91.207.175.194	1024
91.207.175.194	192.168.7.25	1448
91.207.175.194	192.168.7.25	1277
192.168.7.25	91.207.175.194	1024
91.207.175.194	192.168.7.25	1448
91.207.175.194	192.168.7.25	1037
192.168.7.25	91.207.175.194	1024
91.207.175.194	192.168.7.25	1448
91.207.175.194	192.168.7.25	1448
91.207.175.194	192.168.7.25	1448
91.207.175.194	192.168.7.25	1448
192.168.7.25	91.207.175.194	0
192.168.7.25	91.207.175.194	0
192.168.7.25	91.207.175.194	0
91.207.175.194	192.168.7.25	1448
91.207.175.194	192.168.7.25	1448
192.168.7.25	91.207.175.194	0
192.168.7.25	91.207.175.194	0
91.207.175.194	192.168.7.25	1448
91.207.175.194	192.168.7.25	1448
192.168.7.25	91.207.175.194	0
192.168.7.25	91.207.175.194	0
91.207.175.194	192.168.7.25	1439
192.168.7.25	91.207.175.194	1024
91.207.175.194	192.168.7.25	1448
91.207.175.194	192.168.7.25	1448
91.207.175.194	192.168.7.25	1448
91.207.175.194	192.168.7.25	1448
91.207.175.194	192.168.7.25	1448
91.207.175.194	192.168.7.25	1448
91.207.175.194	192.168.7.25	1448
192.168.7.25	91.207.175.194	0
91.207.175.194	192.168.7.25	1448
91.207.175.194	192.168.7.25	255
91.207.175.194	192.168.7.25	1448
91.207.175.194	192.168.7.25	1448
192.168.7.25	91.207.175.194	1024
192.168.7.25	91.207.175.194	0
192.168.7.25	91.207.175.194	0
91.207.175.194	192.168.7.25	1448
192.168.7.25	91.207.175.194	0
91.207.175.194	192.168.7.25	1448
91.207.175.194	192.168.7.25	1448
192.168.7.25	91.207.175.194	0
91.207.175.194	192.168.7.25	1448
91.207.175.194	192.168.7.25	1448
91.207.175.194	192.168.7.25	1448
91.207.175.194	192.168.7.25	1448
91.207.175.194	192.168.7.25	981
192.168.7.25	91.207.175.194	1024
91.207.175.194	192.168.7.25	1448
91.207.175.194	192.168.7.25	1448
91.207.175.194	192.168.7.25	1107
192.168.7.25	91.207.175.194	1024
91.207.175.194	192.168.7.25	1448
91.207.175.194	192.168.7.25	1448
192.168.7.25	91.207.175.194	0
91.207.175.194	192.168.7.25	1445
192.168.7.25	91.207.175.194	1024
91.207.175.194	192.168.7.25	1448
91.207.175.194	192.168.7.25	1448
91.207.175.194	192.168.7.25	1448
192.168.7.25	91.207.175.194	0
192.168.7.25	91.207.175.194	0
91.207.175.194	192.168.7.25	1448
91.207.175.194	192.168.7.25	1448
91.207.175.194	192.168.7.25	1448
192.168.7.25	91.207.175.194	0
91.207.175.194	192.168.7.25	1448
91.207.175.194	192.168.7.25	1448
91.207.175.194	192.168.7.25	1448
91.207.175.194	192.168.7.25	1448
91.207.175.194	192.168.7.25	212
192.168.7.25	91.207.175.194	1024
91.207.175.194	192.168.7.25	1448
91.207.175.194	192.168.7.25	1448
192.168.7.25	91.207.175.194	0
91.207.175.194	192.168.7.25	1448
91.207.175.194	192.168.7.25	1448
192.168.7.25	91.207.175.194	0
192.168.7.25	91.207.175.194	0
91.207.175.194	192.168.7.25	1448
91.207.175.194	192.168.7.25	1448
192.168.7.25	91.207.175.194	0
192.168.7.25	91.207.175.194	0
91.207.175.194	192.168.7.25	145
192.168.7.25	91.207.175.194	1024
91.207.175.194	192.168.7.25	1448
91.207.175.194	192.168.7.25	1448
91.207.175.194	192.168.7.25	1448
91.207.175.194	192.168.7.25	1448
192.168.7.25	91.207.175.194	0
91.207.175.194	192.168.7.25	506
192.168.7.25	91.207.175.194	1024
91.207.175.194	192.168.7.25	1448
91.207.175.194	192.168.7.25	1448
192.168.7.25	91.207.175.194	0
91.207.175.194	192.168.7.25	1448
91.207.175.194	192.168.7.25	1448
192.168.7.25	91.207.175.194	0
192.168.7.25	91.207.175.194	0
91.207.175.194	192.168.7.25	1448
91.207.175.194	192.168.7.25	713
192.168.7.25	91.207.175.194	1024
91.207.175.194	192.168.7.25	1448
91.207.175.194	192.168.7.25	1448
192.168.7.25	91.207.175.194	0
192.168.7.25	91.207.175.194	0
91.207.175.194	192.168.7.25	1448
91.207.175.194	192.168.7.25	1448
91.207.175.194	192.168.7.25	1448
91.207.175.194	192.168.7.25	1448
91.207.175.194	192.168.7.25	1448
91.207.175.194	192.168.7.25	231
192.168.7.25	91.207.175.194	1024
91.207.175.194	192.168.7.25	1448
91.207.175.194	192.168.7.25	1448
192.168.7.25	91.207.175.194	0
192.168.7.25	91.207.175.194	0
91.207.175.194	192.168.7.25	1448
91.207.175.194	192.168.7.25	1448
192.168.7.25	91.207.175.194	0
91.207.175.194	192.168.7.25	1448
91.207.175.194	192.168.7.25	1448
192.168.7.25	91.207.175.194	0
192.168.7.25	91.207.175.194	0
91.207.175.194	192.168.7.25	1448
91.207.175.194	192.168.7.25	1448
192.168.7.25	91.207.175.194	0
192.168.7.25	91.207.175.194	0
91.207.175.194	192.168.7.25	1101
192.168.7.25	91.207.175.194	1024
91.207.175.194	192.168.7.25	1448
91.207.175.194	192.168.7.25	1448
91.207.175.194	192.168.7.25	1448
91.207.175.194	192.168.7.25	882
192.168.7.25	91.207.175.194	1024
91.207.175.194	192.168.7.25	1448
91.207.175.194	192.168.7.25	1448
192.168.7.25	91.207.175.194	0
91.207.175.194	192.168.7.25	1448
192.168.7.25	91.207.175.194	0
91.207.175.194	192.168.7.25	1448
91.207.175.194	192.168.7.25	1448
192.168.7.25	91.207.175.194	0
192.168.7.25	91.207.175.194	0
91.207.175.194	192.168.7.25	1448
91.207.175.194	192.168.7.25	1448
192.168.7.25	91.207.175.194	0
91.207.175.194	192.168.7.25	727
192.168.7.25	91.207.175.194	1024
91.207.175.194	192.168.7.25	1448
91.207.175.194	192.168.7.25	1448
91.207.175.194	192.168.7.25	1448
91.207.175.194	192.168.7.25	1448
91.207.175.194	192.168.7.25	1448
91.207.175.194	192.168.7.25	1448
91.207.175.194	192.168.7.25	1448
91.207.175.194	192.168.7.25	1448
192.168.7.25	91.207.175.194	0
91.207.175.194	192.168.7.25	1448
91.207.175.194	192.168.7.25	1448
91.207.175.194	192.168.7.25	107
192.168.7.25	91.207.175.194	1024
91.207.175.194	192.168.7.25	1448
91.207.175.194	192.168.7.25	1448
192.168.7.25	91.207.175.194	0
91.207.175.194	192.168.7.25	1448
91.207.175.194	192.168.7.25	1448
192.168.7.25	91.207.175.194	0
192.168.7.25	91.207.175.194	0
91.207.175.194	192.168.7.25	1448
91.207.175.194	192.168.7.25	297
91.207.175.194	192.168.7.25	1448
192.168.7.25	91.207.175.194	1024
91.207.175.194	192.168.7.25	1448
91.207.175.194	192.168.7.25	1448
192.168.7.25	91.207.175.194	0
91.207.175.194	192.168.7.25	1448
91.207.175.194	192.168.7.25	1448
91.207.175.194	192.168.7.25	1448
91.207.175.194	192.168.7.25	1448
91.207.175.194	192.168.7.25	1448
91.207.175.194	192.168.7.25	1448
91.207.175.194	192.168.7.25	1448
192.168.7.25	91.207.175.194	0
91.207.175.194	192.168.7.25	1448
91.207.175.194	192.168.7.25	1448
192.168.7.25	91.207.175.194	0
91.207.175.194	192.168.7.25	1448
192.168.7.25	91.207.175.194	0
91.207.175.194	192.168.7.25	1434
192.168.7.25	91.207.175.194	1024
91.207.175.194	192.168.7.25	1448
91.207.175.194	192.168.7.25	1448
192.168.7.25	91.207.175.194	0
91.207.175.194	192.168.7.25	1448
192.168.7.25	91.207.175.194	0
91.207.175.194	192.168.7.25	1448
91.207.175.194	192.168.7.25	1448
192.168.7.25	91.207.175.194	0
91.207.175.194	192.168.7.25	1448
91.207.175.194	192.168.7.25	312
192.168.7.25	91.207.175.194	1024
91.207.175.194	192.168.7.25	1448
91.207.175.194	192.168.7.25	1448
91.207.175.194	192.168.7.25	1448
91.207.175.194	192.168.7.25	1448
91.207.175.194	192.168.7.25	1448
91.207.175.194	192.168.7.25	1442
91.207.175.194	192.168.7.25	1448
91.207.175.194	192.168.7.25	1448
91.207.175.194	192.168.7.25	1448
192.168.7.25	91.207.175.194	1024
192.168.7.25	91.207.175.194	0
192.168.7.25	91.207.175.194	0
91.207.175.194	192.168.7.25	1448
192.168.7.25	91.207.175.194	0
91.207.175.194	192.168.7.25	1448
91.207.175.194	192.168.7.25	1448
91.207.175.194	192.168.7.25	1448
192.168.7.25	91.207.175.194	0
192.168.7.25	91.207.175.194	0
91.207.175.194	192.168.7.25	1448
91.207.175.194	192.168.7.25	1448
91.207.175.194	192.168.7.25	1448
91.207.175.194	192.168.7.25	1448
91.207.175.194	192.168.7.25	1448
91.207.175.194	192.168.7.25	802
192.168.7.25	91.207.175.194	1024
91.207.175.194	192.168.7.25	1448
91.207.175.194	192.168.7.25	1448
91.207.175.194	192.168.7.25	1448
91.207.175.194	192.168.7.25	1448
91.207.175.194	192.168.7.25	1448
91.207.175.194	192.168.7.25	233
192.168.7.25	91.207.175.194	1024
91.207.175.194	192.168.7.25	1448
91.207.175.194	192.168.7.25	1448
91.207.175.194	192.168.7.25	1448
91.207.175.194	192.168.7.25	1448
91.207.175.194	192.168.7.25	1448
192.168.7.25	91.207.175.194	0
192.168.7.25	91.207.175.194	0
192.168.7.25	91.207.175.194	0
91.207.175.194	192.168.7.25	1448
91.207.175.194	192.168.7.25	1448
192.168.7.25	91.207.175.194	0
192.168.7.25	91.207.175.194	0
91.207.175.194	192.168.7.25	1448
91.207.175.194	192.168.7.25	230
192.168.7.25	91.207.175.194	1024
91.207.175.194	192.168.7.25	1448
91.207.175.194	192.168.7.25	1448
91.207.175.194	192.168.7.25	1448
91.207.175.194	192.168.7.25	1448
91.207.175.194	192.168.7.25	1448
91.207.175.194	192.168.7.25	1448
91.207.175.194	192.168.7.25	1448
91.207.175.194	192.168.7.25	1448
91.207.175.194	192.168.7.25	1448
192.168.7.25	91.207.175.194	0
91.207.175.194	192.168.7.25	1448
91.207.175.194	192.168.7.25	1448
192.168.7.25	91.207.175.194	0
192.168.7.25	91.207.175.194	0
91.207.175.194	192.168.7.25	803
91.207.175.194	192.168.7.25	1448
192.168.7.25	91.207.175.194	1024
91.207.175.194	192.168.7.25	1448
91.207.175.194	192.168.7.25	1448
192.168.7.25	91.207.175.194	0
192.168.7.25	91.207.175.194	0
91.207.175.194	192.168.7.25	1448
91.207.175.194	192.168.7.25	1448
192.168.7.25	91.207.175.194	0
91.207.175.194	192.168.7.25	98
192.168.7.25	91.207.175.194	1024
91.207.175.194	192.168.7.25	1448
91.207.175.194	192.168.7.25	1448
91.207.175.194	192.168.7.25	1448
91.207.175.194	192.168.7.25	1448
91.207.175.194	192.168.7.25	1448
91.207.175.194	192.168.7.25	1448
91.207.175.194	192.168.7.25	1448
91.207.175.194	192.168.7.25	1448
91.207.175.194	192.168.7.25	1448
192.168.7.25	91.207.175.194	0
91.207.175.194	192.168.7.25	1448
91.207.175.194	192.168.7.25	1448
91.207.175.194	192.168.7.25	1448
91.207.175.194	192.168.7.25	1448
91.207.175.194	192.168.7.25	1448
91.207.175.194	192.168.7.25	1433
192.168.7.25	91.207.175.194	1024
91.207.175.194	192.168.7.25	1448
91.207.175.194	192.168.7.25	1448
192.168.7.25	91.207.175.194	0
192.168.7.25	91.207.175.194	0
91.207.175.194	192.168.7.25	1448
91.207.175.194	192.168.7.25	1448
192.168.7.25	91.207.175.194	0
192.168.7.25	91.207.175.194	0
91.207.175.194	192.168.7.25	1448
91.207.175.194	192.168.7.25	1448
192.168.7.25	91.207.175.194	0
192.168.7.25	91.207.175.194	0
91.207.175.194	192.168.7.25	1448
91.207.175.194	192.168.7.25	1448
91.207.175.194	192.168.7.25	1448
91.207.175.194	192.168.7.25	1448
91.207.175.194	192.168.7.25	1437
91.207.175.194	192.168.7.25	1448
91.207.175.194	192.168.7.25	1448
91.207.175.194	192.168.7.25	1448
192.168.7.25	91.207.175.194	1024
91.207.175.194	192.168.7.25	1448
91.207.175.194	192.168.7.25	1448
91.207.175.194	192.168.7.25	1448
91.207.175.194	192.168.7.25	1448
91.207.175.194	192.168.7.25	1448
192.168.7.25	91.207.175.194	0
91.207.175.194	192.168.7.25	1448
91.207.175.194	192.168.7.25	1448
91.207.175.194	192.168.7.25	1448
91.207.175.194	192.168.7.25	1448
91.207.175.194	192.168.7.25	1448
192.168.7.25	91.207.175.194	0
192.168.7.25	91.207.175.194	0
91.207.175.194	192.168.7.25	225
91.207.175.194	192.168.7.25	1448
91.207.175.194	192.168.7.25	1448
91.207.175.194	192.168.7.25	1448
91.207.175.194	192.168.7.25	1448
91.207.175.194	192.168.7.25	1448
91.207.175.194	192.168.7.25	1448
192.168.7.25	91.207.175.194	1024
192.168.7.25	91.207.175.194	0
192.168.7.25	91.207.175.194	0
192.168.7.25	91.207.175.194	0
192.168.7.25	91.207.175.194	0
192.168.7.25	91.207.175.194	0
91.207.175.194	192.168.7.25	1448
91.207.175.194	192.168.7.25	1448
91.207.175.194	192.168.7.25	1448
91.207.175.194	192.168.7.25	1448
91.207.175.194	192.168.7.25	1448
91.207.175.194	192.168.7.25	1448
91.207.175.194	192.168.7.25	1448
91.207.175.194	192.168.7.25	1448
192.168.7.25	91.207.175.194	0
91.207.175.194	192.168.7.25	432
91.207.175.194	192.168.7.25	1448
192.168.7.25	91.207.175.194	1024
91.207.175.194	192.168.7.25	1448
91.207.175.194	192.168.7.25	1448
91.207.175.194	192.168.7.25	1448
91.207.175.194	192.168.7.25	1448
91.207.175.194	192.168.7.25	1448
91.207.175.194	192.168.7.25	1448
91.207.175.194	192.168.7.25	1448
192.168.7.25	91.207.175.194	0
91.207.175.194	192.168.7.25	1448
91.207.175.194	192.168.7.25	1448
91.207.175.194	192.168.7.25	1437
192.168.7.25	91.207.175.194	1024
91.207.175.194	192.168.7.25	1448
91.207.175.194	192.168.7.25	1448
91.207.175.194	192.168.7.25	1448
192.168.7.25	91.207.175.194	0
192.168.7.25	91.207.175.194	0
91.207.175.194	192.168.7.25	1448
91.207.175.194	192.168.7.25	1448
192.168.7.25	91.207.175.194	0
91.207.175.194	192.168.7.25	1448
91.207.175.194	192.168.7.25	1448
192.168.7.25	91.207.175.194	0
192.168.7.25	91.207.175.194	0
91.207.175.194	192.168.7.25	1448
91.207.175.194	192.168.7.25	1448
91.207.175.194	192.168.7.25	789
91.207.175.194	192.168.7.25	1448
91.207.175.194	192.168.7.25	1448
91.207.175.194	192.168.7.25	1448
192.168.7.25	91.207.175.194	1024
91.207.175.194	192.168.7.25	1448
91.207.175.194	192.168.7.25	1448
91.207.175.194	192.168.7.25	1448
91.207.175.194	192.168.7.25	1448
91.207.175.194	192.168.7.25	1448
91.207.175.194	192.168.7.25	1448
192.168.7.25	91.207.175.194	0
91.207.175.194	192.168.7.25	1448
91.207.175.194	192.168.7.25	1448
91.207.175.194	192.168.7.25	1448
91.207.175.194	192.168.7.25	1448
91.207.175.194	192.168.7.25	1448
91.207.175.194	192.168.7.25	1448
91.207.175.194	192.168.7.25	1448
91.207.175.194	192.168.7.25	1448
192.168.7.25	91.207.175.194	0
91.207.175.194	192.168.7.25	1448
91.207.175.194	192.168.7.25	1448
91.207.175.194	192.168.7.25	1448
91.207.175.194	192.168.7.25	355
91.207.175.194	192.168.7.25	1448
192.168.7.25	91.207.175.194	1024
91.207.175.194	192.168.7.25	1448
91.207.175.194	192.168.7.25	1448
192.168.7.25	91.207.175.194	0
192.168.7.25	91.207.175.194	0
91.207.175.194	192.168.7.25	1448
91.207.175.194	192.168.7.25	1448
192.168.7.25	91.207.175.194	0
91.207.175.194	192.168.7.25	1448
192.168.7.25	91.207.175.194	0
91.207.175.194	192.168.7.25	1448
91.207.175.194	192.168.7.25	1448
192.168.7.25	91.207.175.194	0
91.207.175.194	192.168.7.25	1448
91.207.175.194	192.168.7.25	1448
91.207.175.194	192.168.7.25	1448
91.207.175.194	192.168.7.25	1448
91.207.175.194	192.168.7.25	1448
91.207.175.194	192.168.7.25	1448
91.207.175.194	192.168.7.25	496
192.168.7.25	91.207.175.194	1024
91.207.175.194	192.168.7.25	1448
91.207.175.194	192.168.7.25	1448
91.207.175.194	192.168.7.25	1448
91.207.175.194	192.168.7.25	1448
91.207.175.194	192.168.7.25	1448
91.207.175.194	192.168.7.25	1448
91.207.175.194	192.168.7.25	1448
91.207.175.194	192.168.7.25	1448
91.207.175.194	192.168.7.25	1448
192.168.7.25	91.207.175.194	0
91.207.175.194	192.168.7.25	1448
91.207.175.194	192.168.7.25	1448
91.207.175.194	192.168.7.25	1448
91.207.175.194	192.168.7.25	1448
91.207.175.194	192.168.7.25	1448
91.207.175.194	192.168.7.25	1448
91.207.175.194	192.168.7.25	687
192.168.7.25	91.207.175.194	1024
91.207.175.194	192.168.7.25	1448
91.207.175.194	192.168.7.25	1448
192.168.7.25	91.207.175.194	0
91.207.175.194	192.168.7.25	1448
91.207.175.194	192.168.7.25	1448
192.168.7.25	91.207.175.194	0
192.168.7.25	91.207.175.194	0
91.207.175.194	192.168.7.25	1448
91.207.175.194	192.168.7.25	1448
91.207.175.194	192.168.7.25	1448
91.207.175.194	192.168.7.25	1448
192.168.7.25	91.207.175.194	0
192.168.7.25	91.207.175.194	0
192.168.7.25	91.207.175.194	0
91.207.175.194	192.168.7.25	1448
192.168.7.25	91.207.175.194	0
91.207.175.194	192.168.7.25	1448
91.207.175.194	192.168.7.25	1448
91.207.175.194	192.168.7.25	796
91.207.175.194	192.168.7.25	1448
192.168.7.25	91.207.175.194	1024
91.207.175.194	192.168.7.25	1448
91.207.175.194	192.168.7.25	1448
91.207.175.194	192.168.7.25	1448
91.207.175.194	192.168.7.25	1448
91.207.175.194	192.168.7.25	1448
91.207.175.194	192.168.7.25	993
91.207.175.194	192.168.7.25	1448
192.168.7.25	91.207.175.194	1024
91.207.175.194	192.168.7.25	1448
91.207.175.194	192.168.7.25	1448
91.207.175.194	192.168.7.25	1448
192.168.7.25	91.207.175.194	0
91.207.175.194	192.168.7.25	1448
192.168.7.25	91.207.175.194	0
91.207.175.194	192.168.7.25	1448
91.207.175.194	192.168.7.25	1448
192.168.7.25	91.207.175.194	0
192.168.7.25	91.207.175.194	0
91.207.175.194	192.168.7.25	1440
91.207.175.194	192.168.7.25	1448
192.168.7.25	91.207.175.194	1024
91.207.175.194	192.168.7.25	1448
192.168.7.25	91.207.175.194	0
91.207.175.194	192.168.7.25	1448
192.168.7.25	91.207.175.194	0
91.207.175.194	192.168.7.25	1448
91.207.175.194	192.168.7.25	1448
91.207.175.194	192.168.7.25	1448
91.207.175.194	192.168.7.25	1448
91.207.175.194	192.168.7.25	951
192.168.7.25	91.207.175.194	1024
91.207.175.194	192.168.7.25	1448
91.207.175.194	192.168.7.25	1448
91.207.175.194	192.168.7.25	1448
91.207.175.194	192.168.7.25	1448
192.168.7.25	91.207.175.194	0
91.207.175.194	192.168.7.25	1448
192.168.7.25	91.207.175.194	0
91.207.175.194	192.168.7.25	729
91.207.175.194	192.168.7.25	1448
91.207.175.194	192.168.7.25	1448
91.207.175.194	192.168.7.25	1448
192.168.7.25	91.207.175.194	1024
192.168.7.25	91.207.175.194	0
192.168.7.25	91.207.175.194	0
91.207.175.194	192.168.7.25	1448
91.207.175.194	192.168.7.25	1448
192.168.7.25	91.207.175.194	0
192.168.7.25	91.207.175.194	0
91.207.175.194	192.168.7.25	1448
91.207.175.194	192.168.7.25	97
192.168.7.25	91.207.175.194	1024
91.207.175.194	192.168.7.25	1448
91.207.175.194	192.168.7.25	1446
91.207.175.194	192.168.7.25	1448
192.168.7.25	91.207.175.194	1024
91.207.175.194	192.168.7.25	1448
192.168.7.25	91.207.175.194	0
91.207.175.194	192.168.7.25	1445
91.207.175.194	192.168.7.25	1448
192.168.7.25	91.207.175.194	1024
91.207.175.194	192.168.7.25	1448
192.168.7.25	91.207.175.194	0
91.207.175.194	192.168.7.25	1448
192.168.7.25	91.207.175.194	0
192.168.7.25	91.207.175.194	1024
91.207.175.194	192.168.7.25	987
192.168.7.25	91.207.175.194	1024
91.207.175.194	192.168.7.25	1448
91.207.175.194	192.168.7.25	102
91.207.175.194	192.168.7.25	1448
91.207.175.194	192.168.7.25	1448
192.168.7.25	91.207.175.194	1024
192.168.7.25	91.207.175.194	0
192.168.7.25	91.207.175.194	0
91.207.175.194	192.168.7.25	1448
91.207.175.194	192.168.7.25	1448
91.207.175.194	192.168.7.25	1448
91.207.175.194	192.168.7.25	1448
192.168.7.25	91.207.175.194	0
192.168.7.25	91.207.175.194	0
192.168.7.25	91.207.175.194	0
91.207.175.194	192.168.7.25	97
192.168.7.25	91.207.175.194	1024
91.207.175.194	192.168.7.25	103
192.168.7.25	91.207.175.194	1024
91.207.175.194	192.168.7.25	1448
91.207.175.194	192.168.7.25	1448
91.207.175.194	192.168.7.25	1448
192.168.7.25	91.207.175.194	0
192.168.7.25	91.207.175.194	0
91.207.175.194	192.168.7.25	1448
192.168.7.25	91.207.175.194	0
91.207.175.194	192.168.7.25	1448
192.168.7.25	91.207.175.194	0
91.207.175.194	192.168.7.25	71
192.168.7.25	91.207.175.194	1024
91.207.175.194	192.168.7.25	1448
91.207.175.194	192.168.7.25	1448
192.168.7.25	91.207.175.194	0
192.168.7.25	91.207.175.194	0
91.207.175.194	192.168.7.25	1448
91.207.175.194	192.168.7.25	1444
192.168.7.25	91.207.175.194	1024
91.207.175.194	192.168.7.25	1448
91.207.175.194	192.168.7.25	1448
192.168.7.25	91.207.175.194	0
91.207.175.194	192.168.7.25	60
192.168.7.25	91.207.175.194	1024
91.207.175.194	192.168.7.25	1448
91.207.175.194	192.168.7.25	1448
91.207.175.194	192.168.7.25	1448
192.168.7.25	91.207.175.194	0
192.168.7.25	91.207.175.194	0
91.207.175.194	192.168.7.25	1172
91.207.175.194	192.168.7.25	1448
192.168.7.25	91.207.175.194	1024
91.207.175.194	192.168.7.25	1448
91.207.175.194	192.168.7.25	1448
192.168.7.25	91.207.175.194	0
192.168.7.25	91.207.175.194	0
91.207.175.194	192.168.7.25	1448
91.207.175.194	192.168.7.25	1448
192.168.7.25	91.207.175.194	0
91.207.175.194	192.168.7.25	80
192.168.7.25	91.207.175.194	1024
91.207.175.194	192.168.7.25	1448
91.207.175.194	192.168.7.25	1448
91.207.175.194	192.168.7.25	1448
192.168.7.25	91.207.175.194	0
91.207.175.194	192.168.7.25	1448
192.168.7.25	91.207.175.194	0
91.207.175.194	192.168.7.25	1425
91.207.175.194	192.168.7.25	1448
192.168.7.25	91.207.175.194	1024
91.207.175.194	192.168.7.25	1448
192.168.7.25	91.207.175.194	0
91.207.175.194	192.168.7.25	1448
91.207.175.194	192.168.7.25	1448
91.207.175.194	192.168.7.25	1448
91.207.175.194	192.168.7.25	114
192.168.7.25	91.207.175.194	1024
91.207.175.194	192.168.7.25	1448
91.207.175.194	192.168.7.25	1448
192.168.7.25	91.207.175.194	0
91.207.175.194	192.168.7.25	1448
192.168.7.25	91.207.175.194	0
91.207.175.194	192.168.7.25	1448
91.207.175.194	192.168.7.25	99
192.168.7.25	91.207.175.194	1024
91.207.175.194	192.168.7.25	1448
91.207.175.194	192.168.7.25	1448
192.168.7.25	91.207.175.194	0
192.168.7.25	91.207.175.194	0
91.207.175.194	192.168.7.25	460
192.168.7.25	91.207.175.194	1024
91.207.175.194	192.168.7.25	1448
91.207.175.194	192.168.7.25	1448
192.168.7.25	91.207.175.194	0
192.168.7.25	91.207.175.194	0
91.207.175.194	192.168.7.25	1448
91.207.175.194	192.168.7.25	1448
91.207.175.194	192.168.7.25	1448
91.207.175.194	192.168.7.25	1448
192.168.7.25	91.207.175.194	0
192.168.7.25	91.207.175.194	0
192.168.7.25	91.207.175.194	0
91.207.175.194	192.168.7.25	573
192.168.7.25	91.207.175.194	1024
91.207.175.194	192.168.7.25	1448
91.207.175.194	192.168.7.25	1448
192.168.7.25	91.207.175.194	0
192.168.7.25	91.207.175.194	0
91.207.175.194	192.168.7.25	1448
91.207.175.194	192.168.7.25	1448
91.207.175.194	192.168.7.25	1448
91.207.175.194	192.168.7.25	1448
91.207.175.194	192.168.7.25	113
192.168.7.25	91.207.175.194	0
192.168.7.25	91.207.175.194	1024
91.207.175.194	192.168.7.25	1448
91.207.175.194	192.168.7.25	1448
91.207.175.194	192.168.7.25	1448
192.168.7.25	91.207.175.194	0
192.168.7.25	91.207.175.194	0
91.207.175.194	192.168.7.25	1448
91.207.175.194	192.168.7.25	1448
192.168.7.25	91.207.175.194	0
192.168.7.25	91.207.175.194	0
91.207.175.194	192.168.7.25	1448
91.207.175.194	192.168.7.25	1448
91.207.175.194	192.168.7.25	1448
91.207.175.194	192.168.7.25	1448
91.207.175.194	192.168.7.25	1438
91.207.175.194	192.168.7.25	1448
192.168.7.25	91.207.175.194	1024
91.207.175.194	192.168.7.25	1448
91.207.175.194	192.168.7.25	1448
91.207.175.194	192.168.7.25	1448
91.207.175.194	192.168.7.25	1448
91.207.175.194	192.168.7.25	1448
91.207.175.194	192.168.7.25	1448
91.207.175.194	192.168.7.25	1448
192.168.7.25	91.207.175.194	0
91.207.175.194	192.168.7.25	1448
91.207.175.194	192.168.7.25	1448
91.207.175.194	192.168.7.25	989
192.168.7.25	91.207.175.194	0
192.168.7.25	91.207.175.194	1024
192.168.7.25	91.207.175.194	0
91.207.175.194	192.168.7.25	1448
91.207.175.194	192.168.7.25	1448
91.207.175.194	192.168.7.25	1448
192.168.7.25	91.207.175.194	0
192.168.7.25	91.207.175.194	0
91.207.175.194	192.168.7.25	1448
91.207.175.194	192.168.7.25	1448
91.207.175.194	192.168.7.25	1448
192.168.7.25	91.207.175.194	0
192.168.7.25	91.207.175.194	0
91.207.175.194	192.168.7.25	1448
91.207.175.194	192.168.7.25	1448
91.207.175.194	192.168.7.25	1448
91.207.175.194	192.168.7.25	1448
91.207.175.194	192.168.7.25	276
192.168.7.25	91.207.175.194	1024
91.207.175.194	192.168.7.25	1448
91.207.175.194	192.168.7.25	1448
91.207.175.194	192.168.7.25	1448
91.207.175.194	192.168.7.25	1448
91.207.175.194	192.168.7.25	1448
91.207.175.194	192.168.7.25	1448
91.207.175.194	192.168.7.25	1448
91.207.175.194	192.168.7.25	1448
91.207.175.194	192.168.7.25	1448
91.207.175.194	192.168.7.25	773
192.168.7.25	91.207.175.194	0
192.168.7.25	91.207.175.194	1024
192.168.7.25	91.207.175.194	0
91.207.175.194	192.168.7.25	1448
91.207.175.194	192.168.7.25	1448
91.207.175.194	192.168.7.25	1448
91.207.175.194	192.168.7.25	1448
192.168.7.25	91.207.175.194	0
192.168.7.25	91.207.175.194	0
192.168.7.25	91.207.175.194	0
91.207.175.194	192.168.7.25	1448
91.207.175.194	192.168.7.25	1448
192.168.7.25	91.207.175.194	0
192.168.7.25	91.207.175.194	0
91.207.175.194	192.168.7.25	1448
91.207.175.194	192.168.7.25	1448
91.207.175.194	192.168.7.25	1448
91.207.175.194	192.168.7.25	1448
91.207.175.194	192.168.7.25	1448
91.207.175.194	192.168.7.25	1448
91.207.175.194	192.168.7.25	544
192.168.7.25	91.207.175.194	1024
192.168.7.25	91.207.175.194	0
91.207.175.194	192.168.7.25	1448
91.207.175.194	192.168.7.25	1448
91.207.175.194	192.168.7.25	1448
91.207.175.194	192.168.7.25	1448
91.207.175.194	192.168.7.25	1448
91.207.175.194	192.168.7.25	1448
91.207.175.194	192.168.7.25	1448
91.207.175.194	192.168.7.25	1448
91.207.175.194	192.168.7.25	1448
192.168.7.25	91.207.175.194	0
192.168.7.25	91.207.175.194	0
91.207.175.194	192.168.7.25	1438
192.168.7.25	91.207.175.194	1024
91.207.175.194	192.168.7.25	1448
91.207.175.194	192.168.7.25	1448
192.168.7.25	91.207.175.194	0
91.207.175.194	192.168.7.25	1448
91.207.175.194	192.168.7.25	1448
192.168.7.25	91.207.175.194	0
192.168.7.25	91.207.175.194	0
91.207.175.194	192.168.7.25	1448
91.207.175.194	192.168.7.25	1448
91.207.175.194	192.168.7.25	1448
91.207.175.194	192.168.7.25	1448
91.207.175.194	192.168.7.25	31
192.168.7.25	91.207.175.194	1024
91.207.175.194	192.168.7.25	1448
91.207.175.194	192.168.7.25	1448
91.207.175.194	192.168.7.25	1448
91.207.175.194	192.168.7.25	1448
91.207.175.194	192.168.7.25	1448
91.207.175.194	192.168.7.25	1448
91.207.175.194	192.168.7.25	628
91.207.175.194	192.168.7.25	1448
192.168.7.25	91.207.175.194	1024
91.207.175.194	192.168.7.25	1448
192.168.7.25	91.207.175.194	0
91.207.175.194	192.168.7.25	1448
192.168.7.25	91.207.175.194	0
91.207.175.194	192.168.7.25	1448
91.207.175.194	192.168.7.25	1448
192.168.7.25	91.207.175.194	0
192.168.7.25	91.207.175.194	0
91.207.175.194	192.168.7.25	1448
91.207.175.194	192.168.7.25	1448
192.168.7.25	91.207.175.194	0
192.168.7.25	91.207.175.194	0
91.207.175.194	192.168.7.25	1440
192.168.7.25	91.207.175.194	1024
91.207.175.194	192.168.7.25	1448
91.207.175.194	192.168.7.25	1448
91.207.175.194	192.168.7.25	1448
91.207.175.194	192.168.7.25	1448
91.207.175.194	192.168.7.25	1448
91.207.175.194	192.168.7.25	1448
91.207.175.194	192.168.7.25	1448
91.207.175.194	192.168.7.25	1271
192.168.7.25	91.207.175.194	1024
91.207.175.194	192.168.7.25	1448
91.207.175.194	192.168.7.25	1448
91.207.175.194	192.168.7.25	1448
91.207.175.194	192.168.7.25	1448
91.207.175.194	192.168.7.25	1448
192.168.7.25	91.207.175.194	0
192.168.7.25	91.207.175.194	0
91.207.175.194	192.168.7.25	1448
91.207.175.194	192.168.7.25	1448
192.168.7.25	91.207.175.194	0
91.207.175.194	192.168.7.25	1448
91.207.175.194	192.168.7.25	1448
91.207.175.194	192.168.7.25	1448
91.207.175.194	192.168.7.25	1448
91.207.175.194	192.168.7.25	1123
91.207.175.194	192.168.7.25	1448
192.168.7.25	91.207.175.194	1024
91.207.175.194	192.168.7.25	1448
91.207.175.194	192.168.7.25	1448
91.207.175.194	192.168.7.25	1448
91.207.175.194	192.168.7.25	1448
91.207.175.194	192.168.7.25	1442
91.207.175.194	192.168.7.25	1448
192.168.7.25	91.207.175.194	1024
91.207.175.194	192.168.7.25	1448
91.207.175.194	192.168.7.25	1448
192.168.7.25	91.207.175.194	0
192.168.7.25	91.207.175.194	0
91.207.175.194	192.168.7.25	1444
91.207.175.194	192.168.7.25	1448
91.207.175.194	192.168.7.25	1448
91.207.175.194	192.168.7.25	1448
192.168.7.25	91.207.175.194	1024
192.168.7.25	91.207.175.194	0
192.168.7.25	91.207.175.194	0
91.207.175.194	192.168.7.25	1448
91.207.175.194	192.168.7.25	1448
91.207.175.194	192.168.7.25	1448
91.207.175.194	192.168.7.25	1448
91.207.175.194	192.168.7.25	1448
91.207.175.194	192.168.7.25	1448
91.207.175.194	192.168.7.25	1448
91.207.175.194	192.168.7.25	1448
192.168.7.25	91.207.175.194	0
192.168.7.25	91.207.175.194	0
91.207.175.194	192.168.7.25	188
192.168.7.25	91.207.175.194	1024
91.207.175.194	192.168.7.25	1448
91.207.175.194	192.168.7.25	1448
192.168.7.25	91.207.175.194	0
91.207.175.194	192.168.7.25	1448
91.207.175.194	192.168.7.25	1448
192.168.7.25	91.207.175.194	0
192.168.7.25	91.207.175.194	0
91.207.175.194	192.168.7.25	99
192.168.7.25	91.207.175.194	1024
91.207.175.194	192.168.7.25	1448
91.207.175.194	192.168.7.25	1448
91.207.175.194	192.168.7.25	1448
192.168.7.25	91.207.175.194	0
91.207.175.194	192.168.7.25	1448
91.207.175.194	192.168.7.25	1448
91.207.175.194	192.168.7.25	1448
91.207.175.194	192.168.7.25	1448
91.207.175.194	192.168.7.25	1448
192.168.7.25	91.207.175.194	0
91.207.175.194	192.168.7.25	1448
192.168.7.25	91.207.175.194	0
91.207.175.194	192.168.7.25	1438
192.168.7.25	91.207.175.194	1024
91.207.175.194	192.168.7.25	1448
91.207.175.194	192.168.7.25	1448
91.207.175.194	192.168.7.25	1448
192.168.7.25	91.207.175.194	0
192.168.7.25	91.207.175.194	0
91.207.175.194	192.168.7.25	1448
91.207.175.194	192.168.7.25	1448
192.168.7.25	91.207.175.194	0
91.207.175.194	192.168.7.25	1113
91.207.175.194	192.168.7.25	1448
192.168.7.25	91.207.175.194	1024
91.207.175.194	192.168.7.25	1448
91.207.175.194	192.168.7.25	1448
91.207.175.194	192.168.7.25	1448
91.207.175.194	192.168.7.25	1448
91.207.175.194	192.168.7.25	1448
91.207.175.194	192.168.7.25	1448
91.207.175.194	192.168.7.25	1448
91.207.175.194	192.168.7.25	1448
192.168.7.25	91.207.175.194	0
91.207.175.194	192.168.7.25	1448
91.207.175.194	192.168.7.25	605
192.168.7.25	91.207.175.194	1024
91.207.175.194	192.168.7.25	1448
91.207.175.194	192.168.7.25	1448
91.207.175.194	192.168.7.25	1448
91.207.175.194	192.168.7.25	1448
192.168.7.25	91.207.175.194	0
192.168.7.25	91.207.175.194	0
192.168.7.25	91.207.175.194	0
91.207.175.194	192.168.7.25	1448
91.207.175.194	192.168.7.25	1448
192.168.7.25	91.207.175.194	0
192.168.7.25	91.207.175.194	0
91.207.175.194	192.168.7.25	1448
91.207.175.194	192.168.7.25	1448
192.168.7.25	91.207.175.194	0
192.168.7.25	91.207.175.194	0
91.207.175.194	192.168.7.25	1439
192.168.7.25	91.207.175.194	1024
91.207.175.194	192.168.7.25	1448
91.207.175.194	192.168.7.25	1448
91.207.175.194	192.168.7.25	1448
91.207.175.194	192.168.7.25	1448
91.207.175.194	192.168.7.25	1448
91.207.175.194	192.168.7.25	114
192.168.7.25	91.207.175.194	1024
91.207.175.194	192.168.7.25	1448
91.207.175.194	192.168.7.25	1448
192.168.7.25	91.207.175.194	0
91.207.175.194	192.168.7.25	1448
192.168.7.25	91.207.175.194	0
91.207.175.194	192.168.7.25	1448
91.207.175.194	192.168.7.25	1448
192.168.7.25	91.207.175.194	0
192.168.7.25	91.207.175.194	0
91.207.175.194	192.168.7.25	1448
91.207.175.194	192.168.7.25	689
192.168.7.25	91.207.175.194	1024
91.207.175.194	192.168.7.25	1448
91.207.175.194	192.168.7.25	1448
91.207.175.194	192.168.7.25	1448
91.207.175.194	192.168.7.25	1448
192.168.7.25	91.207.175.194	0
91.207.175.194	192.168.7.25	1448
91.207.175.194	192.168.7.25	1448
91.207.175.194	192.168.7.25	1441
192.168.7.25	91.207.175.194	1024
91.207.175.194	192.168.7.25	1447
91.207.175.194	192.168.7.25	1448
192.168.7.25	91.207.175.194	1024
91.207.175.194	192.168.7.25	1448
192.168.7.25	91.207.175.194	0
91.207.175.194	192.168.7.25	1448
91.207.175.194	192.168.7.25	1448
192.168.7.25	91.207.175.194	0
192.168.7.25	91.207.175.194	0
91.207.175.194	192.168.7.25	1448
91.207.175.194	192.168.7.25	1448
192.168.7.25	91.207.175.194	0
91.207.175.194	192.168.7.25	488
91.207.175.194	192.168.7.25	1448
192.168.7.25	91.207.175.194	1024
91.207.175.194	192.168.7.25	1448
192.168.7.25	91.207.175.194	0
91.207.175.194	192.168.7.25	1448
91.207.175.194	192.168.7.25	1448
91.207.175.194	192.168.7.25	1448
192.168.7.25	91.207.175.194	0
192.168.7.25	91.207.175.194	0
91.207.175.194	192.168.7.25	1448
91.207.175.194	192.168.7.25	1448
192.168.7.25	91.207.175.194	0
192.168.7.25	91.207.175.194	0
91.207.175.194	192.168.7.25	231
192.168.7.25	91.207.175.194	1024
91.207.175.194	192.168.7.25	103
192.168.7.25	91.207.175.194	1024
91.207.175.194	192.168.7.25	798
192.168.7.25	91.207.175.194	1024
91.207.175.194	192.168.7.25	725
192.168.7.25	91.207.175.194	1024
91.207.175.194	192.168.7.25	1448
91.207.175.194	192.168.7.25	1448
91.207.175.194	192.168.7.25	1448
192.168.7.25	91.207.175.194	0
192.168.7.25	91.207.175.194	0
91.207.175.194	192.168.7.25	1448
91.207.175.194	192.168.7.25	1448
192.168.7.25	91.207.175.194	0
192.168.7.25	91.207.175.194	0
91.207.175.194	192.168.7.25	1448
91.207.175.194	192.168.7.25	1448
91.207.175.194	192.168.7.25	1448
192.168.7.25	91.207.175.194	0
192.168.7.25	91.207.175.194	0
91.207.175.194	192.168.7.25	1448
91.207.175.194	192.168.7.25	1448
91.207.175.194	192.168.7.25	420
192.168.7.25	91.207.175.194	1024
91.207.175.194	192.168.7.25	1448
91.207.175.194	192.168.7.25	1448
91.207.175.194	192.168.7.25	1448
91.207.175.194	192.168.7.25	1448
91.207.175.194	192.168.7.25	1448
91.207.175.194	192.168.7.25	1448
91.207.175.194	192.168.7.25	589
192.168.7.25	91.207.175.194	1024
91.207.175.194	192.168.7.25	1448
91.207.175.194	192.168.7.25	1448
192.168.7.25	91.207.175.194	0
91.207.175.194	192.168.7.25	1448
192.168.7.25	91.207.175.194	0
91.207.175.194	192.168.7.25	1448
91.207.175.194	192.168.7.25	1448
91.207.175.194	192.168.7.25	1448
192.168.7.25	91.207.175.194	0
192.168.7.25	91.207.175.194	0
91.207.175.194	192.168.7.25	1441
192.168.7.25	91.207.175.194	1024
91.207.175.194	192.168.7.25	1448
91.207.175.194	192.168.7.25	1448
91.207.175.194	192.168.7.25	1448
91.207.175.194	192.168.7.25	1448
91.207.175.194	192.168.7.25	723
192.168.7.25	91.207.175.194	1024
91.207.175.194	192.168.7.25	1448
91.207.175.194	192.168.7.25	1448
91.207.175.194	192.168.7.25	1448
91.207.175.194	192.168.7.25	1448
192.168.7.25	91.207.175.194	0
192.168.7.25	91.207.175.194	0
91.207.175.194	192.168.7.25	1448
91.207.175.194	192.168.7.25	1448
192.168.7.25	91.207.175.194	0
192.168.7.25	91.207.175.194	0
91.207.175.194	192.168.7.25	1441
192.168.7.25	91.207.175.194	1024
91.207.175.194	192.168.7.25	1448
91.207.175.194	192.168.7.25	1448
91.207.175.194	192.168.7.25	1448
192.168.7.25	91.207.175.194	0
192.168.7.25	91.207.175.194	0
91.207.175.194	192.168.7.25	1448
91.207.175.194	192.168.7.25	1448
91.207.175.194	192.168.7.25	1442
192.168.7.25	91.207.175.194	1024
91.207.175.194	192.168.7.25	1448
91.207.175.194	192.168.7.25	1448
91.207.175.194	192.168.7.25	1448
91.207.175.194	192.168.7.25	1448
192.168.7.25	91.207.175.194	0
192.168.7.25	91.207.175.194	0
91.207.175.194	192.168.7.25	1448
91.207.175.194	192.168.7.25	1448
192.168.7.25	91.207.175.194	0
192.168.7.25	91.207.175.194	0
91.207.175.194	192.168.7.25	312
192.168.7.25	91.207.175.194	1024
91.207.175.194	192.168.7.25	1448
91.207.175.194	192.168.7.25	1448
91.207.175.194	192.168.7.25	1448
192.168.7.25	91.207.175.194	0
192.168.7.25	91.207.175.194	0
91.207.175.194	192.168.7.25	1448
91.207.175.194	192.168.7.25	1448
192.168.7.25	91.207.175.194	0
91.207.175.194	192.168.7.25	1448
91.207.175.194	192.168.7.25	1448
91.207.175.194	192.168.7.25	1253
91.207.175.194	192.168.7.25	1448
91.207.175.194	192.168.7.25	1448
192.168.7.25	91.207.175.194	1024
91.207.175.194	192.168.7.25	1448
91.207.175.194	192.168.7.25	1448
91.207.175.194	192.168.7.25	1448
91.207.175.194	192.168.7.25	1448
192.168.7.25	91.207.175.194	0
192.168.7.25	91.207.175.194	0
91.207.175.194	192.168.7.25	861
192.168.7.25	91.207.175.194	1024
91.207.175.194	192.168.7.25	1382
192.168.7.25	91.207.175.194	1024
91.207.175.194	192.168.7.25	1245
192.168.7.25	91.207.175.194	1024
91.207.175.194	192.168.7.25	721
192.168.7.25	91.207.175.194	1024
91.207.175.194	192.168.7.25	1448
91.207.175.194	192.168.7.25	1448
192.168.7.25	91.207.175.194	0
192.168.7.25	91.207.175.194	0
91.207.175.194	192.168.7.25	751
91.207.175.194	192.168.7.25	1448
91.207.175.194	192.168.7.25	1448
192.168.7.25	91.207.175.194	1024
192.168.7.25	91.207.175.194	0
192.168.7.25	91.207.175.194	0
91.207.175.194	192.168.7.25	1448
91.207.175.194	192.168.7.25	1065
192.168.7.25	91.207.175.194	1024
91.207.175.194	192.168.7.25	428
192.168.7.25	91.207.175.194	1024
91.207.175.194	192.168.7.25	119
192.168.7.25	91.207.175.194	1024
91.207.175.194	192.168.7.25	206
192.168.7.25	91.207.175.194	823
91.207.175.194	192.168.7.25	391
192.168.7.25	91.207.175.194	0
192.168.7.25	91.207.175.194	103
91.207.175.194	192.168.7.25	0
91.207.175.194	192.168.7.25	1447
192.168.7.25	91.207.175.194	1024
91.207.175.194	192.168.7.25	135
192.168.7.25	91.207.175.194	270
91.207.175.194	192.168.7.25	103
192.168.7.25	91.207.175.194	0
91.207.175.194	192.168.7.25	103
192.168.7.25	91.207.175.194	0
91.207.175.194	192.168.7.25	103
192.168.7.25	91.207.175.194	0
91.207.175.194	192.168.7.25	494
192.168.7.25	91.207.175.194	0
192.168.7.25	91.207.175.194	103
91.207.175.194	192.168.7.25	103
192.168.7.25	91.207.175.194	921
91.207.175.194	192.168.7.25	0
91.207.175.194	192.168.7.25	0
192.168.7.25	91.207.175.194	53
91.207.175.194	192.168.7.25	0
91.207.175.194	192.168.7.25	103
192.168.7.25	91.207.175.194	0
91.207.175.194	192.168.7.25	103
192.168.7.25	91.207.175.194	0
91.207.175.194	192.168.7.25	510
192.168.7.25	91.207.175.194	0
192.168.7.25	91.207.175.194	103
91.207.175.194	192.168.7.25	0
192.168.7.25	91.207.175.194	926
91.207.175.194	192.168.7.25	167
192.168.7.25	91.207.175.194	0
91.207.175.194	192.168.7.25	0
91.207.175.194	192.168.7.25	103
192.168.7.25	91.207.175.194	0
91.207.175.194	192.168.7.25	407
192.168.7.25	91.207.175.194	0
192.168.7.25	91.207.175.194	103
91.207.175.194	192.168.7.25	0
91.207.175.194	192.168.7.25	1319
192.168.7.25	91.207.175.194	1024
91.207.175.194	192.168.7.25	695
192.168.7.25	91.207.175.194	30
91.207.175.194	192.168.7.25	0
91.207.175.194	192.168.7.25	103
192.168.7.25	91.207.175.194	0
91.207.175.194	192.168.7.25	830
192.168.7.25	91.207.175.194	0
91.207.175.194	192.168.7.25	1447
192.168.7.25	91.207.175.194	0
91.207.175.194	192.168.7.25	391
192.168.7.25	91.207.175.194	0
192.168.7.25	91.207.175.194	103
91.207.175.194	192.168.7.25	0
192.168.7.25	91.207.175.194	270
91.207.175.194	192.168.7.25	0
91.207.175.194	192.168.7.25	167
192.168.7.25	91.207.175.194	0
192.168.7.25	91.207.175.194	87
91.207.175.194	192.168.7.25	270
91.207.175.194	192.168.7.25	0
192.168.7.25	91.207.175.194	0
91.207.175.194	192.168.7.25	135
192.168.7.25	91.207.175.194	0
