192.168.7.25	144.76.107.124	543
144.76.107.124	192.168.7.25	0
144.76.107.124	192.168.7.25	543
192.168.7.25	144.76.107.124	0
192.168.7.25	144.76.107.124	543
144.76.107.124	192.168.7.25	0
144.76.107.124	192.168.7.25	1448
144.76.107.124	192.168.7.25	1448
144.76.107.124	192.168.7.25	731
192.168.7.25	144.76.107.124	0
192.168.7.25	144.76.107.124	0
144.76.107.124	192.168.7.25	1448
144.76.107.124	192.168.7.25	1448
192.168.7.25	144.76.107.124	0
192.168.7.25	144.76.107.124	0
192.168.7.25	144.76.107.124	543
144.76.107.124	192.168.7.25	1448
144.76.107.124	192.168.7.25	340
192.168.7.25	144.76.107.124	543
144.76.107.124	192.168.7.25	0
144.76.107.124	192.168.7.25	543
192.168.7.25	144.76.107.124	1086
144.76.107.124	192.168.7.25	543
192.168.7.25	144.76.107.124	543
144.76.107.124	192.168.7.25	0
192.168.7.25	144.76.107.124	1057
144.76.107.124	192.168.7.25	0
144.76.107.124	192.168.7.25	543
144.76.107.124	192.168.7.25	1448
144.76.107.124	192.168.7.25	1448
144.76.107.124	192.168.7.25	1448
144.76.107.124	192.168.7.25	1448
144.76.107.124	192.168.7.25	1448
144.76.107.124	192.168.7.25	1448
144.76.107.124	192.168.7.25	1448
144.76.107.124	192.168.7.25	1448
144.76.107.124	192.168.7.25	1448
192.168.7.25	144.76.107.124	0
192.168.7.25	144.76.107.124	0
192.168.7.25	144.76.107.124	0
192.168.7.25	144.76.107.124	0
192.168.7.25	144.76.107.124	0
192.168.7.25	144.76.107.124	0
192.168.7.25	144.76.107.124	0
192.168.7.25	144.76.107.124	0
192.168.7.25	144.76.107.124	543
192.168.7.25	144.76.107.124	1448
192.168.7.25	144.76.107.124	123
144.76.107.124	192.168.7.25	1448
144.76.107.124	192.168.7.25	1448
144.76.107.124	192.168.7.25	1448
144.76.107.124	192.168.7.25	1448
192.168.7.25	144.76.107.124	0
192.168.7.25	144.76.107.124	0
144.76.107.124	192.168.7.25	1448
144.76.107.124	192.168.7.25	1448
192.168.7.25	144.76.107.124	0
192.168.7.25	144.76.107.124	0
144.76.107.124	192.168.7.25	1448
144.76.107.124	192.168.7.25	1448
144.76.107.124	192.168.7.25	1448
192.168.7.25	144.76.107.124	0
192.168.7.25	144.76.107.124	543
144.76.107.124	192.168.7.25	1012
144.76.107.124	192.168.7.25	0
192.168.7.25	144.76.107.124	0
144.76.107.124	192.168.7.25	1448
144.76.107.124	192.168.7.25	1448
144.76.107.124	192.168.7.25	1448
144.76.107.124	192.168.7.25	1448
144.76.107.124	192.168.7.25	1448
192.168.7.25	144.76.107.124	0
192.168.7.25	144.76.107.124	0
192.168.7.25	144.76.107.124	0
144.76.107.124	192.168.7.25	1448
144.76.107.124	192.168.7.25	1448
144.76.107.124	192.168.7.25	1448
192.168.7.25	144.76.107.124	0
192.168.7.25	144.76.107.124	0
144.76.107.124	192.168.7.25	0
144.76.107.124	192.168.7.25	1382
192.168.7.25	144.76.107.124	0
192.168.7.25	144.76.107.124	543
192.168.7.25	144.76.107.124	1448
192.168.7.25	144.76.107.124	152
144.76.107.124	192.168.7.25	1448
144.76.107.124	192.168.7.25	1448
144.76.107.124	192.168.7.25	1448
144.76.107.124	192.168.7.25	1448
144.76.107.124	192.168.7.25	1448
192.168.7.25	144.76.107.124	543
192.168.7.25	144.76.107.124	0
192.168.7.25	144.76.107.124	0
144.76.107.124	192.168.7.25	1448
144.76.107.124	192.168.7.25	1448
144.76.107.124	192.168.7.25	1448
192.168.7.25	144.76.107.124	0
192.168.7.25	144.76.107.124	0
144.76.107.124	192.168.7.25	1448
144.76.107.124	192.168.7.25	1448
144.76.107.124	192.168.7.25	1448
192.168.7.25	144.76.107.124	0
192.168.7.25	144.76.107.124	0
144.76.107.124	192.168.7.25	1448
144.76.107.124	192.168.7.25	1448
144.76.107.124	192.168.7.25	1448
144.76.107.124	192.168.7.25	1448
192.168.7.25	144.76.107.124	0
192.168.7.25	144.76.107.124	0
192.168.7.25	144.76.107.124	0
144.76.107.124	192.168.7.25	1448
144.76.107.124	192.168.7.25	1448
144.76.107.124	192.168.7.25	1448
192.168.7.25	144.76.107.124	543
192.168.7.25	144.76.107.124	0
144.76.107.124	192.168.7.25	1448
144.76.107.124	192.168.7.25	1448
144.76.107.124	192.168.7.25	1448
144.76.107.124	192.168.7.25	1448
192.168.7.25	144.76.107.124	0
192.168.7.25	144.76.107.124	0
192.168.7.25	144.76.107.124	0
144.76.107.124	192.168.7.25	1448
144.76.107.124	192.168.7.25	1448
144.76.107.124	192.168.7.25	1448
192.168.7.25	144.76.107.124	0
192.168.7.25	144.76.107.124	0
144.76.107.124	192.168.7.25	1448
144.76.107.124	192.168.7.25	1448
192.168.7.25	144.76.107.124	543
192.168.7.25	144.76.107.124	0
144.76.107.124	192.168.7.25	1448
144.76.107.124	192.168.7.25	1448
192.168.7.25	144.76.107.124	0
144.76.107.124	192.168.7.25	1448
144.76.107.124	192.168.7.25	1448
144.76.107.124	192.168.7.25	1448
144.76.107.124	192.168.7.25	1448
192.168.7.25	144.76.107.124	0
192.168.7.25	144.76.107.124	0
192.168.7.25	144.76.107.124	0
144.76.107.124	192.168.7.25	1448
144.76.107.124	192.168.7.25	1448
192.168.7.25	144.76.107.124	0
192.168.7.25	144.76.107.124	0
144.76.107.124	192.168.7.25	1448
144.76.107.124	192.168.7.25	1448
144.76.107.124	192.168.7.25	1448
192.168.7.25	144.76.107.124	0
192.168.7.25	144.76.107.124	543
144.76.107.124	192.168.7.25	0
144.76.107.124	192.168.7.25	0
144.76.107.124	192.168.7.25	1448
144.76.107.124	192.168.7.25	1448
144.76.107.124	192.168.7.25	1448
144.76.107.124	192.168.7.25	1448
192.168.7.25	144.76.107.124	0
192.168.7.25	144.76.107.124	0
144.76.107.124	192.168.7.25	1448
144.76.107.124	192.168.7.25	1448
144.76.107.124	192.168.7.25	1448
144.76.107.124	192.168.7.25	1448
192.168.7.25	144.76.107.124	0
192.168.7.25	144.76.107.124	0
192.168.7.25	144.76.107.124	0
144.76.107.124	192.168.7.25	1448
144.76.107.124	192.168.7.25	1448
144.76.107.124	192.168.7.25	1448
144.76.107.124	192.168.7.25	1448
192.168.7.25	144.76.107.124	0
192.168.7.25	144.76.107.124	0
192.168.7.25	144.76.107.124	0
144.76.107.124	192.168.7.25	1448
144.76.107.124	192.168.7.25	1448
144.76.107.124	192.168.7.25	1448
144.76.107.124	192.168.7.25	1448
144.76.107.124	192.168.7.25	1448
144.76.107.124	192.168.7.25	1448
144.76.107.124	192.168.7.25	1448
144.76.107.124	192.168.7.25	1448
144.76.107.124	192.168.7.25	1448
144.76.107.124	192.168.7.25	1448
192.168.7.25	144.76.107.124	0
192.168.7.25	144.76.107.124	0
192.168.7.25	144.76.107.124	0
192.168.7.25	144.76.107.124	0
192.168.7.25	144.76.107.124	0
192.168.7.25	144.76.107.124	543
192.168.7.25	144.76.107.124	0
144.76.107.124	192.168.7.25	1448
144.76.107.124	192.168.7.25	1448
144.76.107.124	192.168.7.25	1448
192.168.7.25	144.76.107.124	0
144.76.107.124	192.168.7.25	1448
144.76.107.124	192.168.7.25	1448
144.76.107.124	192.168.7.25	1448
144.76.107.124	192.168.7.25	1448
144.76.107.124	192.168.7.25	1448
192.168.7.25	144.76.107.124	0
192.168.7.25	144.76.107.124	0
192.168.7.25	144.76.107.124	0
192.168.7.25	144.76.107.124	0
192.168.7.25	144.76.107.124	0
144.76.107.124	192.168.7.25	1448
144.76.107.124	192.168.7.25	1448
144.76.107.124	192.168.7.25	1448
144.76.107.124	192.168.7.25	1448
144.76.107.124	192.168.7.25	1448
144.76.107.124	192.168.7.25	1448
192.168.7.25	144.76.107.124	0
192.168.7.25	144.76.107.124	0
192.168.7.25	144.76.107.124	0
192.168.7.25	144.76.107.124	543
144.76.107.124	192.168.7.25	1448
144.76.107.124	192.168.7.25	1448
144.76.107.124	192.168.7.25	1448
144.76.107.124	192.168.7.25	1448
192.168.7.25	144.76.107.124	0
192.168.7.25	144.76.107.124	0
192.168.7.25	144.76.107.124	0
192.168.7.25	144.76.107.124	0
144.76.107.124	192.168.7.25	1448
144.76.107.124	192.168.7.25	1448
144.76.107.124	192.168.7.25	1448
144.76.107.124	192.168.7.25	1448
192.168.7.25	144.76.107.124	0
192.168.7.25	144.76.107.124	0
192.168.7.25	144.76.107.124	0
144.76.107.124	192.168.7.25	1448
144.76.107.124	192.168.7.25	1448
144.76.107.124	192.168.7.25	1448
144.76.107.124	192.168.7.25	1448
144.76.107.124	192.168.7.25	1448
144.76.107.124	192.168.7.25	1448
192.168.7.25	144.76.107.124	0
192.168.7.25	144.76.107.124	0
192.168.7.25	144.76.107.124	0
192.168.7.25	144.76.107.124	0
192.168.7.25	144.76.107.124	0
144.76.107.124	192.168.7.25	1448
144.76.107.124	192.168.7.25	1448
192.168.7.25	144.76.107.124	543
144.76.107.124	192.168.7.25	1448
144.76.107.124	192.168.7.25	1448
192.168.7.25	144.76.107.124	0
192.168.7.25	144.76.107.124	0
144.76.107.124	192.168.7.25	1448
144.76.107.124	192.168.7.25	1448
144.76.107.124	192.168.7.25	1448
192.168.7.25	144.76.107.124	0
192.168.7.25	144.76.107.124	0
144.76.107.124	192.168.7.25	1448
144.76.107.124	192.168.7.25	1448
144.76.107.124	192.168.7.25	1448
144.76.107.124	192.168.7.25	1448
144.76.107.124	192.168.7.25	1448
192.168.7.25	144.76.107.124	1057
192.168.7.25	144.76.107.124	0
192.168.7.25	144.76.107.124	0
192.168.7.25	144.76.107.124	0
144.76.107.124	192.168.7.25	1448
144.76.107.124	192.168.7.25	1448
144.76.107.124	192.168.7.25	1448
144.76.107.124	192.168.7.25	1448
192.168.7.25	144.76.107.124	0
192.168.7.25	144.76.107.124	0
192.168.7.25	144.76.107.124	0
144.76.107.124	192.168.7.25	1120
144.76.107.124	192.168.7.25	1448
144.76.107.124	192.168.7.25	1448
192.168.7.25	144.76.107.124	0
192.168.7.25	144.76.107.124	0
192.168.7.25	144.76.107.124	0
144.76.107.124	192.168.7.25	1448
144.76.107.124	192.168.7.25	1448
144.76.107.124	192.168.7.25	1448
144.76.107.124	192.168.7.25	1448
144.76.107.124	192.168.7.25	1448
192.168.7.25	144.76.107.124	0
192.168.7.25	144.76.107.124	0
192.168.7.25	144.76.107.124	0
144.76.107.124	192.168.7.25	1448
144.76.107.124	192.168.7.25	1448
192.168.7.25	144.76.107.124	0
192.168.7.25	144.76.107.124	543
144.76.107.124	192.168.7.25	1448
144.76.107.124	192.168.7.25	1448
144.76.107.124	192.168.7.25	1448
144.76.107.124	192.168.7.25	1448
192.168.7.25	144.76.107.124	0
192.168.7.25	144.76.107.124	0
192.168.7.25	144.76.107.124	0
144.76.107.124	192.168.7.25	1448
144.76.107.124	192.168.7.25	1448
144.76.107.124	192.168.7.25	1448
144.76.107.124	192.168.7.25	1448
192.168.7.25	144.76.107.124	0
192.168.7.25	144.76.107.124	0
144.76.107.124	192.168.7.25	1448
144.76.107.124	192.168.7.25	1448
144.76.107.124	192.168.7.25	1448
144.76.107.124	192.168.7.25	1448
144.76.107.124	192.168.7.25	1448
144.76.107.124	192.168.7.25	1448
192.168.7.25	144.76.107.124	0
192.168.7.25	144.76.107.124	0
192.168.7.25	144.76.107.124	0
192.168.7.25	144.76.107.124	0
192.168.7.25	144.76.107.124	0
192.168.7.25	144.76.107.124	543
192.168.7.25	144.76.107.124	0
192.168.7.25	144.76.107.124	0
144.76.107.124	192.168.7.25	1448
144.76.107.124	192.168.7.25	1448
144.76.107.124	192.168.7.25	1448
144.76.107.124	192.168.7.25	1448
192.168.7.25	144.76.107.124	0
192.168.7.25	144.76.107.124	0
192.168.7.25	144.76.107.124	0
144.76.107.124	192.168.7.25	1448
144.76.107.124	192.168.7.25	1448
144.76.107.124	192.168.7.25	1448
144.76.107.124	192.168.7.25	1448
144.76.107.124	192.168.7.25	1448
192.168.7.25	144.76.107.124	0
192.168.7.25	144.76.107.124	0
144.76.107.124	192.168.7.25	1448
144.76.107.124	192.168.7.25	1448
144.76.107.124	192.168.7.25	1448
144.76.107.124	192.168.7.25	1448
192.168.7.25	144.76.107.124	0
192.168.7.25	144.76.107.124	0
192.168.7.25	144.76.107.124	0
192.168.7.25	144.76.107.124	0
192.168.7.25	144.76.107.124	0
144.76.107.124	192.168.7.25	1448
144.76.107.124	192.168.7.25	1448
144.76.107.124	192.168.7.25	1448
144.76.107.124	192.168.7.25	1448
192.168.7.25	144.76.107.124	0
192.168.7.25	144.76.107.124	0
192.168.7.25	144.76.107.124	0
144.76.107.124	192.168.7.25	1448
144.76.107.124	192.168.7.25	1448
144.76.107.124	192.168.7.25	1448
144.76.107.124	192.168.7.25	1448
192.168.7.25	144.76.107.124	0
192.168.7.25	144.76.107.124	0
192.168.7.25	144.76.107.124	0
144.76.107.124	192.168.7.25	1448
144.76.107.124	192.168.7.25	1448
144.76.107.124	192.168.7.25	1448
144.76.107.124	192.168.7.25	1448
192.168.7.25	144.76.107.124	0
192.168.7.25	144.76.107.124	0
192.168.7.25	144.76.107.124	0
144.76.107.124	192.168.7.25	1448
144.76.107.124	192.168.7.25	1448
144.76.107.124	192.168.7.25	1448
144.76.107.124	192.168.7.25	1448
144.76.107.124	192.168.7.25	1448
192.168.7.25	144.76.107.124	0
192.168.7.25	144.76.107.124	0
192.168.7.25	144.76.107.124	0
144.76.107.124	192.168.7.25	1448
144.76.107.124	192.168.7.25	1448
144.76.107.124	192.168.7.25	1448
144.76.107.124	192.168.7.25	1448
192.168.7.25	144.76.107.124	0
192.168.7.25	144.76.107.124	0
192.168.7.25	144.76.107.124	0
144.76.107.124	192.168.7.25	1448
144.76.107.124	192.168.7.25	1448
144.76.107.124	192.168.7.25	1448
144.76.107.124	192.168.7.25	1448
144.76.107.124	192.168.7.25	1448
192.168.7.25	144.76.107.124	0
192.168.7.25	144.76.107.124	1448
192.168.7.25	144.76.107.124	637
144.76.107.124	192.168.7.25	1448
144.76.107.124	192.168.7.25	1448
144.76.107.124	192.168.7.25	1448
144.76.107.124	192.168.7.25	1448
144.76.107.124	192.168.7.25	1448
144.76.107.124	192.168.7.25	1448
144.76.107.124	192.168.7.25	1448
144.76.107.124	192.168.7.25	1448
144.76.107.124	192.168.7.25	1448
144.76.107.124	192.168.7.25	1448
144.76.107.124	192.168.7.25	1448
192.168.7.25	144.76.107.124	0
144.76.107.124	192.168.7.25	1448
144.76.107.124	192.168.7.25	1448
144.76.107.124	192.168.7.25	1448
144.76.107.124	192.168.7.25	1448
144.76.107.124	192.168.7.25	1448
144.76.107.124	192.168.7.25	1448
144.76.107.124	192.168.7.25	1448
144.76.107.124	192.168.7.25	1448
192.168.7.25	144.76.107.124	0
144.76.107.124	192.168.7.25	1448
144.76.107.124	192.168.7.25	1448
144.76.107.124	192.168.7.25	1448
144.76.107.124	192.168.7.25	1448
144.76.107.124	192.168.7.25	1448
144.76.107.124	192.168.7.25	1448
144.76.107.124	192.168.7.25	1448
144.76.107.124	192.168.7.25	1448
192.168.7.25	144.76.107.124	0
144.76.107.124	192.168.7.25	1448
144.76.107.124	192.168.7.25	1448
144.76.107.124	192.168.7.25	1448
144.76.107.124	192.168.7.25	1448
144.76.107.124	192.168.7.25	1448
192.168.7.25	144.76.107.124	0
144.76.107.124	192.168.7.25	1448
144.76.107.124	192.168.7.25	1448
144.76.107.124	192.168.7.25	1448
144.76.107.124	192.168.7.25	1448
144.76.107.124	192.168.7.25	1448
144.76.107.124	192.168.7.25	1448
144.76.107.124	192.168.7.25	1448
144.76.107.124	192.168.7.25	1448
144.76.107.124	192.168.7.25	1448
144.76.107.124	192.168.7.25	1448
144.76.107.124	192.168.7.25	1448
144.76.107.124	192.168.7.25	1448
192.168.7.25	144.76.107.124	0
144.76.107.124	192.168.7.25	1448
144.76.107.124	192.168.7.25	1448
144.76.107.124	192.168.7.25	1448
192.168.7.25	144.76.107.124	1448
192.168.7.25	144.76.107.124	1448
192.168.7.25	144.76.107.124	731
144.76.107.124	192.168.7.25	1448
144.76.107.124	192.168.7.25	1448
144.76.107.124	192.168.7.25	1448
144.76.107.124	192.168.7.25	1448
144.76.107.124	192.168.7.25	1448
144.76.107.124	192.168.7.25	1448
144.76.107.124	192.168.7.25	1448
144.76.107.124	192.168.7.25	1448
144.76.107.124	192.168.7.25	1448
192.168.7.25	144.76.107.124	0
144.76.107.124	192.168.7.25	1448
144.76.107.124	192.168.7.25	1448
144.76.107.124	192.168.7.25	1448
144.76.107.124	192.168.7.25	1448
144.76.107.124	192.168.7.25	1448
144.76.107.124	192.168.7.25	1448
144.76.107.124	192.168.7.25	1448
192.168.7.25	144.76.107.124	543
144.76.107.124	192.168.7.25	1448
144.76.107.124	192.168.7.25	1448
144.76.107.124	192.168.7.25	1448
144.76.107.124	192.168.7.25	1448
144.76.107.124	192.168.7.25	1448
144.76.107.124	192.168.7.25	1448
144.76.107.124	192.168.7.25	1448
144.76.107.124	192.168.7.25	1448
144.76.107.124	192.168.7.25	1448
144.76.107.124	192.168.7.25	1448
144.76.107.124	192.168.7.25	1448
192.168.7.25	144.76.107.124	0
144.76.107.124	192.168.7.25	1448
144.76.107.124	192.168.7.25	1448
144.76.107.124	192.168.7.25	1448
144.76.107.124	192.168.7.25	1448
144.76.107.124	192.168.7.25	1448
192.168.7.25	144.76.107.124	0
144.76.107.124	192.168.7.25	1448
144.76.107.124	192.168.7.25	1448
144.76.107.124	192.168.7.25	1448
144.76.107.124	192.168.7.25	1448
144.76.107.124	192.168.7.25	1448
144.76.107.124	192.168.7.25	1448
192.168.7.25	144.76.107.124	1448
192.168.7.25	144.76.107.124	123
144.76.107.124	192.168.7.25	1448
144.76.107.124	192.168.7.25	1448
144.76.107.124	192.168.7.25	1448
144.76.107.124	192.168.7.25	1448
144.76.107.124	192.168.7.25	1448
144.76.107.124	192.168.7.25	1448
144.76.107.124	192.168.7.25	1448
144.76.107.124	192.168.7.25	1448
144.76.107.124	192.168.7.25	1448
144.76.107.124	192.168.7.25	1448
144.76.107.124	192.168.7.25	1448
144.76.107.124	192.168.7.25	1448
192.168.7.25	144.76.107.124	0
144.76.107.124	192.168.7.25	1448
144.76.107.124	192.168.7.25	1448
144.76.107.124	192.168.7.25	1448
144.76.107.124	192.168.7.25	1448
144.76.107.124	192.168.7.25	1448
144.76.107.124	192.168.7.25	1448
144.76.107.124	192.168.7.25	1448
192.168.7.25	144.76.107.124	543
192.168.7.25	144.76.107.124	0
192.168.7.25	144.76.107.124	0
192.168.7.25	144.76.107.124	543
144.76.107.124	192.168.7.25	1448
144.76.107.124	192.168.7.25	1448
144.76.107.124	192.168.7.25	1448
144.76.107.124	192.168.7.25	1448
144.76.107.124	192.168.7.25	1448
192.168.7.25	144.76.107.124	0
144.76.107.124	192.168.7.25	1448
144.76.107.124	192.168.7.25	1448
144.76.107.124	192.168.7.25	1448
144.76.107.124	192.168.7.25	1448
144.76.107.124	192.168.7.25	1448
144.76.107.124	192.168.7.25	1448
144.76.107.124	192.168.7.25	1448
144.76.107.124	192.168.7.25	1448
192.168.7.25	144.76.107.124	0
144.76.107.124	192.168.7.25	1448
144.76.107.124	192.168.7.25	1448
144.76.107.124	192.168.7.25	1448
144.76.107.124	192.168.7.25	1448
144.76.107.124	192.168.7.25	1448
192.168.7.25	144.76.107.124	0
144.76.107.124	192.168.7.25	1448
144.76.107.124	192.168.7.25	1448
144.76.107.124	192.168.7.25	1448
144.76.107.124	192.168.7.25	1448
144.76.107.124	192.168.7.25	1448
144.76.107.124	192.168.7.25	1448
144.76.107.124	192.168.7.25	1448
144.76.107.124	192.168.7.25	1448
144.76.107.124	192.168.7.25	1448
144.76.107.124	192.168.7.25	1448
144.76.107.124	192.168.7.25	1448
144.76.107.124	192.168.7.25	1448
144.76.107.124	192.168.7.25	1448
192.168.7.25	144.76.107.124	0
144.76.107.124	192.168.7.25	1448
144.76.107.124	192.168.7.25	1448
144.76.107.124	192.168.7.25	1448
144.76.107.124	192.168.7.25	1448
144.76.107.124	192.168.7.25	1448
192.168.7.25	144.76.107.124	0
144.76.107.124	192.168.7.25	1448
144.76.107.124	192.168.7.25	1448
144.76.107.124	192.168.7.25	1448
144.76.107.124	192.168.7.25	1448
144.76.107.124	192.168.7.25	1448
144.76.107.124	192.168.7.25	1448
144.76.107.124	192.168.7.25	1448
144.76.107.124	192.168.7.25	1448
144.76.107.124	192.168.7.25	1448
144.76.107.124	192.168.7.25	1448
144.76.107.124	192.168.7.25	1448
144.76.107.124	192.168.7.25	1448
192.168.7.25	144.76.107.124	0
144.76.107.124	192.168.7.25	1448
144.76.107.124	192.168.7.25	1448
144.76.107.124	192.168.7.25	1448
144.76.107.124	192.168.7.25	1448
144.76.107.124	192.168.7.25	1448
144.76.107.124	192.168.7.25	1448
144.76.107.124	192.168.7.25	1448
144.76.107.124	192.168.7.25	1448
144.76.107.124	192.168.7.25	1448
144.76.107.124	192.168.7.25	1448
144.76.107.124	192.168.7.25	1448
192.168.7.25	144.76.107.124	0
192.168.7.25	144.76.107.124	0
144.76.107.124	192.168.7.25	1448
144.76.107.124	192.168.7.25	1448
144.76.107.124	192.168.7.25	1448
144.76.107.124	192.168.7.25	1448
144.76.107.124	192.168.7.25	1448
144.76.107.124	192.168.7.25	1448
144.76.107.124	192.168.7.25	1448
144.76.107.124	192.168.7.25	1448
192.168.7.25	144.76.107.124	0
144.76.107.124	192.168.7.25	1448
144.76.107.124	192.168.7.25	1448
144.76.107.124	192.168.7.25	1448
144.76.107.124	192.168.7.25	1448
144.76.107.124	192.168.7.25	1448
144.76.107.124	192.168.7.25	1448
144.76.107.124	192.168.7.25	1448
144.76.107.124	192.168.7.25	1448
144.76.107.124	192.168.7.25	1448
144.76.107.124	192.168.7.25	1448
144.76.107.124	192.168.7.25	1448
144.76.107.124	192.168.7.25	1448
144.76.107.124	192.168.7.25	1448
144.76.107.124	192.168.7.25	1448
144.76.107.124	192.168.7.25	1448
192.168.7.25	144.76.107.124	0
192.168.7.25	144.76.107.124	0
144.76.107.124	192.168.7.25	1448
144.76.107.124	192.168.7.25	1448
144.76.107.124	192.168.7.25	1448
144.76.107.124	192.168.7.25	1448
144.76.107.124	192.168.7.25	1448
144.76.107.124	192.168.7.25	1448
144.76.107.124	192.168.7.25	1448
144.76.107.124	192.168.7.25	1448
144.76.107.124	192.168.7.25	1448
144.76.107.124	192.168.7.25	1448
144.76.107.124	192.168.7.25	1448
144.76.107.124	192.168.7.25	1448
144.76.107.124	192.168.7.25	1448
144.76.107.124	192.168.7.25	1448
144.76.107.124	192.168.7.25	1448
192.168.7.25	144.76.107.124	0
192.168.7.25	144.76.107.124	1448
192.168.7.25	144.76.107.124	1448
192.168.7.25	144.76.107.124	217
144.76.107.124	192.168.7.25	1448
144.76.107.124	192.168.7.25	1448
144.76.107.124	192.168.7.25	1448
144.76.107.124	192.168.7.25	1448
144.76.107.124	192.168.7.25	1448
144.76.107.124	192.168.7.25	1448
144.76.107.124	192.168.7.25	1448
144.76.107.124	192.168.7.25	1448
192.168.7.25	144.76.107.124	0
144.76.107.124	192.168.7.25	1448
144.76.107.124	192.168.7.25	1448
144.76.107.124	192.168.7.25	1448
144.76.107.124	192.168.7.25	1448
144.76.107.124	192.168.7.25	1448
144.76.107.124	192.168.7.25	1448
144.76.107.124	192.168.7.25	1448
144.76.107.124	192.168.7.25	1448
144.76.107.124	192.168.7.25	1448
192.168.7.25	144.76.107.124	0
144.76.107.124	192.168.7.25	1448
144.76.107.124	192.168.7.25	1448
144.76.107.124	192.168.7.25	1448
144.76.107.124	192.168.7.25	1448
144.76.107.124	192.168.7.25	1448
144.76.107.124	192.168.7.25	1448
144.76.107.124	192.168.7.25	1448
192.168.7.25	144.76.107.124	0
144.76.107.124	192.168.7.25	1448
144.76.107.124	192.168.7.25	1448
144.76.107.124	192.168.7.25	1448
144.76.107.124	192.168.7.25	1448
144.76.107.124	192.168.7.25	1448
144.76.107.124	192.168.7.25	1448
144.76.107.124	192.168.7.25	1448
144.76.107.124	192.168.7.25	139
192.168.7.25	144.76.107.124	0
192.168.7.25	144.76.107.124	0
192.168.7.25	144.76.107.124	0
144.76.107.124	192.168.7.25	0
192.168.7.25	144.76.107.124	1448
192.168.7.25	144.76.107.124	123
144.76.107.124	192.168.7.25	0
192.168.7.25	144.76.107.124	1448
192.168.7.25	144.76.107.124	666
144.76.107.124	192.168.7.25	1448
144.76.107.124	192.168.7.25	1448
144.76.107.124	192.168.7.25	1448
144.76.107.124	192.168.7.25	1448
144.76.107.124	192.168.7.25	1448
144.76.107.124	192.168.7.25	1448
144.76.107.124	192.168.7.25	1448
144.76.107.124	192.168.7.25	1448
192.168.7.25	144.76.107.124	0
192.168.7.25	144.76.107.124	0
192.168.7.25	144.76.107.124	0
192.168.7.25	144.76.107.124	0
192.168.7.25	144.76.107.124	0
192.168.7.25	144.76.107.124	0
144.76.107.124	192.168.7.25	1448
144.76.107.124	192.168.7.25	1448
144.76.107.124	192.168.7.25	1448
144.76.107.124	192.168.7.25	1448
144.76.107.124	192.168.7.25	1448
144.76.107.124	192.168.7.25	1448
144.76.107.124	192.168.7.25	1448
144.76.107.124	192.168.7.25	1448
192.168.7.25	144.76.107.124	0
144.76.107.124	192.168.7.25	1448
144.76.107.124	192.168.7.25	1448
144.76.107.124	192.168.7.25	1448
144.76.107.124	192.168.7.25	0
144.76.107.124	192.168.7.25	0
144.76.107.124	192.168.7.25	1019
192.168.7.25	144.76.107.124	1086
144.76.107.124	192.168.7.25	0
144.76.107.124	192.168.7.25	1448
144.76.107.124	192.168.7.25	1448
144.76.107.124	192.168.7.25	1448
144.76.107.124	192.168.7.25	1448
144.76.107.124	192.168.7.25	1448
144.76.107.124	192.168.7.25	1448
144.76.107.124	192.168.7.25	1448
192.168.7.25	144.76.107.124	0
192.168.7.25	144.76.107.124	0
192.168.7.25	144.76.107.124	0
192.168.7.25	144.76.107.124	0
192.168.7.25	144.76.107.124	0
144.76.107.124	192.168.7.25	1448
144.76.107.124	192.168.7.25	1448
144.76.107.124	192.168.7.25	1448
144.76.107.124	192.168.7.25	1448
144.76.107.124	192.168.7.25	1448
144.76.107.124	192.168.7.25	1448
144.76.107.124	192.168.7.25	1448
144.76.107.124	192.168.7.25	1448
144.76.107.124	192.168.7.25	1448
144.76.107.124	192.168.7.25	1448
144.76.107.124	192.168.7.25	1448
144.76.107.124	192.168.7.25	1448
144.76.107.124	192.168.7.25	1448
144.76.107.124	192.168.7.25	1448
144.76.107.124	192.168.7.25	1448
192.168.7.25	144.76.107.124	543
144.76.107.124	192.168.7.25	1448
144.76.107.124	192.168.7.25	1448
144.76.107.124	192.168.7.25	1448
144.76.107.124	192.168.7.25	1448
144.76.107.124	192.168.7.25	1448
144.76.107.124	192.168.7.25	1448
144.76.107.124	192.168.7.25	1448
192.168.7.25	144.76.107.124	0
144.76.107.124	192.168.7.25	1448
144.76.107.124	192.168.7.25	1448
144.76.107.124	192.168.7.25	1448
144.76.107.124	192.168.7.25	1448
144.76.107.124	192.168.7.25	1448
144.76.107.124	192.168.7.25	1448
192.168.7.25	144.76.107.124	543
144.76.107.124	192.168.7.25	1448
144.76.107.124	192.168.7.25	1448
144.76.107.124	192.168.7.25	1448
144.76.107.124	192.168.7.25	1448
144.76.107.124	192.168.7.25	1448
192.168.7.25	144.76.107.124	0
144.76.107.124	192.168.7.25	1448
144.76.107.124	192.168.7.25	1448
144.76.107.124	192.168.7.25	1448
144.76.107.124	192.168.7.25	1448
144.76.107.124	192.168.7.25	1448
144.76.107.124	192.168.7.25	1448
144.76.107.124	192.168.7.25	1448
192.168.7.25	144.76.107.124	0
144.76.107.124	192.168.7.25	1448
144.76.107.124	192.168.7.25	1448
144.76.107.124	192.168.7.25	1448
144.76.107.124	192.168.7.25	1448
144.76.107.124	192.168.7.25	1448
144.76.107.124	192.168.7.25	1448
144.76.107.124	192.168.7.25	1448
144.76.107.124	192.168.7.25	1448
144.76.107.124	192.168.7.25	1448
192.168.7.25	144.76.107.124	0
192.168.7.25	144.76.107.124	1448
192.168.7.25	144.76.107.124	637
144.76.107.124	192.168.7.25	0
144.76.107.124	192.168.7.25	1448
144.76.107.124	192.168.7.25	1448
144.76.107.124	192.168.7.25	1448
144.76.107.124	192.168.7.25	1448
144.76.107.124	192.168.7.25	1448
144.76.107.124	192.168.7.25	1448
144.76.107.124	192.168.7.25	1448
144.76.107.124	192.168.7.25	1448
144.76.107.124	192.168.7.25	1448
144.76.107.124	192.168.7.25	1448
144.76.107.124	192.168.7.25	1448
144.76.107.124	192.168.7.25	1448
144.76.107.124	192.168.7.25	1448
144.76.107.124	192.168.7.25	1448
192.168.7.25	144.76.107.124	0
144.76.107.124	192.168.7.25	1448
144.76.107.124	192.168.7.25	1448
192.168.7.25	144.76.107.124	0
144.76.107.124	192.168.7.25	1448
144.76.107.124	192.168.7.25	1448
144.76.107.124	192.168.7.25	1448
144.76.107.124	192.168.7.25	1448
144.76.107.124	192.168.7.25	1448
144.76.107.124	192.168.7.25	1448
144.76.107.124	192.168.7.25	1448
144.76.107.124	192.168.7.25	1448
144.76.107.124	192.168.7.25	1448
144.76.107.124	192.168.7.25	1448
144.76.107.124	192.168.7.25	1448
144.76.107.124	192.168.7.25	1448
144.76.107.124	192.168.7.25	1448
144.76.107.124	192.168.7.25	1448
192.168.7.25	144.76.107.124	0
144.76.107.124	192.168.7.25	1448
144.76.107.124	192.168.7.25	1448
144.76.107.124	192.168.7.25	1448
144.76.107.124	192.168.7.25	1448
144.76.107.124	192.168.7.25	1448
192.168.7.25	144.76.107.124	1057
144.76.107.124	192.168.7.25	1448
144.76.107.124	192.168.7.25	1448
144.76.107.124	192.168.7.25	1448
144.76.107.124	192.168.7.25	1448
144.76.107.124	192.168.7.25	1448
192.168.7.25	144.76.107.124	0
144.76.107.124	192.168.7.25	1448
144.76.107.124	192.168.7.25	1448
144.76.107.124	192.168.7.25	1448
144.76.107.124	192.168.7.25	1448
144.76.107.124	192.168.7.25	1448
144.76.107.124	192.168.7.25	1448
144.76.107.124	192.168.7.25	1448
144.76.107.124	192.168.7.25	1448
144.76.107.124	192.168.7.25	1448
192.168.7.25	144.76.107.124	0
144.76.107.124	192.168.7.25	1448
144.76.107.124	192.168.7.25	1448
144.76.107.124	192.168.7.25	1448
144.76.107.124	192.168.7.25	1448
144.76.107.124	192.168.7.25	1448
144.76.107.124	192.168.7.25	1448
144.76.107.124	192.168.7.25	1448
192.168.7.25	144.76.107.124	1057
144.76.107.124	192.168.7.25	1448
144.76.107.124	192.168.7.25	1448
144.76.107.124	192.168.7.25	1448
144.76.107.124	192.168.7.25	1448
144.76.107.124	192.168.7.25	1448
144.76.107.124	192.168.7.25	1448
144.76.107.124	192.168.7.25	1448
144.76.107.124	192.168.7.25	1448
144.76.107.124	192.168.7.25	1448
144.76.107.124	192.168.7.25	1448
192.168.7.25	144.76.107.124	0
144.76.107.124	192.168.7.25	1448
144.76.107.124	192.168.7.25	1448
144.76.107.124	192.168.7.25	1448
144.76.107.124	192.168.7.25	1448
144.76.107.124	192.168.7.25	1448
144.76.107.124	192.168.7.25	1448
144.76.107.124	192.168.7.25	1448
192.168.7.25	144.76.107.124	0
144.76.107.124	192.168.7.25	1448
144.76.107.124	192.168.7.25	1448
144.76.107.124	192.168.7.25	1448
144.76.107.124	192.168.7.25	1448
144.76.107.124	192.168.7.25	1448
144.76.107.124	192.168.7.25	1448
144.76.107.124	192.168.7.25	1448
144.76.107.124	192.168.7.25	1448
144.76.107.124	192.168.7.25	1448
144.76.107.124	192.168.7.25	1448
144.76.107.124	192.168.7.25	1448
144.76.107.124	192.168.7.25	1448
192.168.7.25	144.76.107.124	0
144.76.107.124	192.168.7.25	1448
144.76.107.124	192.168.7.25	1448
144.76.107.124	192.168.7.25	1448
144.76.107.124	192.168.7.25	1448
144.76.107.124	192.168.7.25	1448
144.76.107.124	192.168.7.25	1448
144.76.107.124	192.168.7.25	1448
144.76.107.124	192.168.7.25	1448
144.76.107.124	192.168.7.25	1448
192.168.7.25	144.76.107.124	0
144.76.107.124	192.168.7.25	1448
144.76.107.124	192.168.7.25	1448
144.76.107.124	192.168.7.25	1448
144.76.107.124	192.168.7.25	1448
144.76.107.124	192.168.7.25	1448
192.168.7.25	144.76.107.124	0
144.76.107.124	192.168.7.25	1448
144.76.107.124	192.168.7.25	1448
144.76.107.124	192.168.7.25	1448
144.76.107.124	192.168.7.25	1448
144.76.107.124	192.168.7.25	1448
192.168.7.25	144.76.107.124	0
144.76.107.124	192.168.7.25	1448
144.76.107.124	192.168.7.25	1448
144.76.107.124	192.168.7.25	1448
144.76.107.124	192.168.7.25	1448
144.76.107.124	192.168.7.25	1448
144.76.107.124	192.168.7.25	1448
144.76.107.124	192.168.7.25	1448
144.76.107.124	192.168.7.25	1448
192.168.7.25	144.76.107.124	0
144.76.107.124	192.168.7.25	1448
144.76.107.124	192.168.7.25	1448
144.76.107.124	192.168.7.25	1448
144.76.107.124	192.168.7.25	1448
144.76.107.124	192.168.7.25	1448
144.76.107.124	192.168.7.25	1448
144.76.107.124	192.168.7.25	1448
144.76.107.124	192.168.7.25	1448
144.76.107.124	192.168.7.25	1448
144.76.107.124	192.168.7.25	1448
192.168.7.25	144.76.107.124	0
192.168.7.25	144.76.107.124	1448
192.168.7.25	144.76.107.124	1448
192.168.7.25	144.76.107.124	217
144.76.107.124	192.168.7.25	1448
144.76.107.124	192.168.7.25	1448
144.76.107.124	192.168.7.25	1448
144.76.107.124	192.168.7.25	1448
144.76.107.124	192.168.7.25	1448
144.76.107.124	192.168.7.25	1448
144.76.107.124	192.168.7.25	1448
144.76.107.124	192.168.7.25	1448
144.76.107.124	192.168.7.25	1448
144.76.107.124	192.168.7.25	1448
144.76.107.124	192.168.7.25	1448
144.76.107.124	192.168.7.25	1448
144.76.107.124	192.168.7.25	1448
144.76.107.124	192.168.7.25	1448
192.168.7.25	144.76.107.124	0
144.76.107.124	192.168.7.25	1448
144.76.107.124	192.168.7.25	1448
192.168.7.25	144.76.107.124	0
144.76.107.124	192.168.7.25	1448
144.76.107.124	192.168.7.25	1448
144.76.107.124	192.168.7.25	1017
192.168.7.25	144.76.107.124	543
192.168.7.25	144.76.107.124	0
144.76.107.124	192.168.7.25	1448
144.76.107.124	192.168.7.25	1448
144.76.107.124	192.168.7.25	0
144.76.107.124	192.168.7.25	0
144.76.107.124	192.168.7.25	0
144.76.107.124	192.168.7.25	0
144.76.107.124	192.168.7.25	1448
144.76.107.124	192.168.7.25	1448
144.76.107.124	192.168.7.25	1448
192.168.7.25	144.76.107.124	0
192.168.7.25	144.76.107.124	0
192.168.7.25	144.76.107.124	543
144.76.107.124	192.168.7.25	557
192.168.7.25	144.76.107.124	543
144.76.107.124	192.168.7.25	1448
144.76.107.124	192.168.7.25	1448
144.76.107.124	192.168.7.25	1448
144.76.107.124	192.168.7.25	1448
144.76.107.124	192.168.7.25	1448
192.168.7.25	144.76.107.124	0
192.168.7.25	144.76.107.124	0
144.76.107.124	192.168.7.25	1448
144.76.107.124	192.168.7.25	1448
144.76.107.124	192.168.7.25	1448
192.168.7.25	144.76.107.124	0
144.76.107.124	192.168.7.25	1448
144.76.107.124	192.168.7.25	1448
144.76.107.124	192.168.7.25	1448
144.76.107.124	192.168.7.25	1448
144.76.107.124	192.168.7.25	1448
144.76.107.124	192.168.7.25	1448
144.76.107.124	192.168.7.25	1448
144.76.107.124	192.168.7.25	1448
144.76.107.124	192.168.7.25	1448
192.168.7.25	144.76.107.124	1057
144.76.107.124	192.168.7.25	1448
144.76.107.124	192.168.7.25	1448
144.76.107.124	192.168.7.25	1448
144.76.107.124	192.168.7.25	1448
144.76.107.124	192.168.7.25	1448
144.76.107.124	192.168.7.25	1448
144.76.107.124	192.168.7.25	1448
192.168.7.25	144.76.107.124	543
144.76.107.124	192.168.7.25	1448
144.76.107.124	192.168.7.25	1448
144.76.107.124	192.168.7.25	1448
144.76.107.124	192.168.7.25	1448
144.76.107.124	192.168.7.25	1448
144.76.107.124	192.168.7.25	1448
144.76.107.124	192.168.7.25	1448
192.168.7.25	144.76.107.124	543
144.76.107.124	192.168.7.25	1448
144.76.107.124	192.168.7.25	1448
144.76.107.124	192.168.7.25	1448
144.76.107.124	192.168.7.25	1448
144.76.107.124	192.168.7.25	1448
144.76.107.124	192.168.7.25	1448
144.76.107.124	192.168.7.25	1448
144.76.107.124	192.168.7.25	1448
192.168.7.25	144.76.107.124	0
144.76.107.124	192.168.7.25	1448
144.76.107.124	192.168.7.25	1448
144.76.107.124	192.168.7.25	1448
144.76.107.124	192.168.7.25	1448
144.76.107.124	192.168.7.25	1448
144.76.107.124	192.168.7.25	1448
144.76.107.124	192.168.7.25	1448
144.76.107.124	192.168.7.25	1448
192.168.7.25	144.76.107.124	0
144.76.107.124	192.168.7.25	1448
144.76.107.124	192.168.7.25	1448
144.76.107.124	192.168.7.25	1448
144.76.107.124	192.168.7.25	1448
144.76.107.124	192.168.7.25	1448
144.76.107.124	192.168.7.25	1448
144.76.107.124	192.168.7.25	1448
144.76.107.124	192.168.7.25	1448
192.168.7.25	144.76.107.124	0
144.76.107.124	192.168.7.25	1448
144.76.107.124	192.168.7.25	1448
144.76.107.124	192.168.7.25	1448
144.76.107.124	192.168.7.25	1448
144.76.107.124	192.168.7.25	1448
144.76.107.124	192.168.7.25	1448
144.76.107.124	192.168.7.25	1448
144.76.107.124	192.168.7.25	1448
192.168.7.25	144.76.107.124	0
144.76.107.124	192.168.7.25	1448
144.76.107.124	192.168.7.25	1448
144.76.107.124	192.168.7.25	1448
144.76.107.124	192.168.7.25	1448
144.76.107.124	192.168.7.25	1448
144.76.107.124	192.168.7.25	1448
144.76.107.124	192.168.7.25	1448
144.76.107.124	192.168.7.25	1448
144.76.107.124	192.168.7.25	1448
144.76.107.124	192.168.7.25	1448
144.76.107.124	192.168.7.25	1448
192.168.7.25	144.76.107.124	0
144.76.107.124	192.168.7.25	1448
144.76.107.124	192.168.7.25	1448
144.76.107.124	192.168.7.25	1448
144.76.107.124	192.168.7.25	1448
192.168.7.25	144.76.107.124	0
144.76.107.124	192.168.7.25	1448
144.76.107.124	192.168.7.25	1448
144.76.107.124	192.168.7.25	1448
144.76.107.124	192.168.7.25	1448
144.76.107.124	192.168.7.25	1448
144.76.107.124	192.168.7.25	1448
144.76.107.124	192.168.7.25	1448
144.76.107.124	192.168.7.25	1448
144.76.107.124	192.168.7.25	1448
192.168.7.25	144.76.107.124	0
144.76.107.124	192.168.7.25	1448
144.76.107.124	192.168.7.25	1448
144.76.107.124	192.168.7.25	1448
144.76.107.124	192.168.7.25	1448
192.168.7.25	144.76.107.124	1448
192.168.7.25	144.76.107.124	1448
192.168.7.25	144.76.107.124	731
144.76.107.124	192.168.7.25	1448
144.76.107.124	192.168.7.25	1448
144.76.107.124	192.168.7.25	1448
144.76.107.124	192.168.7.25	1448
144.76.107.124	192.168.7.25	1448
144.76.107.124	192.168.7.25	1448
144.76.107.124	192.168.7.25	1448
144.76.107.124	192.168.7.25	1448
192.168.7.25	144.76.107.124	543
144.76.107.124	192.168.7.25	1448
144.76.107.124	192.168.7.25	1448
144.76.107.124	192.168.7.25	1448
144.76.107.124	192.168.7.25	1448
144.76.107.124	192.168.7.25	1448
144.76.107.124	192.168.7.25	1448
144.76.107.124	192.168.7.25	1448
144.76.107.124	192.168.7.25	1448
144.76.107.124	192.168.7.25	1448
144.76.107.124	192.168.7.25	1448
144.76.107.124	192.168.7.25	1448
144.76.107.124	192.168.7.25	1448
192.168.7.25	144.76.107.124	0
144.76.107.124	192.168.7.25	1448
144.76.107.124	192.168.7.25	1448
144.76.107.124	192.168.7.25	1448
144.76.107.124	192.168.7.25	1448
192.168.7.25	144.76.107.124	0
144.76.107.124	192.168.7.25	1448
144.76.107.124	192.168.7.25	1448
144.76.107.124	192.168.7.25	1448
144.76.107.124	192.168.7.25	1448
144.76.107.124	192.168.7.25	1448
144.76.107.124	192.168.7.25	1448
144.76.107.124	192.168.7.25	1448
144.76.107.124	192.168.7.25	1448
144.76.107.124	192.168.7.25	1448
144.76.107.124	192.168.7.25	1448
192.168.7.25	144.76.107.124	0
144.76.107.124	192.168.7.25	1448
144.76.107.124	192.168.7.25	1448
144.76.107.124	192.168.7.25	1448
144.76.107.124	192.168.7.25	1448
144.76.107.124	192.168.7.25	1448
144.76.107.124	192.168.7.25	1448
144.76.107.124	192.168.7.25	1448
144.76.107.124	192.168.7.25	1448
144.76.107.124	192.168.7.25	1448
144.76.107.124	192.168.7.25	1448
144.76.107.124	192.168.7.25	1448
144.76.107.124	192.168.7.25	1448
192.168.7.25	144.76.107.124	0
144.76.107.124	192.168.7.25	1448
144.76.107.124	192.168.7.25	1448
192.168.7.25	144.76.107.124	0
144.76.107.124	192.168.7.25	1448
144.76.107.124	192.168.7.25	1448
144.76.107.124	192.168.7.25	1448
144.76.107.124	192.168.7.25	1448
144.76.107.124	192.168.7.25	1448
144.76.107.124	192.168.7.25	1448
144.76.107.124	192.168.7.25	1448
144.76.107.124	192.168.7.25	1448
144.76.107.124	192.168.7.25	1448
144.76.107.124	192.168.7.25	1448
144.76.107.124	192.168.7.25	1448
144.76.107.124	192.168.7.25	1448
144.76.107.124	192.168.7.25	1448
144.76.107.124	192.168.7.25	1448
192.168.7.25	144.76.107.124	0
144.76.107.124	192.168.7.25	1448
144.76.107.124	192.168.7.25	1448
144.76.107.124	192.168.7.25	1448
144.76.107.124	192.168.7.25	1448
144.76.107.124	192.168.7.25	1448
192.168.7.25	144.76.107.124	0
192.168.7.25	144.76.107.124	0
144.76.107.124	192.168.7.25	1448
144.76.107.124	192.168.7.25	1448
192.168.7.25	144.76.107.124	0
192.168.7.25	144.76.107.124	0
192.168.7.25	144.76.107.124	0
192.168.7.25	144.76.107.124	0
144.76.107.124	192.168.7.25	1448
144.76.107.124	192.168.7.25	1448
144.76.107.124	192.168.7.25	1448
144.76.107.124	192.168.7.25	1448
144.76.107.124	192.168.7.25	1448
144.76.107.124	192.168.7.25	1448
144.76.107.124	192.168.7.25	1448
144.76.107.124	192.168.7.25	1448
144.76.107.124	192.168.7.25	1448
144.76.107.124	192.168.7.25	1448
144.76.107.124	192.168.7.25	1448
144.76.107.124	192.168.7.25	1448
192.168.7.25	144.76.107.124	0
144.76.107.124	192.168.7.25	1448
144.76.107.124	192.168.7.25	1448
192.168.7.25	144.76.107.124	1448
192.168.7.25	144.76.107.124	1448
192.168.7.25	144.76.107.124	217
144.76.107.124	192.168.7.25	1448
144.76.107.124	192.168.7.25	1448
144.76.107.124	192.168.7.25	1448
144.76.107.124	192.168.7.25	1448
144.76.107.124	192.168.7.25	1448
144.76.107.124	192.168.7.25	1448
144.76.107.124	192.168.7.25	1448
144.76.107.124	192.168.7.25	1448
144.76.107.124	192.168.7.25	1448
192.168.7.25	144.76.107.124	0
144.76.107.124	192.168.7.25	135
192.168.7.25	144.76.107.124	0
144.76.107.124	192.168.7.25	0
144.76.107.124	192.168.7.25	0
144.76.107.124	192.168.7.25	0
144.76.107.124	192.168.7.25	0
144.76.107.124	192.168.7.25	0
192.168.7.25	144.76.107.124	1057
144.76.107.124	192.168.7.25	1448
144.76.107.124	192.168.7.25	1448
144.76.107.124	192.168.7.25	1448
192.168.7.25	144.76.107.124	0
192.168.7.25	144.76.107.124	0
144.76.107.124	192.168.7.25	1448
144.76.107.124	192.168.7.25	1448
144.76.107.124	192.168.7.25	1448
144.76.107.124	192.168.7.25	1448
144.76.107.124	192.168.7.25	1448
192.168.7.25	144.76.107.124	0
192.168.7.25	144.76.107.124	0
192.168.7.25	144.76.107.124	0
192.168.7.25	144.76.107.124	0
144.76.107.124	192.168.7.25	1448
144.76.107.124	192.168.7.25	1448
144.76.107.124	192.168.7.25	1448
144.76.107.124	192.168.7.25	1448
144.76.107.124	192.168.7.25	1448
144.76.107.124	192.168.7.25	1396
192.168.7.25	144.76.107.124	0
144.76.107.124	192.168.7.25	1448
144.76.107.124	192.168.7.25	1448
144.76.107.124	192.168.7.25	1448
144.76.107.124	192.168.7.25	1448
144.76.107.124	192.168.7.25	1448
144.76.107.124	192.168.7.25	1448
144.76.107.124	192.168.7.25	1448
144.76.107.124	192.168.7.25	1448
144.76.107.124	192.168.7.25	1448
144.76.107.124	192.168.7.25	1448
144.76.107.124	192.168.7.25	1448
144.76.107.124	192.168.7.25	1448
144.76.107.124	192.168.7.25	1448
144.76.107.124	192.168.7.25	1448
144.76.107.124	192.168.7.25	1448
144.76.107.124	192.168.7.25	1448
144.76.107.124	192.168.7.25	1448
192.168.7.25	144.76.107.124	0
192.168.7.25	144.76.107.124	0
144.76.107.124	192.168.7.25	1448
144.76.107.124	192.168.7.25	1448
144.76.107.124	192.168.7.25	1448
144.76.107.124	192.168.7.25	1448
144.76.107.124	192.168.7.25	1448
144.76.107.124	192.168.7.25	1448
144.76.107.124	192.168.7.25	1448
144.76.107.124	192.168.7.25	1448
144.76.107.124	192.168.7.25	1448
192.168.7.25	144.76.107.124	543
144.76.107.124	192.168.7.25	1448
144.76.107.124	192.168.7.25	1448
144.76.107.124	192.168.7.25	1448
144.76.107.124	192.168.7.25	1448
144.76.107.124	192.168.7.25	1448
144.76.107.124	192.168.7.25	1448
144.76.107.124	192.168.7.25	1448
144.76.107.124	192.168.7.25	1448
192.168.7.25	144.76.107.124	0
144.76.107.124	192.168.7.25	1448
144.76.107.124	192.168.7.25	1448
144.76.107.124	192.168.7.25	1448
144.76.107.124	192.168.7.25	1448
144.76.107.124	192.168.7.25	1448
144.76.107.124	192.168.7.25	1448
144.76.107.124	192.168.7.25	1448
144.76.107.124	192.168.7.25	1448
144.76.107.124	192.168.7.25	1448
144.76.107.124	192.168.7.25	1448
192.168.7.25	144.76.107.124	0
144.76.107.124	192.168.7.25	1448
144.76.107.124	192.168.7.25	1448
144.76.107.124	192.168.7.25	1448
144.76.107.124	192.168.7.25	1448
192.168.7.25	144.76.107.124	0
192.168.7.25	144.76.107.124	1448
192.168.7.25	144.76.107.124	123
144.76.107.124	192.168.7.25	1448
144.76.107.124	192.168.7.25	1448
144.76.107.124	192.168.7.25	1448
144.76.107.124	192.168.7.25	1448
144.76.107.124	192.168.7.25	1448
144.76.107.124	192.168.7.25	1448
144.76.107.124	192.168.7.25	1448
144.76.107.124	192.168.7.25	1448
192.168.7.25	144.76.107.124	0
144.76.107.124	192.168.7.25	1448
144.76.107.124	192.168.7.25	1448
144.76.107.124	192.168.7.25	1448
144.76.107.124	192.168.7.25	1448
144.76.107.124	192.168.7.25	1448
144.76.107.124	192.168.7.25	1448
144.76.107.124	192.168.7.25	1448
144.76.107.124	192.168.7.25	1448
144.76.107.124	192.168.7.25	1448
144.76.107.124	192.168.7.25	1448
144.76.107.124	192.168.7.25	1448
144.76.107.124	192.168.7.25	1448
192.168.7.25	144.76.107.124	1057
144.76.107.124	192.168.7.25	1448
144.76.107.124	192.168.7.25	1448
144.76.107.124	192.168.7.25	1448
144.76.107.124	192.168.7.25	1448
144.76.107.124	192.168.7.25	1448
192.168.7.25	144.76.107.124	0
144.76.107.124	192.168.7.25	1448
144.76.107.124	192.168.7.25	1448
144.76.107.124	192.168.7.25	1448
144.76.107.124	192.168.7.25	1448
144.76.107.124	192.168.7.25	1448
144.76.107.124	192.168.7.25	1448
144.76.107.124	192.168.7.25	1448
192.168.7.25	144.76.107.124	1057
144.76.107.124	192.168.7.25	1448
144.76.107.124	192.168.7.25	1448
144.76.107.124	192.168.7.25	1448
144.76.107.124	192.168.7.25	1448
144.76.107.124	192.168.7.25	1448
144.76.107.124	192.168.7.25	1448
144.76.107.124	192.168.7.25	1448
144.76.107.124	192.168.7.25	1448
144.76.107.124	192.168.7.25	1448
144.76.107.124	192.168.7.25	1448
192.168.7.25	144.76.107.124	543
144.76.107.124	192.168.7.25	1448
144.76.107.124	192.168.7.25	1448
144.76.107.124	192.168.7.25	1448
144.76.107.124	192.168.7.25	1448
144.76.107.124	192.168.7.25	1448
144.76.107.124	192.168.7.25	1448
144.76.107.124	192.168.7.25	1448
144.76.107.124	192.168.7.25	1448
144.76.107.124	192.168.7.25	1448
144.76.107.124	192.168.7.25	1448
192.168.7.25	144.76.107.124	0
144.76.107.124	192.168.7.25	1448
144.76.107.124	192.168.7.25	1448
144.76.107.124	192.168.7.25	1448
144.76.107.124	192.168.7.25	1448
192.168.7.25	144.76.107.124	0
144.76.107.124	192.168.7.25	1448
144.76.107.124	192.168.7.25	1448
144.76.107.124	192.168.7.25	1448
144.76.107.124	192.168.7.25	1448
144.76.107.124	192.168.7.25	1448
144.76.107.124	192.168.7.25	1448
144.76.107.124	192.168.7.25	1448
144.76.107.124	192.168.7.25	1448
144.76.107.124	192.168.7.25	1448
144.76.107.124	192.168.7.25	1448
144.76.107.124	192.168.7.25	1448
192.168.7.25	144.76.107.124	0
144.76.107.124	192.168.7.25	1448
144.76.107.124	192.168.7.25	1448
144.76.107.124	192.168.7.25	1448
144.76.107.124	192.168.7.25	1448
144.76.107.124	192.168.7.25	1448
144.76.107.124	192.168.7.25	1448
144.76.107.124	192.168.7.25	1448
192.168.7.25	144.76.107.124	0
144.76.107.124	192.168.7.25	1448
144.76.107.124	192.168.7.25	1448
144.76.107.124	192.168.7.25	1448
144.76.107.124	192.168.7.25	1448
144.76.107.124	192.168.7.25	1448
144.76.107.124	192.168.7.25	1448
144.76.107.124	192.168.7.25	1448
144.76.107.124	192.168.7.25	1448
144.76.107.124	192.168.7.25	1448
144.76.107.124	192.168.7.25	1448
192.168.7.25	144.76.107.124	0
144.76.107.124	192.168.7.25	1448
144.76.107.124	192.168.7.25	1448
144.76.107.124	192.168.7.25	1448
144.76.107.124	192.168.7.25	1448
144.76.107.124	192.168.7.25	1448
144.76.107.124	192.168.7.25	1448
192.168.7.25	144.76.107.124	0
144.76.107.124	192.168.7.25	1448
144.76.107.124	192.168.7.25	1448
144.76.107.124	192.168.7.25	1448
144.76.107.124	192.168.7.25	1448
144.76.107.124	192.168.7.25	1448
144.76.107.124	192.168.7.25	1448
144.76.107.124	192.168.7.25	1448
144.76.107.124	192.168.7.25	1448
192.168.7.25	144.76.107.124	0
144.76.107.124	192.168.7.25	1448
144.76.107.124	192.168.7.25	1448
192.168.7.25	144.76.107.124	1448
192.168.7.25	144.76.107.124	1151
144.76.107.124	192.168.7.25	1448
192.168.7.25	144.76.107.124	0
144.76.107.124	192.168.7.25	732
192.168.7.25	144.76.107.124	0
192.168.7.25	144.76.107.124	1448
192.168.7.25	144.76.107.124	181
144.76.107.124	192.168.7.25	0
144.76.107.124	192.168.7.25	1448
144.76.107.124	192.168.7.25	1448
144.76.107.124	192.168.7.25	1448
144.76.107.124	192.168.7.25	1448
144.76.107.124	192.168.7.25	1448
144.76.107.124	192.168.7.25	1448
144.76.107.124	192.168.7.25	1448
192.168.7.25	144.76.107.124	0
192.168.7.25	144.76.107.124	0
192.168.7.25	144.76.107.124	0
144.76.107.124	192.168.7.25	1448
144.76.107.124	192.168.7.25	1448
144.76.107.124	192.168.7.25	1448
144.76.107.124	192.168.7.25	1448
144.76.107.124	192.168.7.25	1448
144.76.107.124	192.168.7.25	1448
144.76.107.124	192.168.7.25	1448
144.76.107.124	192.168.7.25	1448
144.76.107.124	192.168.7.25	1448
192.168.7.25	144.76.107.124	0
144.76.107.124	192.168.7.25	1448
144.76.107.124	192.168.7.25	1448
144.76.107.124	192.168.7.25	0
144.76.107.124	192.168.7.25	0
144.76.107.124	192.168.7.25	1448
144.76.107.124	192.168.7.25	1448
144.76.107.124	192.168.7.25	1448
192.168.7.25	144.76.107.124	543
192.168.7.25	144.76.107.124	0
192.168.7.25	144.76.107.124	543
144.76.107.124	192.168.7.25	1448
144.76.107.124	192.168.7.25	1448
144.76.107.124	192.168.7.25	1448
144.76.107.124	192.168.7.25	1448
144.76.107.124	192.168.7.25	1448
144.76.107.124	192.168.7.25	1448
192.168.7.25	144.76.107.124	0
192.168.7.25	144.76.107.124	0
144.76.107.124	192.168.7.25	1448
144.76.107.124	192.168.7.25	1448
144.76.107.124	192.168.7.25	1448
144.76.107.124	192.168.7.25	1448
144.76.107.124	192.168.7.25	1448
144.76.107.124	192.168.7.25	1448
192.168.7.25	144.76.107.124	0
144.76.107.124	192.168.7.25	1448
144.76.107.124	192.168.7.25	1448
144.76.107.124	192.168.7.25	1448
144.76.107.124	192.168.7.25	1448
144.76.107.124	192.168.7.25	1448
144.76.107.124	192.168.7.25	1448
144.76.107.124	192.168.7.25	1448
144.76.107.124	192.168.7.25	1448
144.76.107.124	192.168.7.25	1448
144.76.107.124	192.168.7.25	1448
144.76.107.124	192.168.7.25	1448
192.168.7.25	144.76.107.124	543
144.76.107.124	192.168.7.25	1448
144.76.107.124	192.168.7.25	1448
144.76.107.124	192.168.7.25	1448
144.76.107.124	192.168.7.25	1448
144.76.107.124	192.168.7.25	1448
144.76.107.124	192.168.7.25	1448
192.168.7.25	144.76.107.124	0
144.76.107.124	192.168.7.25	1448
144.76.107.124	192.168.7.25	1448
144.76.107.124	192.168.7.25	1448
144.76.107.124	192.168.7.25	1448
144.76.107.124	192.168.7.25	1448
144.76.107.124	192.168.7.25	1448
144.76.107.124	192.168.7.25	1448
144.76.107.124	192.168.7.25	1448
144.76.107.124	192.168.7.25	1448
144.76.107.124	192.168.7.25	1448
144.76.107.124	192.168.7.25	1448
144.76.107.124	192.168.7.25	1448
192.168.7.25	144.76.107.124	543
144.76.107.124	192.168.7.25	1448
144.76.107.124	192.168.7.25	1448
144.76.107.124	192.168.7.25	1448
144.76.107.124	192.168.7.25	1448
144.76.107.124	192.168.7.25	1448
144.76.107.124	192.168.7.25	1448
144.76.107.124	192.168.7.25	1448
192.168.7.25	144.76.107.124	0
144.76.107.124	192.168.7.25	1448
144.76.107.124	192.168.7.25	1448
144.76.107.124	192.168.7.25	1448
144.76.107.124	192.168.7.25	1448
144.76.107.124	192.168.7.25	1448
144.76.107.124	192.168.7.25	1448
192.168.7.25	144.76.107.124	0
144.76.107.124	192.168.7.25	1448
144.76.107.124	192.168.7.25	1448
144.76.107.124	192.168.7.25	1448
144.76.107.124	192.168.7.25	1448
144.76.107.124	192.168.7.25	1448
144.76.107.124	192.168.7.25	1448
144.76.107.124	192.168.7.25	1448
144.76.107.124	192.168.7.25	1448
144.76.107.124	192.168.7.25	1448
144.76.107.124	192.168.7.25	1448
144.76.107.124	192.168.7.25	1448
144.76.107.124	192.168.7.25	1448
192.168.7.25	144.76.107.124	0
144.76.107.124	192.168.7.25	1448
144.76.107.124	192.168.7.25	1448
144.76.107.124	192.168.7.25	1448
144.76.107.124	192.168.7.25	173
192.168.7.25	144.76.107.124	0
192.168.7.25	144.76.107.124	0
192.168.7.25	144.76.107.124	0
192.168.7.25	144.76.107.124	1448
192.168.7.25	144.76.107.124	637
144.76.107.124	192.168.7.25	1448
144.76.107.124	192.168.7.25	1448
144.76.107.124	192.168.7.25	1448
144.76.107.124	192.168.7.25	1448
144.76.107.124	192.168.7.25	1448
144.76.107.124	192.168.7.25	1448
144.76.107.124	192.168.7.25	1448
144.76.107.124	192.168.7.25	1448
192.168.7.25	144.76.107.124	0
144.76.107.124	192.168.7.25	1448
144.76.107.124	192.168.7.25	1448
144.76.107.124	192.168.7.25	1448
144.76.107.124	192.168.7.25	1448
144.76.107.124	192.168.7.25	1448
144.76.107.124	192.168.7.25	1448
144.76.107.124	192.168.7.25	1448
144.76.107.124	192.168.7.25	1448
144.76.107.124	192.168.7.25	1448
144.76.107.124	192.168.7.25	1448
144.76.107.124	192.168.7.25	1448
144.76.107.124	192.168.7.25	1448
192.168.7.25	144.76.107.124	543
144.76.107.124	192.168.7.25	1448
144.76.107.124	192.168.7.25	1448
144.76.107.124	192.168.7.25	1448
144.76.107.124	192.168.7.25	1448
144.76.107.124	192.168.7.25	1448
144.76.107.124	192.168.7.25	1448
192.168.7.25	144.76.107.124	0
144.76.107.124	192.168.7.25	1448
144.76.107.124	192.168.7.25	1448
144.76.107.124	192.168.7.25	1448
144.76.107.124	192.168.7.25	1448
144.76.107.124	192.168.7.25	1448
144.76.107.124	192.168.7.25	1448
192.168.7.25	144.76.107.124	0
144.76.107.124	192.168.7.25	1448
144.76.107.124	192.168.7.25	1448
144.76.107.124	192.168.7.25	1448
144.76.107.124	192.168.7.25	1448
144.76.107.124	192.168.7.25	1448
144.76.107.124	192.168.7.25	1448
144.76.107.124	192.168.7.25	1448
144.76.107.124	192.168.7.25	1448
144.76.107.124	192.168.7.25	1448
144.76.107.124	192.168.7.25	1448
144.76.107.124	192.168.7.25	1448
144.76.107.124	192.168.7.25	1448
144.76.107.124	192.168.7.25	1448
144.76.107.124	192.168.7.25	1448
144.76.107.124	192.168.7.25	1448
192.168.7.25	144.76.107.124	0
144.76.107.124	192.168.7.25	1448
144.76.107.124	192.168.7.25	1448
144.76.107.124	192.168.7.25	1448
192.168.7.25	144.76.107.124	0
192.168.7.25	144.76.107.124	1448
192.168.7.25	144.76.107.124	123
144.76.107.124	192.168.7.25	1448
144.76.107.124	192.168.7.25	1448
144.76.107.124	192.168.7.25	1448
144.76.107.124	192.168.7.25	1448
144.76.107.124	192.168.7.25	1448
144.76.107.124	192.168.7.25	1448
144.76.107.124	192.168.7.25	1448
144.76.107.124	192.168.7.25	1448
144.76.107.124	192.168.7.25	1448
144.76.107.124	192.168.7.25	1448
144.76.107.124	192.168.7.25	1448
144.76.107.124	192.168.7.25	1448
192.168.7.25	144.76.107.124	0
144.76.107.124	192.168.7.25	1448
144.76.107.124	192.168.7.25	1448
144.76.107.124	192.168.7.25	1448
144.76.107.124	192.168.7.25	1448
144.76.107.124	192.168.7.25	1448
144.76.107.124	192.168.7.25	1448
192.168.7.25	144.76.107.124	1057
144.76.107.124	192.168.7.25	1448
144.76.107.124	192.168.7.25	1448
144.76.107.124	192.168.7.25	1448
192.168.7.25	144.76.107.124	0
144.76.107.124	192.168.7.25	1448
144.76.107.124	192.168.7.25	1448
144.76.107.124	192.168.7.25	1448
144.76.107.124	192.168.7.25	1448
144.76.107.124	192.168.7.25	1448
144.76.107.124	192.168.7.25	1448
144.76.107.124	192.168.7.25	1448
192.168.7.25	144.76.107.124	543
192.168.7.25	144.76.107.124	0
192.168.7.25	144.76.107.124	0
192.168.7.25	144.76.107.124	0
192.168.7.25	144.76.107.124	0
144.76.107.124	192.168.7.25	1448
144.76.107.124	192.168.7.25	1448
144.76.107.124	192.168.7.25	1448
144.76.107.124	192.168.7.25	1448
144.76.107.124	192.168.7.25	1448
144.76.107.124	192.168.7.25	1448
144.76.107.124	192.168.7.25	1448
144.76.107.124	192.168.7.25	1448
192.168.7.25	144.76.107.124	0
192.168.7.25	144.76.107.124	1448
192.168.7.25	144.76.107.124	152
144.76.107.124	192.168.7.25	1448
144.76.107.124	192.168.7.25	1448
144.76.107.124	192.168.7.25	1448
144.76.107.124	192.168.7.25	1448
144.76.107.124	192.168.7.25	1448
144.76.107.124	192.168.7.25	1448
144.76.107.124	192.168.7.25	1448
144.76.107.124	192.168.7.25	1448
144.76.107.124	192.168.7.25	1448
144.76.107.124	192.168.7.25	1448
144.76.107.124	192.168.7.25	1448
144.76.107.124	192.168.7.25	1448
192.168.7.25	144.76.107.124	0
144.76.107.124	192.168.7.25	1448
144.76.107.124	192.168.7.25	1448
144.76.107.124	192.168.7.25	1448
144.76.107.124	192.168.7.25	1448
144.76.107.124	192.168.7.25	1448
192.168.7.25	144.76.107.124	0
144.76.107.124	192.168.7.25	1448
144.76.107.124	192.168.7.25	1448
144.76.107.124	192.168.7.25	0
144.76.107.124	192.168.7.25	1448
144.76.107.124	192.168.7.25	881
192.168.7.25	144.76.107.124	1086
144.76.107.124	192.168.7.25	0
144.76.107.124	192.168.7.25	0
144.76.107.124	192.168.7.25	1448
144.76.107.124	192.168.7.25	1448
144.76.107.124	192.168.7.25	1448
144.76.107.124	192.168.7.25	1448
144.76.107.124	192.168.7.25	1448
144.76.107.124	192.168.7.25	1448
144.76.107.124	192.168.7.25	1448
192.168.7.25	144.76.107.124	543
192.168.7.25	144.76.107.124	0
192.168.7.25	144.76.107.124	0
192.168.7.25	144.76.107.124	0
144.76.107.124	192.168.7.25	1448
144.76.107.124	192.168.7.25	1448
144.76.107.124	192.168.7.25	1448
144.76.107.124	192.168.7.25	1448
144.76.107.124	192.168.7.25	1448
144.76.107.124	192.168.7.25	1448
144.76.107.124	192.168.7.25	1448
144.76.107.124	192.168.7.25	1448
144.76.107.124	192.168.7.25	1448
192.168.7.25	144.76.107.124	0
144.76.107.124	192.168.7.25	1448
144.76.107.124	192.168.7.25	1448
144.76.107.124	192.168.7.25	1448
144.76.107.124	192.168.7.25	1448
144.76.107.124	192.168.7.25	1448
144.76.107.124	192.168.7.25	1448
144.76.107.124	192.168.7.25	1448
144.76.107.124	192.168.7.25	1448
144.76.107.124	192.168.7.25	1448
144.76.107.124	192.168.7.25	1448
144.76.107.124	192.168.7.25	1448
192.168.7.25	144.76.107.124	543
144.76.107.124	192.168.7.25	1448
144.76.107.124	192.168.7.25	1448
144.76.107.124	192.168.7.25	1448
144.76.107.124	192.168.7.25	1448
144.76.107.124	192.168.7.25	1448
144.76.107.124	192.168.7.25	1448
144.76.107.124	192.168.7.25	1448
192.168.7.25	144.76.107.124	0
144.76.107.124	192.168.7.25	1448
144.76.107.124	192.168.7.25	1448
144.76.107.124	192.168.7.25	0
144.76.107.124	192.168.7.25	1448
144.76.107.124	192.168.7.25	1448
144.76.107.124	192.168.7.25	1448
144.76.107.124	192.168.7.25	1448
144.76.107.124	192.168.7.25	1448
192.168.7.25	144.76.107.124	543
144.76.107.124	192.168.7.25	1448
144.76.107.124	192.168.7.25	1448
144.76.107.124	192.168.7.25	1448
144.76.107.124	192.168.7.25	1448
144.76.107.124	192.168.7.25	1448
144.76.107.124	192.168.7.25	1448
144.76.107.124	192.168.7.25	1448
144.76.107.124	192.168.7.25	1448
192.168.7.25	144.76.107.124	543
144.76.107.124	192.168.7.25	1448
144.76.107.124	192.168.7.25	1448
144.76.107.124	192.168.7.25	1448
144.76.107.124	192.168.7.25	1448
144.76.107.124	192.168.7.25	1448
144.76.107.124	192.168.7.25	1448
144.76.107.124	192.168.7.25	1448
144.76.107.124	192.168.7.25	1448
144.76.107.124	192.168.7.25	1448
192.168.7.25	144.76.107.124	0
144.76.107.124	192.168.7.25	1448
144.76.107.124	192.168.7.25	1448
144.76.107.124	192.168.7.25	1448
144.76.107.124	192.168.7.25	1448
144.76.107.124	192.168.7.25	1448
144.76.107.124	192.168.7.25	1448
144.76.107.124	192.168.7.25	1448
144.76.107.124	192.168.7.25	1448
144.76.107.124	192.168.7.25	1448
144.76.107.124	192.168.7.25	1448
144.76.107.124	192.168.7.25	1448
144.76.107.124	192.168.7.25	1448
144.76.107.124	192.168.7.25	1448
192.168.7.25	144.76.107.124	0
192.168.7.25	144.76.107.124	0
144.76.107.124	192.168.7.25	1448
144.76.107.124	192.168.7.25	1448
144.76.107.124	192.168.7.25	1448
144.76.107.124	192.168.7.25	1448
144.76.107.124	192.168.7.25	1448
144.76.107.124	192.168.7.25	1448
144.76.107.124	192.168.7.25	1448
144.76.107.124	192.168.7.25	1448
144.76.107.124	192.168.7.25	1448
144.76.107.124	192.168.7.25	1448
192.168.7.25	144.76.107.124	1057
144.76.107.124	192.168.7.25	1448
144.76.107.124	192.168.7.25	1448
144.76.107.124	192.168.7.25	1448
144.76.107.124	192.168.7.25	1448
144.76.107.124	192.168.7.25	1448
144.76.107.124	192.168.7.25	1448
144.76.107.124	192.168.7.25	1448
192.168.7.25	144.76.107.124	0
144.76.107.124	192.168.7.25	1448
144.76.107.124	192.168.7.25	1448
144.76.107.124	192.168.7.25	882
144.76.107.124	192.168.7.25	1448
192.168.7.25	144.76.107.124	0
144.76.107.124	192.168.7.25	1448
144.76.107.124	192.168.7.25	1448
144.76.107.124	192.168.7.25	1448
144.76.107.124	192.168.7.25	1448
144.76.107.124	192.168.7.25	1448
144.76.107.124	192.168.7.25	1448
144.76.107.124	192.168.7.25	1448
144.76.107.124	192.168.7.25	1448
144.76.107.124	192.168.7.25	1448
144.76.107.124	192.168.7.25	1448
192.168.7.25	144.76.107.124	543
144.76.107.124	192.168.7.25	1448
144.76.107.124	192.168.7.25	1448
144.76.107.124	192.168.7.25	1448
144.76.107.124	192.168.7.25	1448
144.76.107.124	192.168.7.25	1448
192.168.7.25	144.76.107.124	543
192.168.7.25	144.76.107.124	0
192.168.7.25	144.76.107.124	0
144.76.107.124	192.168.7.25	1448
144.76.107.124	192.168.7.25	1448
144.76.107.124	192.168.7.25	1448
144.76.107.124	192.168.7.25	1448
192.168.7.25	144.76.107.124	0
192.168.7.25	144.76.107.124	0
192.168.7.25	144.76.107.124	0
144.76.107.124	192.168.7.25	1448
144.76.107.124	192.168.7.25	1448
144.76.107.124	192.168.7.25	1448
144.76.107.124	192.168.7.25	1448
144.76.107.124	192.168.7.25	1448
144.76.107.124	192.168.7.25	1448
144.76.107.124	192.168.7.25	1448
144.76.107.124	192.168.7.25	1448
144.76.107.124	192.168.7.25	1448
144.76.107.124	192.168.7.25	1448
192.168.7.25	144.76.107.124	0
144.76.107.124	192.168.7.25	1448
144.76.107.124	192.168.7.25	1448
144.76.107.124	192.168.7.25	1448
144.76.107.124	192.168.7.25	1448
144.76.107.124	192.168.7.25	1448
144.76.107.124	192.168.7.25	1448
144.76.107.124	192.168.7.25	1448
144.76.107.124	192.168.7.25	1448
144.76.107.124	192.168.7.25	1448
144.76.107.124	192.168.7.25	1448
144.76.107.124	192.168.7.25	1448
144.76.107.124	192.168.7.25	1448
144.76.107.124	192.168.7.25	1448
144.76.107.124	192.168.7.25	1448
144.76.107.124	192.168.7.25	1448
192.168.7.25	144.76.107.124	0
192.168.7.25	144.76.107.124	0
144.76.107.124	192.168.7.25	1448
144.76.107.124	192.168.7.25	1448
144.76.107.124	192.168.7.25	1448
144.76.107.124	192.168.7.25	1448
144.76.107.124	192.168.7.25	1448
144.76.107.124	192.168.7.25	1448
192.168.7.25	144.76.107.124	1448
192.168.7.25	144.76.107.124	123
144.76.107.124	192.168.7.25	1448
144.76.107.124	192.168.7.25	1448
144.76.107.124	192.168.7.25	1448
144.76.107.124	192.168.7.25	0
144.76.107.124	192.168.7.25	1448
144.76.107.124	192.168.7.25	1448
144.76.107.124	192.168.7.25	1448
144.76.107.124	192.168.7.25	1448
144.76.107.124	192.168.7.25	1448
144.76.107.124	192.168.7.25	1448
192.168.7.25	144.76.107.124	543
144.76.107.124	192.168.7.25	1448
144.76.107.124	192.168.7.25	1448
144.76.107.124	192.168.7.25	1448
144.76.107.124	192.168.7.25	1448
144.76.107.124	192.168.7.25	1448
144.76.107.124	192.168.7.25	1448
144.76.107.124	192.168.7.25	1448
144.76.107.124	192.168.7.25	1448
144.76.107.124	192.168.7.25	1448
144.76.107.124	192.168.7.25	1448
144.76.107.124	192.168.7.25	1448
144.76.107.124	192.168.7.25	1448
192.168.7.25	144.76.107.124	543
144.76.107.124	192.168.7.25	1448
144.76.107.124	192.168.7.25	1448
192.168.7.25	144.76.107.124	1448
192.168.7.25	144.76.107.124	123
144.76.107.124	192.168.7.25	1448
144.76.107.124	192.168.7.25	0
144.76.107.124	192.168.7.25	1448
144.76.107.124	192.168.7.25	1448
144.76.107.124	192.168.7.25	1448
192.168.7.25	144.76.107.124	0
192.168.7.25	144.76.107.124	0
192.168.7.25	144.76.107.124	543
144.76.107.124	192.168.7.25	1448
144.76.107.124	192.168.7.25	1448
144.76.107.124	192.168.7.25	1448
192.168.7.25	144.76.107.124	0
192.168.7.25	144.76.107.124	0
144.76.107.124	192.168.7.25	1448
144.76.107.124	192.168.7.25	1448
144.76.107.124	192.168.7.25	1448
144.76.107.124	192.168.7.25	1448
144.76.107.124	192.168.7.25	1448
192.168.7.25	144.76.107.124	0
144.76.107.124	192.168.7.25	1448
144.76.107.124	192.168.7.25	1448
144.76.107.124	192.168.7.25	1353
192.168.7.25	144.76.107.124	0
144.76.107.124	192.168.7.25	1448
144.76.107.124	192.168.7.25	1448
144.76.107.124	192.168.7.25	1448
144.76.107.124	192.168.7.25	1448
144.76.107.124	192.168.7.25	0
144.76.107.124	192.168.7.25	1448
144.76.107.124	192.168.7.25	1448
144.76.107.124	192.168.7.25	1448
144.76.107.124	192.168.7.25	1448
144.76.107.124	192.168.7.25	1448
192.168.7.25	144.76.107.124	1086
144.76.107.124	192.168.7.25	1448
144.76.107.124	192.168.7.25	1448
144.76.107.124	192.168.7.25	1448
144.76.107.124	192.168.7.25	1448
144.76.107.124	192.168.7.25	1448
144.76.107.124	192.168.7.25	1448
144.76.107.124	192.168.7.25	1448
144.76.107.124	192.168.7.25	1448
192.168.7.25	144.76.107.124	0
144.76.107.124	192.168.7.25	1448
144.76.107.124	192.168.7.25	1448
144.76.107.124	192.168.7.25	1448
144.76.107.124	192.168.7.25	1448
144.76.107.124	192.168.7.25	1448
144.76.107.124	192.168.7.25	1448
144.76.107.124	192.168.7.25	1448
144.76.107.124	192.168.7.25	1448
192.168.7.25	144.76.107.124	0
144.76.107.124	192.168.7.25	1448
144.76.107.124	192.168.7.25	1448
144.76.107.124	192.168.7.25	1448
144.76.107.124	192.168.7.25	1448
144.76.107.124	192.168.7.25	1448
144.76.107.124	192.168.7.25	1448
144.76.107.124	192.168.7.25	1448
192.168.7.25	144.76.107.124	543
144.76.107.124	192.168.7.25	1448
144.76.107.124	192.168.7.25	1448
144.76.107.124	192.168.7.25	1448
144.76.107.124	192.168.7.25	1448
144.76.107.124	192.168.7.25	0
144.76.107.124	192.168.7.25	0
144.76.107.124	192.168.7.25	1448
144.76.107.124	192.168.7.25	1448
144.76.107.124	192.168.7.25	1448
144.76.107.124	192.168.7.25	1448
192.168.7.25	144.76.107.124	543
192.168.7.25	144.76.107.124	0
192.168.7.25	144.76.107.124	0
144.76.107.124	192.168.7.25	1448
144.76.107.124	192.168.7.25	1448
192.168.7.25	144.76.107.124	0
192.168.7.25	144.76.107.124	0
144.76.107.124	192.168.7.25	1448
144.76.107.124	192.168.7.25	1448
144.76.107.124	192.168.7.25	1448
144.76.107.124	192.168.7.25	1448
144.76.107.124	192.168.7.25	1448
192.168.7.25	144.76.107.124	0
144.76.107.124	192.168.7.25	1448
144.76.107.124	192.168.7.25	1448
144.76.107.124	192.168.7.25	1448
144.76.107.124	192.168.7.25	1448
144.76.107.124	192.168.7.25	1448
144.76.107.124	192.168.7.25	1448
192.168.7.25	144.76.107.124	543
144.76.107.124	192.168.7.25	1448
144.76.107.124	192.168.7.25	1448
144.76.107.124	192.168.7.25	1448
144.76.107.124	192.168.7.25	1448
144.76.107.124	192.168.7.25	1448
144.76.107.124	192.168.7.25	1448
144.76.107.124	192.168.7.25	1448
144.76.107.124	192.168.7.25	1448
144.76.107.124	192.168.7.25	1448
144.76.107.124	192.168.7.25	1448
192.168.7.25	144.76.107.124	0
144.76.107.124	192.168.7.25	1448
144.76.107.124	192.168.7.25	1448
144.76.107.124	192.168.7.25	1448
144.76.107.124	192.168.7.25	1448
144.76.107.124	192.168.7.25	1448
144.76.107.124	192.168.7.25	1448
144.76.107.124	192.168.7.25	1448
144.76.107.124	192.168.7.25	1448
144.76.107.124	192.168.7.25	1448
144.76.107.124	192.168.7.25	1448
192.168.7.25	144.76.107.124	543
144.76.107.124	192.168.7.25	1448
144.76.107.124	192.168.7.25	1448
144.76.107.124	192.168.7.25	1448
144.76.107.124	192.168.7.25	1448
144.76.107.124	192.168.7.25	1448
144.76.107.124	192.168.7.25	1448
192.168.7.25	144.76.107.124	0
144.76.107.124	192.168.7.25	1448
144.76.107.124	192.168.7.25	1448
144.76.107.124	192.168.7.25	1448
144.76.107.124	192.168.7.25	1448
144.76.107.124	192.168.7.25	1448
144.76.107.124	192.168.7.25	1448
144.76.107.124	192.168.7.25	1448
144.76.107.124	192.168.7.25	1448
192.168.7.25	144.76.107.124	0
144.76.107.124	192.168.7.25	1448
144.76.107.124	192.168.7.25	1448
144.76.107.124	192.168.7.25	1448
144.76.107.124	192.168.7.25	1448
144.76.107.124	192.168.7.25	1448
144.76.107.124	192.168.7.25	1448
192.168.7.25	144.76.107.124	0
144.76.107.124	192.168.7.25	1448
144.76.107.124	192.168.7.25	1448
144.76.107.124	192.168.7.25	1448
144.76.107.124	192.168.7.25	1448
144.76.107.124	192.168.7.25	1448
144.76.107.124	192.168.7.25	1448
144.76.107.124	192.168.7.25	1448
144.76.107.124	192.168.7.25	1448
144.76.107.124	192.168.7.25	1448
144.76.107.124	192.168.7.25	1448
144.76.107.124	192.168.7.25	1448
144.76.107.124	192.168.7.25	1448
144.76.107.124	192.168.7.25	1448
144.76.107.124	192.168.7.25	1448
144.76.107.124	192.168.7.25	1448
192.168.7.25	144.76.107.124	0
192.168.7.25	144.76.107.124	0
192.168.7.25	144.76.107.124	1448
192.168.7.25	144.76.107.124	637
144.76.107.124	192.168.7.25	1448
144.76.107.124	192.168.7.25	1448
144.76.107.124	192.168.7.25	1448
144.76.107.124	192.168.7.25	1448
144.76.107.124	192.168.7.25	1448
144.76.107.124	192.168.7.25	1448
144.76.107.124	192.168.7.25	1448
144.76.107.124	192.168.7.25	1448
144.76.107.124	192.168.7.25	1448
192.168.7.25	144.76.107.124	0
144.76.107.124	192.168.7.25	1448
144.76.107.124	192.168.7.25	1448
144.76.107.124	192.168.7.25	1448
144.76.107.124	192.168.7.25	1448
144.76.107.124	192.168.7.25	1448
144.76.107.124	192.168.7.25	1448
144.76.107.124	192.168.7.25	1448
144.76.107.124	192.168.7.25	1448
192.168.7.25	144.76.107.124	0
144.76.107.124	192.168.7.25	1448
144.76.107.124	192.168.7.25	1448
144.76.107.124	192.168.7.25	1448
144.76.107.124	192.168.7.25	1448
144.76.107.124	192.168.7.25	1248
192.168.7.25	144.76.107.124	543
144.76.107.124	192.168.7.25	1448
144.76.107.124	192.168.7.25	1448
144.76.107.124	192.168.7.25	1448
144.76.107.124	192.168.7.25	1448
144.76.107.124	192.168.7.25	1448
144.76.107.124	192.168.7.25	1448
144.76.107.124	192.168.7.25	1448
144.76.107.124	192.168.7.25	1448
144.76.107.124	192.168.7.25	1448
192.168.7.25	144.76.107.124	543
192.168.7.25	144.76.107.124	0
192.168.7.25	144.76.107.124	0
192.168.7.25	144.76.107.124	0
144.76.107.124	192.168.7.25	1448
144.76.107.124	192.168.7.25	1448
144.76.107.124	192.168.7.25	1448
144.76.107.124	192.168.7.25	1448
144.76.107.124	192.168.7.25	1448
144.76.107.124	192.168.7.25	1448
144.76.107.124	192.168.7.25	1448
144.76.107.124	192.168.7.25	1448
144.76.107.124	192.168.7.25	1448
192.168.7.25	144.76.107.124	543
144.76.107.124	192.168.7.25	1448
144.76.107.124	192.168.7.25	1448
144.76.107.124	192.168.7.25	1448
144.76.107.124	192.168.7.25	1448
144.76.107.124	192.168.7.25	1448
144.76.107.124	192.168.7.25	1448
144.76.107.124	192.168.7.25	1448
144.76.107.124	192.168.7.25	1448
144.76.107.124	192.168.7.25	1448
192.168.7.25	144.76.107.124	0
144.76.107.124	192.168.7.25	1448
144.76.107.124	192.168.7.25	1448
144.76.107.124	192.168.7.25	1448
144.76.107.124	192.168.7.25	1448
144.76.107.124	192.168.7.25	1448
144.76.107.124	192.168.7.25	1448
192.168.7.25	144.76.107.124	0
144.76.107.124	192.168.7.25	1448
144.76.107.124	192.168.7.25	0
144.76.107.124	192.168.7.25	0
144.76.107.124	192.168.7.25	1448
144.76.107.124	192.168.7.25	1448
144.76.107.124	192.168.7.25	1448
144.76.107.124	192.168.7.25	1448
144.76.107.124	192.168.7.25	1448
144.76.107.124	192.168.7.25	1448
144.76.107.124	192.168.7.25	1448
144.76.107.124	192.168.7.25	1448
144.76.107.124	192.168.7.25	1448
192.168.7.25	144.76.107.124	543
144.76.107.124	192.168.7.25	1448
144.76.107.124	192.168.7.25	1448
144.76.107.124	192.168.7.25	1448
144.76.107.124	192.168.7.25	1448
144.76.107.124	192.168.7.25	1448
144.76.107.124	192.168.7.25	1448
144.76.107.124	192.168.7.25	1448
192.168.7.25	144.76.107.124	543
192.168.7.25	144.76.107.124	1448
192.168.7.25	144.76.107.124	123
144.76.107.124	192.168.7.25	1448
144.76.107.124	192.168.7.25	1448
144.76.107.124	192.168.7.25	1448
144.76.107.124	192.168.7.25	169
192.168.7.25	144.76.107.124	0
144.76.107.124	192.168.7.25	1448
144.76.107.124	192.168.7.25	1448
144.76.107.124	192.168.7.25	1448
144.76.107.124	192.168.7.25	1448
144.76.107.124	192.168.7.25	1448
144.76.107.124	192.168.7.25	1448
144.76.107.124	192.168.7.25	1448
144.76.107.124	192.168.7.25	1448
144.76.107.124	192.168.7.25	1448
144.76.107.124	192.168.7.25	1448
192.168.7.25	144.76.107.124	0
144.76.107.124	192.168.7.25	1448
144.76.107.124	192.168.7.25	1448
144.76.107.124	192.168.7.25	1448
144.76.107.124	192.168.7.25	1448
144.76.107.124	192.168.7.25	1448
144.76.107.124	192.168.7.25	1448
144.76.107.124	192.168.7.25	1448
192.168.7.25	144.76.107.124	543
144.76.107.124	192.168.7.25	1448
144.76.107.124	192.168.7.25	1448
144.76.107.124	192.168.7.25	1448
144.76.107.124	192.168.7.25	1448
144.76.107.124	192.168.7.25	1448
144.76.107.124	192.168.7.25	1448
192.168.7.25	144.76.107.124	0
192.168.7.25	144.76.107.124	0
192.168.7.25	144.76.107.124	0
192.168.7.25	144.76.107.124	0
192.168.7.25	144.76.107.124	543
144.76.107.124	192.168.7.25	1448
144.76.107.124	192.168.7.25	1448
144.76.107.124	192.168.7.25	1448
144.76.107.124	192.168.7.25	1448
144.76.107.124	192.168.7.25	1448
144.76.107.124	192.168.7.25	1448
192.168.7.25	144.76.107.124	0
144.76.107.124	192.168.7.25	1448
144.76.107.124	192.168.7.25	1448
144.76.107.124	192.168.7.25	1448
144.76.107.124	192.168.7.25	1448
144.76.107.124	192.168.7.25	1448
144.76.107.124	192.168.7.25	1448
192.168.7.25	144.76.107.124	543
144.76.107.124	192.168.7.25	1448
144.76.107.124	192.168.7.25	0
144.76.107.124	192.168.7.25	1448
144.76.107.124	192.168.7.25	1448
144.76.107.124	192.168.7.25	1448
144.76.107.124	192.168.7.25	1448
144.76.107.124	192.168.7.25	1448
144.76.107.124	192.168.7.25	1448
144.76.107.124	192.168.7.25	1448
144.76.107.124	192.168.7.25	1448
192.168.7.25	144.76.107.124	543
144.76.107.124	192.168.7.25	1448
144.76.107.124	192.168.7.25	1448
144.76.107.124	192.168.7.25	1448
144.76.107.124	192.168.7.25	1448
144.76.107.124	192.168.7.25	1448
144.76.107.124	192.168.7.25	1448
192.168.7.25	144.76.107.124	0
144.76.107.124	192.168.7.25	1448
144.76.107.124	192.168.7.25	1448
144.76.107.124	192.168.7.25	1448
144.76.107.124	192.168.7.25	1448
144.76.107.124	192.168.7.25	1448
144.76.107.124	192.168.7.25	1448
144.76.107.124	192.168.7.25	1448
144.76.107.124	192.168.7.25	1448
192.168.7.25	144.76.107.124	0
144.76.107.124	192.168.7.25	1448
144.76.107.124	192.168.7.25	1448
144.76.107.124	192.168.7.25	1448
144.76.107.124	192.168.7.25	1448
144.76.107.124	192.168.7.25	1448
144.76.107.124	192.168.7.25	1448
144.76.107.124	192.168.7.25	1448
144.76.107.124	192.168.7.25	1448
144.76.107.124	192.168.7.25	1448
144.76.107.124	192.168.7.25	1448
144.76.107.124	192.168.7.25	1448
192.168.7.25	144.76.107.124	543
144.76.107.124	192.168.7.25	1448
144.76.107.124	192.168.7.25	1448
144.76.107.124	192.168.7.25	1448
144.76.107.124	192.168.7.25	1448
144.76.107.124	192.168.7.25	1448
144.76.107.124	192.168.7.25	1448
144.76.107.124	192.168.7.25	1448
192.168.7.25	144.76.107.124	0
144.76.107.124	192.168.7.25	1448
144.76.107.124	192.168.7.25	1448
144.76.107.124	192.168.7.25	1448
144.76.107.124	192.168.7.25	1448
144.76.107.124	192.168.7.25	1448
144.76.107.124	192.168.7.25	1448
144.76.107.124	192.168.7.25	1448
192.168.7.25	144.76.107.124	0
144.76.107.124	192.168.7.25	1448
144.76.107.124	192.168.7.25	1448
144.76.107.124	192.168.7.25	1448
144.76.107.124	192.168.7.25	1448
144.76.107.124	192.168.7.25	1448
144.76.107.124	192.168.7.25	1448
144.76.107.124	192.168.7.25	1448
144.76.107.124	192.168.7.25	1448
144.76.107.124	192.168.7.25	1448
192.168.7.25	144.76.107.124	1057
144.76.107.124	192.168.7.25	1448
144.76.107.124	192.168.7.25	1448
144.76.107.124	192.168.7.25	1448
144.76.107.124	192.168.7.25	1448
144.76.107.124	192.168.7.25	1448
144.76.107.124	192.168.7.25	1448
192.168.7.25	144.76.107.124	0
144.76.107.124	192.168.7.25	1448
144.76.107.124	192.168.7.25	1448
144.76.107.124	192.168.7.25	1448
144.76.107.124	192.168.7.25	1448
144.76.107.124	192.168.7.25	1448
144.76.107.124	192.168.7.25	1448
144.76.107.124	192.168.7.25	1448
144.76.107.124	192.168.7.25	1448
144.76.107.124	192.168.7.25	1448
144.76.107.124	192.168.7.25	0
192.168.7.25	144.76.107.124	543
144.76.107.124	192.168.7.25	0
144.76.107.124	192.168.7.25	1448
144.76.107.124	192.168.7.25	1448
144.76.107.124	192.168.7.25	1448
144.76.107.124	192.168.7.25	1448
144.76.107.124	192.168.7.25	1448
144.76.107.124	192.168.7.25	1448
192.168.7.25	144.76.107.124	543
144.76.107.124	192.168.7.25	1448
144.76.107.124	192.168.7.25	1448
144.76.107.124	192.168.7.25	1448
144.76.107.124	192.168.7.25	1448
144.76.107.124	192.168.7.25	1448
144.76.107.124	192.168.7.25	1448
144.76.107.124	192.168.7.25	1448
144.76.107.124	192.168.7.25	1448
144.76.107.124	192.168.7.25	1448
192.168.7.25	144.76.107.124	543
144.76.107.124	192.168.7.25	872
192.168.7.25	144.76.107.124	0
144.76.107.124	192.168.7.25	1448
144.76.107.124	192.168.7.25	1448
192.168.7.25	144.76.107.124	0
192.168.7.25	144.76.107.124	0
144.76.107.124	192.168.7.25	0
144.76.107.124	192.168.7.25	1448
144.76.107.124	192.168.7.25	1448
144.76.107.124	192.168.7.25	1448
144.76.107.124	192.168.7.25	1448
144.76.107.124	192.168.7.25	1448
192.168.7.25	144.76.107.124	0
192.168.7.25	144.76.107.124	0
192.168.7.25	144.76.107.124	543
144.76.107.124	192.168.7.25	1448
144.76.107.124	192.168.7.25	1448
144.76.107.124	192.168.7.25	1448
144.76.107.124	192.168.7.25	1448
144.76.107.124	192.168.7.25	1448
144.76.107.124	192.168.7.25	1448
144.76.107.124	192.168.7.25	1448
144.76.107.124	192.168.7.25	1448
144.76.107.124	192.168.7.25	1448
144.76.107.124	192.168.7.25	1448
144.76.107.124	192.168.7.25	1448
144.76.107.124	192.168.7.25	1448
144.76.107.124	192.168.7.25	1448
144.76.107.124	192.168.7.25	1448
144.76.107.124	192.168.7.25	1448
144.76.107.124	192.168.7.25	1448
144.76.107.124	192.168.7.25	1448
192.168.7.25	144.76.107.124	0
192.168.7.25	144.76.107.124	0
144.76.107.124	192.168.7.25	1448
144.76.107.124	192.168.7.25	1448
144.76.107.124	192.168.7.25	1448
144.76.107.124	192.168.7.25	1448
144.76.107.124	192.168.7.25	1448
144.76.107.124	192.168.7.25	1448
144.76.107.124	192.168.7.25	1448
144.76.107.124	192.168.7.25	1448
192.168.7.25	144.76.107.124	0
144.76.107.124	192.168.7.25	1448
144.76.107.124	192.168.7.25	1448
144.76.107.124	192.168.7.25	1448
144.76.107.124	192.168.7.25	1448
144.76.107.124	192.168.7.25	1448
144.76.107.124	192.168.7.25	0
144.76.107.124	192.168.7.25	1448
144.76.107.124	192.168.7.25	0
144.76.107.124	192.168.7.25	1448
192.168.7.25	144.76.107.124	1057
144.76.107.124	192.168.7.25	1448
144.76.107.124	192.168.7.25	1448
192.168.7.25	144.76.107.124	0
192.168.7.25	144.76.107.124	543
144.76.107.124	192.168.7.25	1448
144.76.107.124	192.168.7.25	1448
144.76.107.124	192.168.7.25	1448
144.76.107.124	192.168.7.25	1448
144.76.107.124	192.168.7.25	1448
192.168.7.25	144.76.107.124	0
192.168.7.25	144.76.107.124	0
192.168.7.25	144.76.107.124	0
144.76.107.124	192.168.7.25	1448
192.168.7.25	144.76.107.124	0
144.76.107.124	192.168.7.25	1448
144.76.107.124	192.168.7.25	1448
144.76.107.124	192.168.7.25	1448
144.76.107.124	192.168.7.25	1448
144.76.107.124	192.168.7.25	1448
144.76.107.124	192.168.7.25	1448
144.76.107.124	192.168.7.25	1448
144.76.107.124	192.168.7.25	1448
144.76.107.124	192.168.7.25	1448
144.76.107.124	192.168.7.25	1448
192.168.7.25	144.76.107.124	543
144.76.107.124	192.168.7.25	1448
144.76.107.124	192.168.7.25	1448
144.76.107.124	192.168.7.25	1448
144.76.107.124	192.168.7.25	1448
144.76.107.124	192.168.7.25	1448
144.76.107.124	192.168.7.25	1448
144.76.107.124	192.168.7.25	1448
144.76.107.124	192.168.7.25	1448
144.76.107.124	192.168.7.25	1448
192.168.7.25	144.76.107.124	0
144.76.107.124	192.168.7.25	1448
192.168.7.25	144.76.107.124	1448
192.168.7.25	144.76.107.124	123
144.76.107.124	192.168.7.25	1448
144.76.107.124	192.168.7.25	1448
144.76.107.124	192.168.7.25	1448
144.76.107.124	192.168.7.25	1448
144.76.107.124	192.168.7.25	1448
144.76.107.124	192.168.7.25	1448
144.76.107.124	192.168.7.25	1448
144.76.107.124	192.168.7.25	1448
144.76.107.124	192.168.7.25	1448
144.76.107.124	192.168.7.25	0
192.168.7.25	144.76.107.124	0
144.76.107.124	192.168.7.25	594
192.168.7.25	144.76.107.124	0
144.76.107.124	192.168.7.25	1448
144.76.107.124	192.168.7.25	1448
144.76.107.124	192.168.7.25	1448
144.76.107.124	192.168.7.25	1448
144.76.107.124	192.168.7.25	1448
144.76.107.124	192.168.7.25	1448
144.76.107.124	192.168.7.25	1448
144.76.107.124	192.168.7.25	1448
144.76.107.124	192.168.7.25	1448
144.76.107.124	192.168.7.25	1448
192.168.7.25	144.76.107.124	543
144.76.107.124	192.168.7.25	1448
144.76.107.124	192.168.7.25	1448
144.76.107.124	192.168.7.25	1448
144.76.107.124	192.168.7.25	1448
144.76.107.124	192.168.7.25	1448
144.76.107.124	192.168.7.25	1448
192.168.7.25	144.76.107.124	0
144.76.107.124	192.168.7.25	1448
144.76.107.124	192.168.7.25	1448
144.76.107.124	192.168.7.25	1448
144.76.107.124	192.168.7.25	1448
144.76.107.124	192.168.7.25	1448
144.76.107.124	192.168.7.25	1448
144.76.107.124	192.168.7.25	1448
144.76.107.124	192.168.7.25	1448
192.168.7.25	144.76.107.124	543
144.76.107.124	192.168.7.25	1448
144.76.107.124	192.168.7.25	1448
144.76.107.124	192.168.7.25	1448
144.76.107.124	192.168.7.25	1448
144.76.107.124	192.168.7.25	1448
144.76.107.124	192.168.7.25	1448
144.76.107.124	192.168.7.25	1448
144.76.107.124	192.168.7.25	1448
144.76.107.124	192.168.7.25	1448
144.76.107.124	192.168.7.25	1448
192.168.7.25	144.76.107.124	0
144.76.107.124	192.168.7.25	1448
144.76.107.124	192.168.7.25	1448
144.76.107.124	192.168.7.25	1448
144.76.107.124	192.168.7.25	1448
144.76.107.124	192.168.7.25	1448
144.76.107.124	192.168.7.25	1448
144.76.107.124	192.168.7.25	1448
144.76.107.124	192.168.7.25	1448
192.168.7.25	144.76.107.124	0
144.76.107.124	192.168.7.25	1448
144.76.107.124	192.168.7.25	1448
144.76.107.124	192.168.7.25	1448
144.76.107.124	192.168.7.25	1448
144.76.107.124	192.168.7.25	1448
144.76.107.124	192.168.7.25	1448
144.76.107.124	192.168.7.25	1448
192.168.7.25	144.76.107.124	0
144.76.107.124	192.168.7.25	1448
192.168.7.25	144.76.107.124	1448
192.168.7.25	144.76.107.124	123
144.76.107.124	192.168.7.25	1448
144.76.107.124	192.168.7.25	1448
144.76.107.124	192.168.7.25	1448
144.76.107.124	192.168.7.25	1448
144.76.107.124	192.168.7.25	1448
144.76.107.124	192.168.7.25	1448
144.76.107.124	192.168.7.25	1448
144.76.107.124	192.168.7.25	1448
144.76.107.124	192.168.7.25	1448
144.76.107.124	192.168.7.25	1448
192.168.7.25	144.76.107.124	0
192.168.7.25	144.76.107.124	0
192.168.7.25	144.76.107.124	0
144.76.107.124	192.168.7.25	1448
144.76.107.124	192.168.7.25	1448
144.76.107.124	192.168.7.25	1448
144.76.107.124	192.168.7.25	1448
144.76.107.124	192.168.7.25	1448
192.168.7.25	144.76.107.124	543
144.76.107.124	192.168.7.25	1448
144.76.107.124	192.168.7.25	1448
144.76.107.124	192.168.7.25	1448
144.76.107.124	192.168.7.25	1448
144.76.107.124	192.168.7.25	1448
144.76.107.124	192.168.7.25	1448
192.168.7.25	144.76.107.124	0
144.76.107.124	192.168.7.25	1448
144.76.107.124	192.168.7.25	1448
144.76.107.124	192.168.7.25	1448
144.76.107.124	192.168.7.25	1448
144.76.107.124	192.168.7.25	1448
144.76.107.124	192.168.7.25	1448
144.76.107.124	192.168.7.25	1448
192.168.7.25	144.76.107.124	543
144.76.107.124	192.168.7.25	1448
144.76.107.124	192.168.7.25	1448
144.76.107.124	192.168.7.25	1448
144.76.107.124	192.168.7.25	1448
144.76.107.124	192.168.7.25	1448
144.76.107.124	192.168.7.25	1448
144.76.107.124	192.168.7.25	1448
144.76.107.124	192.168.7.25	1448
144.76.107.124	192.168.7.25	1448
192.168.7.25	144.76.107.124	0
144.76.107.124	192.168.7.25	1448
144.76.107.124	192.168.7.25	1448
144.76.107.124	192.168.7.25	1448
144.76.107.124	192.168.7.25	1448
144.76.107.124	192.168.7.25	1448
144.76.107.124	192.168.7.25	1448
144.76.107.124	192.168.7.25	1448
144.76.107.124	192.168.7.25	1448
144.76.107.124	192.168.7.25	1448
144.76.107.124	192.168.7.25	1448
144.76.107.124	192.168.7.25	1448
144.76.107.124	192.168.7.25	1448
192.168.7.25	144.76.107.124	543
144.76.107.124	192.168.7.25	1448
144.76.107.124	192.168.7.25	1448
144.76.107.124	192.168.7.25	1448
144.76.107.124	192.168.7.25	1448
144.76.107.124	192.168.7.25	1448
144.76.107.124	192.168.7.25	1448
144.76.107.124	192.168.7.25	41
192.168.7.25	144.76.107.124	0
192.168.7.25	144.76.107.124	0
192.168.7.25	144.76.107.124	0
192.168.7.25	144.76.107.124	543
192.168.7.25	144.76.107.124	0
192.168.7.25	144.76.107.124	0
192.168.7.25	144.76.107.124	0
144.76.107.124	192.168.7.25	1448
144.76.107.124	192.168.7.25	1448
144.76.107.124	192.168.7.25	1448
144.76.107.124	192.168.7.25	1448
144.76.107.124	192.168.7.25	1448
144.76.107.124	192.168.7.25	1448
144.76.107.124	192.168.7.25	1448
144.76.107.124	192.168.7.25	1448
144.76.107.124	192.168.7.25	1448
144.76.107.124	192.168.7.25	1448
144.76.107.124	192.168.7.25	1448
144.76.107.124	192.168.7.25	1448
144.76.107.124	192.168.7.25	1448
192.168.7.25	144.76.107.124	0
144.76.107.124	192.168.7.25	1448
144.76.107.124	192.168.7.25	1448
144.76.107.124	192.168.7.25	1448
144.76.107.124	192.168.7.25	1448
192.168.7.25	144.76.107.124	543
144.76.107.124	192.168.7.25	1448
144.76.107.124	192.168.7.25	1448
144.76.107.124	192.168.7.25	1448
144.76.107.124	192.168.7.25	0
144.76.107.124	192.168.7.25	1448
192.168.7.25	144.76.107.124	543
144.76.107.124	192.168.7.25	1448
144.76.107.124	192.168.7.25	1448
144.76.107.124	192.168.7.25	1448
144.76.107.124	192.168.7.25	1448
144.76.107.124	192.168.7.25	1448
144.76.107.124	192.168.7.25	1448
192.168.7.25	144.76.107.124	0
192.168.7.25	144.76.107.124	0
192.168.7.25	144.76.107.124	0
192.168.7.25	144.76.107.124	0
192.168.7.25	144.76.107.124	543
144.76.107.124	192.168.7.25	1448
144.76.107.124	192.168.7.25	1448
144.76.107.124	192.168.7.25	1448
144.76.107.124	192.168.7.25	1448
144.76.107.124	192.168.7.25	1448
144.76.107.124	192.168.7.25	1448
144.76.107.124	192.168.7.25	1448
144.76.107.124	192.168.7.25	1448
192.168.7.25	144.76.107.124	0
144.76.107.124	192.168.7.25	0
144.76.107.124	192.168.7.25	1448
144.76.107.124	192.168.7.25	1448
144.76.107.124	192.168.7.25	1448
144.76.107.124	192.168.7.25	1448
144.76.107.124	192.168.7.25	1448
144.76.107.124	192.168.7.25	1448
144.76.107.124	192.168.7.25	1448
144.76.107.124	192.168.7.25	1448
144.76.107.124	192.168.7.25	1448
192.168.7.25	144.76.107.124	0
144.76.107.124	192.168.7.25	1448
144.76.107.124	192.168.7.25	1448
144.76.107.124	192.168.7.25	1448
144.76.107.124	192.168.7.25	1448
144.76.107.124	192.168.7.25	1448
144.76.107.124	192.168.7.25	1448
144.76.107.124	192.168.7.25	1448
192.168.7.25	144.76.107.124	543
144.76.107.124	192.168.7.25	1448
144.76.107.124	192.168.7.25	1448
144.76.107.124	192.168.7.25	1448
144.76.107.124	192.168.7.25	1448
144.76.107.124	192.168.7.25	1448
144.76.107.124	192.168.7.25	1448
144.76.107.124	192.168.7.25	1448
144.76.107.124	192.168.7.25	1448
144.76.107.124	192.168.7.25	1448
144.76.107.124	192.168.7.25	1448
144.76.107.124	192.168.7.25	1448
144.76.107.124	192.168.7.25	1448
144.76.107.124	192.168.7.25	1448
192.168.7.25	144.76.107.124	543
144.76.107.124	192.168.7.25	1448
144.76.107.124	192.168.7.25	1448
144.76.107.124	192.168.7.25	1448
144.76.107.124	192.168.7.25	1448
144.76.107.124	192.168.7.25	1448
192.168.7.25	144.76.107.124	543
144.76.107.124	192.168.7.25	1448
144.76.107.124	192.168.7.25	1448
144.76.107.124	192.168.7.25	1448
144.76.107.124	192.168.7.25	1448
144.76.107.124	192.168.7.25	1448
144.76.107.124	192.168.7.25	1448
144.76.107.124	192.168.7.25	500
192.168.7.25	144.76.107.124	0
192.168.7.25	144.76.107.124	0
192.168.7.25	144.76.107.124	0
144.76.107.124	192.168.7.25	1448
144.76.107.124	192.168.7.25	1448
144.76.107.124	192.168.7.25	1448
144.76.107.124	192.168.7.25	1448
144.76.107.124	192.168.7.25	1448
144.76.107.124	192.168.7.25	1448
144.76.107.124	192.168.7.25	1448
144.76.107.124	192.168.7.25	1448
144.76.107.124	192.168.7.25	1448
144.76.107.124	192.168.7.25	1448
192.168.7.25	144.76.107.124	543
144.76.107.124	192.168.7.25	1448
144.76.107.124	192.168.7.25	1448
144.76.107.124	192.168.7.25	1448
144.76.107.124	192.168.7.25	1448
144.76.107.124	192.168.7.25	1448
144.76.107.124	192.168.7.25	1448
144.76.107.124	192.168.7.25	1448
144.76.107.124	192.168.7.25	1448
192.168.7.25	144.76.107.124	0
144.76.107.124	192.168.7.25	1448
144.76.107.124	192.168.7.25	1448
144.76.107.124	192.168.7.25	1448
144.76.107.124	192.168.7.25	1448
144.76.107.124	192.168.7.25	1448
144.76.107.124	192.168.7.25	1448
192.168.7.25	144.76.107.124	0
144.76.107.124	192.168.7.25	1448
144.76.107.124	192.168.7.25	1448
144.76.107.124	192.168.7.25	1448
144.76.107.124	192.168.7.25	1448
144.76.107.124	192.168.7.25	1448
144.76.107.124	192.168.7.25	1448
144.76.107.124	192.168.7.25	1448
144.76.107.124	192.168.7.25	1448
144.76.107.124	192.168.7.25	1448
144.76.107.124	192.168.7.25	1448
144.76.107.124	192.168.7.25	1448
192.168.7.25	144.76.107.124	0
192.168.7.25	144.76.107.124	0
192.168.7.25	144.76.107.124	0
192.168.7.25	144.76.107.124	0
144.76.107.124	192.168.7.25	1448
144.76.107.124	192.168.7.25	1448
144.76.107.124	192.168.7.25	1448
144.76.107.124	192.168.7.25	1448
144.76.107.124	192.168.7.25	1448
144.76.107.124	192.168.7.25	1448
192.168.7.25	144.76.107.124	1057
144.76.107.124	192.168.7.25	1448
144.76.107.124	192.168.7.25	1448
144.76.107.124	192.168.7.25	1448
144.76.107.124	192.168.7.25	1448
144.76.107.124	192.168.7.25	1448
144.76.107.124	192.168.7.25	1448
144.76.107.124	192.168.7.25	1448
144.76.107.124	192.168.7.25	1448
144.76.107.124	192.168.7.25	1448
192.168.7.25	144.76.107.124	543
144.76.107.124	192.168.7.25	1448
144.76.107.124	192.168.7.25	1448
144.76.107.124	192.168.7.25	1448
144.76.107.124	192.168.7.25	0
144.76.107.124	192.168.7.25	1448
144.76.107.124	192.168.7.25	1448
144.76.107.124	192.168.7.25	1448
144.76.107.124	192.168.7.25	1448
144.76.107.124	192.168.7.25	1448
144.76.107.124	192.168.7.25	1448
144.76.107.124	192.168.7.25	1448
192.168.7.25	144.76.107.124	1086
144.76.107.124	192.168.7.25	1448
144.76.107.124	192.168.7.25	1448
144.76.107.124	192.168.7.25	1448
144.76.107.124	192.168.7.25	1448
144.76.107.124	192.168.7.25	1448
144.76.107.124	192.168.7.25	1448
192.168.7.25	144.76.107.124	0
144.76.107.124	192.168.7.25	1448
144.76.107.124	192.168.7.25	1448
144.76.107.124	192.168.7.25	1448
144.76.107.124	192.168.7.25	1448
144.76.107.124	192.168.7.25	1448
144.76.107.124	192.168.7.25	1448
144.76.107.124	192.168.7.25	1448
144.76.107.124	192.168.7.25	1448
144.76.107.124	192.168.7.25	1448
144.76.107.124	192.168.7.25	1448
192.168.7.25	144.76.107.124	0
144.76.107.124	192.168.7.25	1448
144.76.107.124	192.168.7.25	1448
144.76.107.124	192.168.7.25	1448
144.76.107.124	192.168.7.25	1448
144.76.107.124	192.168.7.25	1448
192.168.7.25	144.76.107.124	543
144.76.107.124	192.168.7.25	1448
144.76.107.124	192.168.7.25	1448
144.76.107.124	192.168.7.25	1448
144.76.107.124	192.168.7.25	1448
144.76.107.124	192.168.7.25	1448
144.76.107.124	192.168.7.25	1448
144.76.107.124	192.168.7.25	1448
144.76.107.124	192.168.7.25	1448
144.76.107.124	192.168.7.25	1448
144.76.107.124	192.168.7.25	1448
192.168.7.25	144.76.107.124	0
144.76.107.124	192.168.7.25	1448
144.76.107.124	192.168.7.25	1448
144.76.107.124	192.168.7.25	1448
144.76.107.124	192.168.7.25	1448
144.76.107.124	192.168.7.25	1448
144.76.107.124	192.168.7.25	1448
144.76.107.124	192.168.7.25	1448
144.76.107.124	192.168.7.25	1448
144.76.107.124	192.168.7.25	1448
144.76.107.124	192.168.7.25	1448
192.168.7.25	144.76.107.124	0
144.76.107.124	192.168.7.25	1448
144.76.107.124	192.168.7.25	1448
144.76.107.124	192.168.7.25	1448
144.76.107.124	192.168.7.25	1448
144.76.107.124	192.168.7.25	1448
192.168.7.25	144.76.107.124	0
144.76.107.124	192.168.7.25	1448
144.76.107.124	192.168.7.25	1448
144.76.107.124	192.168.7.25	0
144.76.107.124	192.168.7.25	1040
192.168.7.25	144.76.107.124	1057
144.76.107.124	192.168.7.25	1448
144.76.107.124	192.168.7.25	1448
144.76.107.124	192.168.7.25	1448
144.76.107.124	192.168.7.25	1448
144.76.107.124	192.168.7.25	1448
192.168.7.25	144.76.107.124	543
192.168.7.25	144.76.107.124	0
192.168.7.25	144.76.107.124	0
144.76.107.124	192.168.7.25	1448
144.76.107.124	192.168.7.25	1448
144.76.107.124	192.168.7.25	1448
144.76.107.124	192.168.7.25	1448
192.168.7.25	144.76.107.124	0
144.76.107.124	192.168.7.25	1448
144.76.107.124	192.168.7.25	1448
144.76.107.124	192.168.7.25	1448
144.76.107.124	192.168.7.25	1448
144.76.107.124	192.168.7.25	1448
144.76.107.124	192.168.7.25	1448
144.76.107.124	192.168.7.25	1448
192.168.7.25	144.76.107.124	0
144.76.107.124	192.168.7.25	1448
144.76.107.124	192.168.7.25	1448
144.76.107.124	192.168.7.25	1448
144.76.107.124	192.168.7.25	1448
144.76.107.124	192.168.7.25	1448
144.76.107.124	192.168.7.25	1448
144.76.107.124	192.168.7.25	1448
144.76.107.124	192.168.7.25	1448
144.76.107.124	192.168.7.25	1448
192.168.7.25	144.76.107.124	1086
144.76.107.124	192.168.7.25	1448
144.76.107.124	192.168.7.25	1448
144.76.107.124	192.168.7.25	1448
144.76.107.124	192.168.7.25	1448
144.76.107.124	192.168.7.25	1448
144.76.107.124	192.168.7.25	1448
144.76.107.124	192.168.7.25	1448
192.168.7.25	144.76.107.124	0
144.76.107.124	192.168.7.25	1448
144.76.107.124	192.168.7.25	1448
144.76.107.124	192.168.7.25	1448
144.76.107.124	192.168.7.25	1448
144.76.107.124	192.168.7.25	1448
144.76.107.124	192.168.7.25	1448
144.76.107.124	192.168.7.25	1448
144.76.107.124	192.168.7.25	1448
192.168.7.25	144.76.107.124	1057
144.76.107.124	192.168.7.25	1448
144.76.107.124	192.168.7.25	1448
144.76.107.124	192.168.7.25	1448
144.76.107.124	192.168.7.25	1448
144.76.107.124	192.168.7.25	1448
144.76.107.124	192.168.7.25	1448
144.76.107.124	192.168.7.25	1448
144.76.107.124	192.168.7.25	1448
144.76.107.124	192.168.7.25	1448
144.76.107.124	192.168.7.25	1448
192.168.7.25	144.76.107.124	543
144.76.107.124	192.168.7.25	1448
144.76.107.124	192.168.7.25	1448
144.76.107.124	192.168.7.25	1448
144.76.107.124	192.168.7.25	1448
144.76.107.124	192.168.7.25	1448
144.76.107.124	192.168.7.25	1448
144.76.107.124	192.168.7.25	1448
144.76.107.124	192.168.7.25	1448
144.76.107.124	192.168.7.25	1448
192.168.7.25	144.76.107.124	543
144.76.107.124	192.168.7.25	1448
144.76.107.124	192.168.7.25	1448
144.76.107.124	192.168.7.25	1448
144.76.107.124	192.168.7.25	1448
144.76.107.124	192.168.7.25	1448
144.76.107.124	192.168.7.25	1448
192.168.7.25	144.76.107.124	543
144.76.107.124	192.168.7.25	1448
144.76.107.124	192.168.7.25	1448
144.76.107.124	192.168.7.25	1448
144.76.107.124	192.168.7.25	1448
144.76.107.124	192.168.7.25	1448
144.76.107.124	192.168.7.25	1448
192.168.7.25	144.76.107.124	0
144.76.107.124	192.168.7.25	1448
144.76.107.124	192.168.7.25	1448
144.76.107.124	192.168.7.25	1448
144.76.107.124	192.168.7.25	1448
144.76.107.124	192.168.7.25	1448
144.76.107.124	192.168.7.25	1448
144.76.107.124	192.168.7.25	1448
192.168.7.25	144.76.107.124	0
192.168.7.25	144.76.107.124	0
192.168.7.25	144.76.107.124	0
144.76.107.124	192.168.7.25	1448
144.76.107.124	192.168.7.25	1448
144.76.107.124	192.168.7.25	1448
144.76.107.124	192.168.7.25	1448
144.76.107.124	192.168.7.25	1448
144.76.107.124	192.168.7.25	1448
144.76.107.124	192.168.7.25	1448
144.76.107.124	192.168.7.25	1448
192.168.7.25	144.76.107.124	0
144.76.107.124	192.168.7.25	1448
144.76.107.124	192.168.7.25	1448
144.76.107.124	192.168.7.25	1448
192.168.7.25	144.76.107.124	1086
144.76.107.124	192.168.7.25	419
192.168.7.25	144.76.107.124	0
144.76.107.124	192.168.7.25	1448
144.76.107.124	192.168.7.25	1448
144.76.107.124	192.168.7.25	1448
144.76.107.124	192.168.7.25	1448
144.76.107.124	192.168.7.25	1448
144.76.107.124	192.168.7.25	1448
144.76.107.124	192.168.7.25	1448
144.76.107.124	192.168.7.25	1448
144.76.107.124	192.168.7.25	1448
144.76.107.124	192.168.7.25	1448
192.168.7.25	144.76.107.124	543
144.76.107.124	192.168.7.25	1448
144.76.107.124	192.168.7.25	1448
144.76.107.124	192.168.7.25	1448
144.76.107.124	192.168.7.25	1448
144.76.107.124	192.168.7.25	1448
144.76.107.124	192.168.7.25	1448
144.76.107.124	192.168.7.25	1448
192.168.7.25	144.76.107.124	0
144.76.107.124	192.168.7.25	1448
144.76.107.124	192.168.7.25	1448
144.76.107.124	192.168.7.25	1448
144.76.107.124	192.168.7.25	1448
144.76.107.124	192.168.7.25	1448
144.76.107.124	192.168.7.25	1448
144.76.107.124	192.168.7.25	1448
144.76.107.124	192.168.7.25	1448
144.76.107.124	192.168.7.25	1448
144.76.107.124	192.168.7.25	1448
144.76.107.124	192.168.7.25	1448
144.76.107.124	192.168.7.25	1448
192.168.7.25	144.76.107.124	0
144.76.107.124	192.168.7.25	1448
144.76.107.124	192.168.7.25	1448
144.76.107.124	192.168.7.25	1448
144.76.107.124	192.168.7.25	1448
144.76.107.124	192.168.7.25	1448
192.168.7.25	144.76.107.124	0
144.76.107.124	192.168.7.25	1448
144.76.107.124	192.168.7.25	1448
144.76.107.124	192.168.7.25	1448
144.76.107.124	192.168.7.25	1448
144.76.107.124	192.168.7.25	1448
144.76.107.124	192.168.7.25	1448
144.76.107.124	192.168.7.25	1448
192.168.7.25	144.76.107.124	1057
144.76.107.124	192.168.7.25	1448
144.76.107.124	192.168.7.25	1448
144.76.107.124	192.168.7.25	1448
144.76.107.124	192.168.7.25	1448
144.76.107.124	192.168.7.25	1448
144.76.107.124	192.168.7.25	1448
144.76.107.124	192.168.7.25	1448
144.76.107.124	192.168.7.25	1448
192.168.7.25	144.76.107.124	543
144.76.107.124	192.168.7.25	1448
144.76.107.124	192.168.7.25	1448
144.76.107.124	192.168.7.25	1448
144.76.107.124	192.168.7.25	1448
144.76.107.124	192.168.7.25	0
144.76.107.124	192.168.7.25	1448
144.76.107.124	192.168.7.25	1448
144.76.107.124	192.168.7.25	1448
144.76.107.124	192.168.7.25	1448
144.76.107.124	192.168.7.25	1448
144.76.107.124	192.168.7.25	1448
192.168.7.25	144.76.107.124	0
144.76.107.124	192.168.7.25	1448
144.76.107.124	192.168.7.25	1448
144.76.107.124	192.168.7.25	1448
144.76.107.124	192.168.7.25	1448
144.76.107.124	192.168.7.25	1448
144.76.107.124	192.168.7.25	1448
144.76.107.124	192.168.7.25	1448
144.76.107.124	192.168.7.25	1448
192.168.7.25	144.76.107.124	543
144.76.107.124	192.168.7.25	1448
144.76.107.124	192.168.7.25	1448
192.168.7.25	144.76.107.124	543
144.76.107.124	192.168.7.25	1448
144.76.107.124	192.168.7.25	1448
192.168.7.25	144.76.107.124	0
192.168.7.25	144.76.107.124	0
144.76.107.124	192.168.7.25	0
144.76.107.124	192.168.7.25	1448
144.76.107.124	192.168.7.25	1448
144.76.107.124	192.168.7.25	1448
144.76.107.124	192.168.7.25	1448
144.76.107.124	192.168.7.25	1448
192.168.7.25	144.76.107.124	0
192.168.7.25	144.76.107.124	0
144.76.107.124	192.168.7.25	1448
144.76.107.124	192.168.7.25	1448
144.76.107.124	192.168.7.25	1448
144.76.107.124	192.168.7.25	1448
144.76.107.124	192.168.7.25	1448
144.76.107.124	192.168.7.25	1448
144.76.107.124	192.168.7.25	1448
144.76.107.124	192.168.7.25	1448
192.168.7.25	144.76.107.124	543
144.76.107.124	192.168.7.25	1448
144.76.107.124	192.168.7.25	1448
144.76.107.124	192.168.7.25	1448
144.76.107.124	192.168.7.25	1448
144.76.107.124	192.168.7.25	1448
144.76.107.124	192.168.7.25	1448
144.76.107.124	192.168.7.25	1448
144.76.107.124	192.168.7.25	1448
144.76.107.124	192.168.7.25	1448
192.168.7.25	144.76.107.124	0
144.76.107.124	192.168.7.25	1448
144.76.107.124	192.168.7.25	1448
144.76.107.124	192.168.7.25	1448
144.76.107.124	192.168.7.25	1448
144.76.107.124	192.168.7.25	1448
144.76.107.124	192.168.7.25	1448
144.76.107.124	192.168.7.25	1448
144.76.107.124	192.168.7.25	1448
192.168.7.25	144.76.107.124	543
144.76.107.124	192.168.7.25	1448
144.76.107.124	192.168.7.25	1448
144.76.107.124	192.168.7.25	1448
144.76.107.124	192.168.7.25	1448
144.76.107.124	192.168.7.25	1448
144.76.107.124	192.168.7.25	1448
192.168.7.25	144.76.107.124	0
144.76.107.124	192.168.7.25	888
192.168.7.25	144.76.107.124	0
144.76.107.124	192.168.7.25	1448
144.76.107.124	192.168.7.25	1448
144.76.107.124	192.168.7.25	1448
144.76.107.124	192.168.7.25	1448
144.76.107.124	192.168.7.25	1448
144.76.107.124	192.168.7.25	1448
144.76.107.124	192.168.7.25	1448
144.76.107.124	192.168.7.25	1448
144.76.107.124	192.168.7.25	1448
144.76.107.124	192.168.7.25	1448
144.76.107.124	192.168.7.25	1448
144.76.107.124	192.168.7.25	1448
144.76.107.124	192.168.7.25	1448
192.168.7.25	144.76.107.124	1086
144.76.107.124	192.168.7.25	1448
144.76.107.124	192.168.7.25	1448
144.76.107.124	192.168.7.25	1448
144.76.107.124	192.168.7.25	1448
192.168.7.25	144.76.107.124	0
144.76.107.124	192.168.7.25	1448
144.76.107.124	192.168.7.25	1448
144.76.107.124	192.168.7.25	1448
144.76.107.124	192.168.7.25	1448
144.76.107.124	192.168.7.25	1448
144.76.107.124	192.168.7.25	1448
144.76.107.124	192.168.7.25	1448
192.168.7.25	144.76.107.124	543
144.76.107.124	192.168.7.25	1448
144.76.107.124	192.168.7.25	1448
144.76.107.124	192.168.7.25	1448
144.76.107.124	192.168.7.25	1448
144.76.107.124	192.168.7.25	1448
144.76.107.124	192.168.7.25	1448
144.76.107.124	192.168.7.25	1448
144.76.107.124	192.168.7.25	1448
192.168.7.25	144.76.107.124	0
144.76.107.124	192.168.7.25	1448
144.76.107.124	192.168.7.25	1448
192.168.7.25	144.76.107.124	0
192.168.7.25	144.76.107.124	0
192.168.7.25	144.76.107.124	1448
192.168.7.25	144.76.107.124	123
192.168.7.25	144.76.107.124	1448
192.168.7.25	144.76.107.124	1448
192.168.7.25	144.76.107.124	1181
192.168.7.25	144.76.107.124	1448
192.168.7.25	144.76.107.124	1448
192.168.7.25	144.76.107.124	795
144.76.107.124	192.168.7.25	1448
144.76.107.124	192.168.7.25	1448
144.76.107.124	192.168.7.25	1448
144.76.107.124	192.168.7.25	1448
192.168.7.25	144.76.107.124	0
192.168.7.25	144.76.107.124	0
192.168.7.25	144.76.107.124	0
144.76.107.124	192.168.7.25	1448
144.76.107.124	192.168.7.25	1448
144.76.107.124	192.168.7.25	1448
144.76.107.124	192.168.7.25	1448
192.168.7.25	144.76.107.124	0
144.76.107.124	192.168.7.25	1448
144.76.107.124	192.168.7.25	1448
144.76.107.124	192.168.7.25	1448
144.76.107.124	192.168.7.25	1448
144.76.107.124	192.168.7.25	1448
144.76.107.124	192.168.7.25	1448
192.168.7.25	144.76.107.124	543
144.76.107.124	192.168.7.25	1448
144.76.107.124	192.168.7.25	1448
144.76.107.124	192.168.7.25	1448
144.76.107.124	192.168.7.25	1448
144.76.107.124	192.168.7.25	0
144.76.107.124	192.168.7.25	1448
144.76.107.124	192.168.7.25	1448
144.76.107.124	192.168.7.25	1448
144.76.107.124	192.168.7.25	1448
144.76.107.124	192.168.7.25	1448
192.168.7.25	144.76.107.124	0
144.76.107.124	192.168.7.25	1448
144.76.107.124	192.168.7.25	1448
144.76.107.124	192.168.7.25	1448
144.76.107.124	192.168.7.25	1448
144.76.107.124	192.168.7.25	1448
144.76.107.124	192.168.7.25	1448
144.76.107.124	192.168.7.25	1448
192.168.7.25	144.76.107.124	543
144.76.107.124	192.168.7.25	1448
144.76.107.124	192.168.7.25	1448
