91.207.175.194	192.168.7.25	135
192.168.7.25	91.207.175.194	1024
91.207.175.194	192.168.7.25	135
192.168.7.25	91.207.175.194	1024
91.207.175.194	192.168.7.25	444
192.168.7.25	91.207.175.194	1024
91.207.175.194	192.168.7.25	1300
192.168.7.25	91.207.175.194	1024
91.207.175.194	192.168.7.25	618
192.168.7.25	91.207.175.194	1024
91.207.175.194	192.168.7.25	968
192.168.7.25	91.207.175.194	1024
91.207.175.194	192.168.7.25	952
192.168.7.25	91.207.175.194	1024
91.207.175.194	192.168.7.25	833
192.168.7.25	91.207.175.194	1024
91.207.175.194	192.168.7.25	936
192.168.7.25	91.207.175.194	704
91.207.175.194	192.168.7.25	238
192.168.7.25	91.207.175.194	0
91.207.175.194	192.168.7.25	119
192.168.7.25	91.207.175.194	0
192.168.7.25	91.207.175.194	119
91.207.175.194	192.168.7.25	135
192.168.7.25	91.207.175.194	0
91.207.175.194	192.168.7.25	151
192.168.7.25	91.207.175.194	0
192.168.7.25	91.207.175.194	119
91.207.175.194	192.168.7.25	119
192.168.7.25	91.207.175.194	119
91.207.175.194	192.168.7.25	0
192.168.7.25	91.207.175.194	748
91.207.175.194	192.168.7.25	119
192.168.7.25	91.207.175.194	0
91.207.175.194	192.168.7.25	0
192.168.7.25	91.207.175.194	103
91.207.175.194	192.168.7.25	988
192.168.7.25	91.207.175.194	119
91.207.175.194	192.168.7.25	0
91.207.175.194	192.168.7.25	119
192.168.7.25	91.207.175.194	341
91.207.175.194	192.168.7.25	119
192.168.7.25	91.207.175.194	718
91.207.175.194	192.168.7.25	254
192.168.7.25	91.207.175.194	821
91.207.175.194	192.168.7.25	103
192.168.7.25	91.207.175.194	718
91.207.175.194	192.168.7.25	1448
91.207.175.194	192.168.7.25	1448
91.207.175.194	192.168.7.25	1448
192.168.7.25	91.207.175.194	0
192.168.7.25	91.207.175.194	0
91.207.175.194	192.168.7.25	706
192.168.7.25	91.207.175.194	206
91.207.175.194	192.168.7.25	1448
91.207.175.194	192.168.7.25	1448
192.168.7.25	91.207.175.194	818
192.168.7.25	91.207.175.194	0
91.207.175.194	192.168.7.25	1448
91.207.175.194	192.168.7.25	1448
91.207.175.194	192.168.7.25	1448
192.168.7.25	91.207.175.194	0
192.168.7.25	91.207.175.194	0
91.207.175.194	192.168.7.25	416
192.168.7.25	91.207.175.194	206
91.207.175.194	192.168.7.25	446
192.168.7.25	91.207.175.194	1024
91.207.175.194	192.168.7.25	967
192.168.7.25	91.207.175.194	928
91.207.175.194	192.168.7.25	119
192.168.7.25	91.207.175.194	460
91.207.175.194	192.168.7.25	389
192.168.7.25	91.207.175.194	718
91.207.175.194	192.168.7.25	1448
91.207.175.194	192.168.7.25	1448
192.168.7.25	91.207.175.194	306
91.207.175.194	192.168.7.25	1146
192.168.7.25	91.207.175.194	718
91.207.175.194	192.168.7.25	1448
91.207.175.194	192.168.7.25	1448
192.168.7.25	91.207.175.194	0
192.168.7.25	91.207.175.194	0
91.207.175.194	192.168.7.25	1448
91.207.175.194	192.168.7.25	1448
192.168.7.25	91.207.175.194	306
91.207.175.194	192.168.7.25	97
192.168.7.25	91.207.175.194	718
91.207.175.194	192.168.7.25	1448
91.207.175.194	192.168.7.25	532
192.168.7.25	91.207.175.194	1024
91.207.175.194	192.168.7.25	103
192.168.7.25	91.207.175.194	1024
91.207.175.194	192.168.7.25	382
192.168.7.25	91.207.175.194	1024
91.207.175.194	192.168.7.25	1448
91.207.175.194	192.168.7.25	1448
91.207.175.194	192.168.7.25	1448
91.207.175.194	192.168.7.25	1448
192.168.7.25	91.207.175.194	0
192.168.7.25	91.207.175.194	0
192.168.7.25	91.207.175.194	0
91.207.175.194	192.168.7.25	1448
91.207.175.194	192.168.7.25	1448
91.207.175.194	192.168.7.25	1448
192.168.7.25	91.207.175.194	0
192.168.7.25	91.207.175.194	0
91.207.175.194	192.168.7.25	1448
91.207.175.194	192.168.7.25	1448
192.168.7.25	91.207.175.194	0
192.168.7.25	91.207.175.194	0
91.207.175.194	192.168.7.25	99
192.168.7.25	91.207.175.194	1024
91.207.175.194	192.168.7.25	1038
192.168.7.25	91.207.175.194	1024
91.207.175.194	192.168.7.25	263
192.168.7.25	91.207.175.194	1024
91.207.175.194	192.168.7.25	1448
91.207.175.194	192.168.7.25	1448
192.168.7.25	91.207.175.194	0
192.168.7.25	91.207.175.194	0
91.207.175.194	192.168.7.25	1448
91.207.175.194	192.168.7.25	1448
91.207.175.194	192.168.7.25	1448
91.207.175.194	192.168.7.25	1448
192.168.7.25	91.207.175.194	0
192.168.7.25	91.207.175.194	0
192.168.7.25	91.207.175.194	0
91.207.175.194	192.168.7.25	1448
91.207.175.194	192.168.7.25	1448
91.207.175.194	192.168.7.25	1448
91.207.175.194	192.168.7.25	1448
192.168.7.25	91.207.175.194	0
192.168.7.25	91.207.175.194	0
192.168.7.25	91.207.175.194	0
91.207.175.194	192.168.7.25	491
192.168.7.25	91.207.175.194	1024
91.207.175.194	192.168.7.25	103
192.168.7.25	91.207.175.194	1024
91.207.175.194	192.168.7.25	1448
91.207.175.194	192.168.7.25	1448
91.207.175.194	192.168.7.25	1448
192.168.7.25	91.207.175.194	0
192.168.7.25	91.207.175.194	0
91.207.175.194	192.168.7.25	1448
91.207.175.194	192.168.7.25	1448
91.207.175.194	192.168.7.25	1448
192.168.7.25	91.207.175.194	0
192.168.7.25	91.207.175.194	0
91.207.175.194	192.168.7.25	1448
91.207.175.194	192.168.7.25	1448
192.168.7.25	91.207.175.194	0
91.207.175.194	192.168.7.25	1448
192.168.7.25	91.207.175.194	0
91.207.175.194	192.168.7.25	1448
91.207.175.194	192.168.7.25	1448
91.207.175.194	192.168.7.25	1448
192.168.7.25	91.207.175.194	0
192.168.7.25	91.207.175.194	0
91.207.175.194	192.168.7.25	98
192.168.7.25	91.207.175.194	1024
91.207.175.194	192.168.7.25	1448
91.207.175.194	192.168.7.25	1448
91.207.175.194	192.168.7.25	1448
91.207.175.194	192.168.7.25	1448
192.168.7.25	91.207.175.194	0
192.168.7.25	91.207.175.194	0
192.168.7.25	91.207.175.194	0
91.207.175.194	192.168.7.25	1448
91.207.175.194	192.168.7.25	1448
192.168.7.25	91.207.175.194	0
91.207.175.194	192.168.7.25	1448
91.207.175.194	192.168.7.25	1448
192.168.7.25	91.207.175.194	0
192.168.7.25	91.207.175.194	0
91.207.175.194	192.168.7.25	461
192.168.7.25	91.207.175.194	1024
91.207.175.194	192.168.7.25	1448
91.207.175.194	192.168.7.25	1448
91.207.175.194	192.168.7.25	1448
192.168.7.25	91.207.175.194	0
192.168.7.25	91.207.175.194	0
91.207.175.194	192.168.7.25	1448
91.207.175.194	192.168.7.25	1448
192.168.7.25	91.207.175.194	0
91.207.175.194	192.168.7.25	1442
192.168.7.25	91.207.175.194	1024
91.207.175.194	192.168.7.25	1448
91.207.175.194	192.168.7.25	1448
91.207.175.194	192.168.7.25	1448
91.207.175.194	192.168.7.25	1448
91.207.175.194	192.168.7.25	1448
91.207.175.194	192.168.7.25	1448
91.207.175.194	192.168.7.25	1448
91.207.175.194	192.168.7.25	1448
91.207.175.194	192.168.7.25	1448
91.207.175.194	192.168.7.25	1448
192.168.7.25	91.207.175.194	0
192.168.7.25	91.207.175.194	0
192.168.7.25	91.207.175.194	0
192.168.7.25	91.207.175.194	0
192.168.7.25	91.207.175.194	0
192.168.7.25	91.207.175.194	0
91.207.175.194	192.168.7.25	1448
91.207.175.194	192.168.7.25	1448
192.168.7.25	91.207.175.194	0
192.168.7.25	91.207.175.194	0
192.168.7.25	91.207.175.194	0
192.168.7.25	91.207.175.194	0
91.207.175.194	192.168.7.25	672
192.168.7.25	91.207.175.194	1024
91.207.175.194	192.168.7.25	1448
91.207.175.194	192.168.7.25	1448
91.207.175.194	192.168.7.25	1448
91.207.175.194	192.168.7.25	1448
192.168.7.25	91.207.175.194	0
192.168.7.25	91.207.175.194	0
192.168.7.25	91.207.175.194	0
91.207.175.194	192.168.7.25	1448
91.207.175.194	192.168.7.25	1448
192.168.7.25	91.207.175.194	0
192.168.7.25	91.207.175.194	0
91.207.175.194	192.168.7.25	598
192.168.7.25	91.207.175.194	1024
91.207.175.194	192.168.7.25	1448
91.207.175.194	192.168.7.25	1448
91.207.175.194	192.168.7.25	1448
192.168.7.25	91.207.175.194	0
192.168.7.25	91.207.175.194	0
91.207.175.194	192.168.7.25	1394
192.168.7.25	91.207.175.194	1024
91.207.175.194	192.168.7.25	135
192.168.7.25	91.207.175.194	1024
91.207.175.194	192.168.7.25	1448
91.207.175.194	192.168.7.25	1448
192.168.7.25	91.207.175.194	0
192.168.7.25	91.207.175.194	0
91.207.175.194	192.168.7.25	410
192.168.7.25	91.207.175.194	1024
91.207.175.194	192.168.7.25	1448
91.207.175.194	192.168.7.25	1448
91.207.175.194	192.168.7.25	1448
91.207.175.194	192.168.7.25	1448
192.168.7.25	91.207.175.194	0
192.168.7.25	91.207.175.194	0
192.168.7.25	91.207.175.194	0
91.207.175.194	192.168.7.25	1448
91.207.175.194	192.168.7.25	1448
91.207.175.194	192.168.7.25	1448
91.207.175.194	192.168.7.25	1448
192.168.7.25	91.207.175.194	0
192.168.7.25	91.207.175.194	0
192.168.7.25	91.207.175.194	0
91.207.175.194	192.168.7.25	1448
192.168.7.25	91.207.175.194	0
91.207.175.194	192.168.7.25	1448
91.207.175.194	192.168.7.25	1448
192.168.7.25	91.207.175.194	0
192.168.7.25	91.207.175.194	0
91.207.175.194	192.168.7.25	1448
91.207.175.194	192.168.7.25	1448
192.168.7.25	91.207.175.194	0
91.207.175.194	192.168.7.25	1448
91.207.175.194	192.168.7.25	1448
91.207.175.194	192.168.7.25	1448
91.207.175.194	192.168.7.25	1448
91.207.175.194	192.168.7.25	1448
192.168.7.25	91.207.175.194	0
192.168.7.25	91.207.175.194	0
192.168.7.25	91.207.175.194	0
192.168.7.25	91.207.175.194	0
91.207.175.194	192.168.7.25	1448
91.207.175.194	192.168.7.25	1448
91.207.175.194	192.168.7.25	1448
91.207.175.194	192.168.7.25	1448
91.207.175.194	192.168.7.25	1448
192.168.7.25	91.207.175.194	0
192.168.7.25	91.207.175.194	0
192.168.7.25	91.207.175.194	0
192.168.7.25	91.207.175.194	0
91.207.175.194	192.168.7.25	1448
91.207.175.194	192.168.7.25	1448
192.168.7.25	91.207.175.194	0
192.168.7.25	91.207.175.194	0
91.207.175.194	192.168.7.25	1448
91.207.175.194	192.168.7.25	1448
192.168.7.25	91.207.175.194	0
192.168.7.25	91.207.175.194	0
91.207.175.194	192.168.7.25	1448
91.207.175.194	192.168.7.25	1448
192.168.7.25	91.207.175.194	0
192.168.7.25	91.207.175.194	0
91.207.175.194	192.168.7.25	1448
91.207.175.194	192.168.7.25	1448
91.207.175.194	192.168.7.25	845
192.168.7.25	91.207.175.194	1024
192.168.7.25	91.207.175.194	0
91.207.175.194	192.168.7.25	1448
192.168.7.25	91.207.175.194	0
91.207.175.194	192.168.7.25	1448
91.207.175.194	192.168.7.25	1448
91.207.175.194	192.168.7.25	1448
192.168.7.25	91.207.175.194	0
192.168.7.25	91.207.175.194	0
91.207.175.194	192.168.7.25	1448
91.207.175.194	192.168.7.25	1448
91.207.175.194	192.168.7.25	1448
91.207.175.194	192.168.7.25	1448
192.168.7.25	91.207.175.194	0
192.168.7.25	91.207.175.194	0
192.168.7.25	91.207.175.194	0
91.207.175.194	192.168.7.25	790
192.168.7.25	91.207.175.194	1024
91.207.175.194	192.168.7.25	1448
91.207.175.194	192.168.7.25	1448
91.207.175.194	192.168.7.25	1448
192.168.7.25	91.207.175.194	0
192.168.7.25	91.207.175.194	0
91.207.175.194	192.168.7.25	1448
91.207.175.194	192.168.7.25	81
192.168.7.25	91.207.175.194	1024
91.207.175.194	192.168.7.25	1448
91.207.175.194	192.168.7.25	1448
91.207.175.194	192.168.7.25	1448
192.168.7.25	91.207.175.194	0
192.168.7.25	91.207.175.194	0
91.207.175.194	192.168.7.25	1448
91.207.175.194	192.168.7.25	1448
192.168.7.25	91.207.175.194	0
192.168.7.25	91.207.175.194	0
91.207.175.194	192.168.7.25	1448
91.207.175.194	192.168.7.25	1448
192.168.7.25	91.207.175.194	0
192.168.7.25	91.207.175.194	0
91.207.175.194	192.168.7.25	1448
91.207.175.194	192.168.7.25	1448
192.168.7.25	91.207.175.194	0
192.168.7.25	91.207.175.194	0
91.207.175.194	192.168.7.25	1448
91.207.175.194	192.168.7.25	1448
192.168.7.25	91.207.175.194	0
192.168.7.25	91.207.175.194	0
91.207.175.194	192.168.7.25	1448
91.207.175.194	192.168.7.25	1448
192.168.7.25	91.207.175.194	0
91.207.175.194	192.168.7.25	1448
91.207.175.194	192.168.7.25	1448
192.168.7.25	91.207.175.194	0
192.168.7.25	91.207.175.194	0
91.207.175.194	192.168.7.25	1448
91.207.175.194	192.168.7.25	1448
192.168.7.25	91.207.175.194	0
91.207.175.194	192.168.7.25	301
192.168.7.25	91.207.175.194	1024
91.207.175.194	192.168.7.25	1448
91.207.175.194	192.168.7.25	1448
91.207.175.194	192.168.7.25	1448
91.207.175.194	192.168.7.25	1448
192.168.7.25	91.207.175.194	0
192.168.7.25	91.207.175.194	0
192.168.7.25	91.207.175.194	0
91.207.175.194	192.168.7.25	314
192.168.7.25	91.207.175.194	1024
91.207.175.194	192.168.7.25	1448
91.207.175.194	192.168.7.25	1448
91.207.175.194	192.168.7.25	1448
91.207.175.194	192.168.7.25	1448
91.207.175.194	192.168.7.25	1448
192.168.7.25	91.207.175.194	0
192.168.7.25	91.207.175.194	0
192.168.7.25	91.207.175.194	0
91.207.175.194	192.168.7.25	1448
91.207.175.194	192.168.7.25	1448
91.207.175.194	192.168.7.25	1448
91.207.175.194	192.168.7.25	1448
192.168.7.25	91.207.175.194	0
192.168.7.25	91.207.175.194	0
192.168.7.25	91.207.175.194	0
91.207.175.194	192.168.7.25	1448
192.168.7.25	91.207.175.194	0
91.207.175.194	192.168.7.25	1448
91.207.175.194	192.168.7.25	216
192.168.7.25	91.207.175.194	1024
91.207.175.194	192.168.7.25	1448
91.207.175.194	192.168.7.25	1448
91.207.175.194	192.168.7.25	1448
91.207.175.194	192.168.7.25	1448
192.168.7.25	91.207.175.194	0
192.168.7.25	91.207.175.194	0
192.168.7.25	91.207.175.194	0
91.207.175.194	192.168.7.25	801
192.168.7.25	91.207.175.194	1024
91.207.175.194	192.168.7.25	1448
91.207.175.194	192.168.7.25	1448
91.207.175.194	192.168.7.25	1448
192.168.7.25	91.207.175.194	0
192.168.7.25	91.207.175.194	0
91.207.175.194	192.168.7.25	1448
91.207.175.194	192.168.7.25	1448
192.168.7.25	91.207.175.194	0
192.168.7.25	91.207.175.194	0
91.207.175.194	192.168.7.25	1448
91.207.175.194	192.168.7.25	1448
192.168.7.25	91.207.175.194	0
192.168.7.25	91.207.175.194	0
91.207.175.194	192.168.7.25	1448
91.207.175.194	192.168.7.25	1448
192.168.7.25	91.207.175.194	0
192.168.7.25	91.207.175.194	0
91.207.175.194	192.168.7.25	1448
91.207.175.194	192.168.7.25	1448
91.207.175.194	192.168.7.25	1448
192.168.7.25	91.207.175.194	0
192.168.7.25	91.207.175.194	0
91.207.175.194	192.168.7.25	1448
91.207.175.194	192.168.7.25	1448
192.168.7.25	91.207.175.194	0
91.207.175.194	192.168.7.25	1448
91.207.175.194	192.168.7.25	1448
192.168.7.25	91.207.175.194	0
192.168.7.25	91.207.175.194	0
91.207.175.194	192.168.7.25	494
192.168.7.25	91.207.175.194	1024
91.207.175.194	192.168.7.25	1448
91.207.175.194	192.168.7.25	1448
91.207.175.194	192.168.7.25	1448
192.168.7.25	91.207.175.194	0
192.168.7.25	91.207.175.194	0
91.207.175.194	192.168.7.25	1448
91.207.175.194	192.168.7.25	1448
192.168.7.25	91.207.175.194	0
192.168.7.25	91.207.175.194	0
91.207.175.194	192.168.7.25	1448
91.207.175.194	192.168.7.25	1448
192.168.7.25	91.207.175.194	0
192.168.7.25	91.207.175.194	0
91.207.175.194	192.168.7.25	1448
91.207.175.194	192.168.7.25	1448
192.168.7.25	91.207.175.194	0
192.168.7.25	91.207.175.194	0
91.207.175.194	192.168.7.25	1448
91.207.175.194	192.168.7.25	1448
192.168.7.25	91.207.175.194	0
192.168.7.25	91.207.175.194	0
91.207.175.194	192.168.7.25	1448
91.207.175.194	192.168.7.25	1448
91.207.175.194	192.168.7.25	1448
192.168.7.25	91.207.175.194	0
192.168.7.25	91.207.175.194	0
91.207.175.194	192.168.7.25	1448
91.207.175.194	192.168.7.25	1448
192.168.7.25	91.207.175.194	0
91.207.175.194	192.168.7.25	1448
192.168.7.25	91.207.175.194	0
91.207.175.194	192.168.7.25	1448
91.207.175.194	192.168.7.25	1448
192.168.7.25	91.207.175.194	0
91.207.175.194	192.168.7.25	1448
91.207.175.194	192.168.7.25	1448
192.168.7.25	91.207.175.194	0
192.168.7.25	91.207.175.194	0
91.207.175.194	192.168.7.25	1426
192.168.7.25	91.207.175.194	1024
91.207.175.194	192.168.7.25	1448
91.207.175.194	192.168.7.25	1448
91.207.175.194	192.168.7.25	1448
192.168.7.25	91.207.175.194	0
192.168.7.25	91.207.175.194	0
91.207.175.194	192.168.7.25	1448
91.207.175.194	192.168.7.25	1448
192.168.7.25	91.207.175.194	0
192.168.7.25	91.207.175.194	0
91.207.175.194	192.168.7.25	1448
91.207.175.194	192.168.7.25	1448
192.168.7.25	91.207.175.194	0
192.168.7.25	91.207.175.194	0
91.207.175.194	192.168.7.25	1448
91.207.175.194	192.168.7.25	1448
91.207.175.194	192.168.7.25	1448
192.168.7.25	91.207.175.194	0
192.168.7.25	91.207.175.194	0
91.207.175.194	192.168.7.25	532
192.168.7.25	91.207.175.194	1024
91.207.175.194	192.168.7.25	1448
91.207.175.194	192.168.7.25	1448
91.207.175.194	192.168.7.25	1448
192.168.7.25	91.207.175.194	0
192.168.7.25	91.207.175.194	0
91.207.175.194	192.168.7.25	1035
192.168.7.25	91.207.175.194	1024
91.207.175.194	192.168.7.25	1448
91.207.175.194	192.168.7.25	1448
91.207.175.194	192.168.7.25	1448
192.168.7.25	91.207.175.194	0
192.168.7.25	91.207.175.194	0
91.207.175.194	192.168.7.25	1448
91.207.175.194	192.168.7.25	1448
192.168.7.25	91.207.175.194	0
192.168.7.25	91.207.175.194	0
91.207.175.194	192.168.7.25	1448
91.207.175.194	192.168.7.25	1448
91.207.175.194	192.168.7.25	1448
91.207.175.194	192.168.7.25	1448
192.168.7.25	91.207.175.194	0
192.168.7.25	91.207.175.194	0
192.168.7.25	91.207.175.194	0
91.207.175.194	192.168.7.25	1438
192.168.7.25	91.207.175.194	1024
91.207.175.194	192.168.7.25	588
192.168.7.25	91.207.175.194	1024
91.207.175.194	192.168.7.25	1448
91.207.175.194	192.168.7.25	1448
192.168.7.25	91.207.175.194	0
192.168.7.25	91.207.175.194	0
91.207.175.194	192.168.7.25	1448
91.207.175.194	192.168.7.25	1448
91.207.175.194	192.168.7.25	1448
91.207.175.194	192.168.7.25	1448
91.207.175.194	192.168.7.25	1448
91.207.175.194	192.168.7.25	1448
192.168.7.25	91.207.175.194	0
192.168.7.25	91.207.175.194	0
192.168.7.25	91.207.175.194	0
192.168.7.25	91.207.175.194	0
192.168.7.25	91.207.175.194	0
91.207.175.194	192.168.7.25	1261
192.168.7.25	91.207.175.194	1024
91.207.175.194	192.168.7.25	1448
91.207.175.194	192.168.7.25	1448
91.207.175.194	192.168.7.25	1448
192.168.7.25	91.207.175.194	0
192.168.7.25	91.207.175.194	0
91.207.175.194	192.168.7.25	1448
91.207.175.194	192.168.7.25	1448
192.168.7.25	91.207.175.194	0
192.168.7.25	91.207.175.194	0
91.207.175.194	192.168.7.25	1448
91.207.175.194	192.168.7.25	1448
192.168.7.25	91.207.175.194	0
192.168.7.25	91.207.175.194	0
91.207.175.194	192.168.7.25	1448
91.207.175.194	192.168.7.25	1448
192.168.7.25	91.207.175.194	0
91.207.175.194	192.168.7.25	1448
91.207.175.194	192.168.7.25	1448
192.168.7.25	91.207.175.194	0
192.168.7.25	91.207.175.194	0
91.207.175.194	192.168.7.25	1448
91.207.175.194	192.168.7.25	1435
192.168.7.25	91.207.175.194	1024
91.207.175.194	192.168.7.25	1448
91.207.175.194	192.168.7.25	1448
192.168.7.25	91.207.175.194	0
192.168.7.25	91.207.175.194	0
91.207.175.194	192.168.7.25	1448
91.207.175.194	192.168.7.25	1448
192.168.7.25	91.207.175.194	0
91.207.175.194	192.168.7.25	1448
192.168.7.25	91.207.175.194	0
91.207.175.194	192.168.7.25	98
192.168.7.25	91.207.175.194	1024
91.207.175.194	192.168.7.25	647
192.168.7.25	91.207.175.194	1024
91.207.175.194	192.168.7.25	1448
91.207.175.194	192.168.7.25	1448
192.168.7.25	91.207.175.194	0
91.207.175.194	192.168.7.25	1448
91.207.175.194	192.168.7.25	1448
192.168.7.25	91.207.175.194	0
192.168.7.25	91.207.175.194	0
91.207.175.194	192.168.7.25	1135
192.168.7.25	91.207.175.194	1024
91.207.175.194	192.168.7.25	1448
91.207.175.194	192.168.7.25	1448
192.168.7.25	91.207.175.194	0
192.168.7.25	91.207.175.194	0
91.207.175.194	192.168.7.25	508
192.168.7.25	91.207.175.194	1024
91.207.175.194	192.168.7.25	1448
91.207.175.194	192.168.7.25	1448
91.207.175.194	192.168.7.25	1448
91.207.175.194	192.168.7.25	1448
91.207.175.194	192.168.7.25	1448
192.168.7.25	91.207.175.194	0
192.168.7.25	91.207.175.194	0
192.168.7.25	91.207.175.194	0
91.207.175.194	192.168.7.25	1448
91.207.175.194	192.168.7.25	1448
192.168.7.25	91.207.175.194	0
192.168.7.25	91.207.175.194	0
91.207.175.194	192.168.7.25	1448
91.207.175.194	192.168.7.25	1448
192.168.7.25	91.207.175.194	0
91.207.175.194	192.168.7.25	1448
192.168.7.25	91.207.175.194	0
91.207.175.194	192.168.7.25	1448
91.207.175.194	192.168.7.25	1448
192.168.7.25	91.207.175.194	0
91.207.175.194	192.168.7.25	1090
192.168.7.25	91.207.175.194	1024
91.207.175.194	192.168.7.25	391
192.168.7.25	91.207.175.194	1024
91.207.175.194	192.168.7.25	990
192.168.7.25	91.207.175.194	1024
91.207.175.194	192.168.7.25	103
192.168.7.25	91.207.175.194	1024
91.207.175.194	192.168.7.25	1448
91.207.175.194	192.168.7.25	1448
91.207.175.194	192.168.7.25	1448
192.168.7.25	91.207.175.194	0
192.168.7.25	91.207.175.194	0
91.207.175.194	192.168.7.25	50
192.168.7.25	91.207.175.194	1024
91.207.175.194	192.168.7.25	270
192.168.7.25	91.207.175.194	1024
91.207.175.194	192.168.7.25	1448
91.207.175.194	192.168.7.25	93
192.168.7.25	91.207.175.194	1024
91.207.175.194	192.168.7.25	103
192.168.7.25	91.207.175.194	1024
91.207.175.194	192.168.7.25	1093
192.168.7.25	91.207.175.194	1024
91.207.175.194	192.168.7.25	887
192.168.7.25	91.207.175.194	1024
91.207.175.194	192.168.7.25	119
192.168.7.25	91.207.175.194	1024
91.207.175.194	192.168.7.25	1278
192.168.7.25	91.207.175.194	1024
91.207.175.194	192.168.7.25	1278
192.168.7.25	91.207.175.194	1024
91.207.175.194	192.168.7.25	1448
91.207.175.194	192.168.7.25	1448
91.207.175.194	192.168.7.25	1448
192.168.7.25	91.207.175.194	0
192.168.7.25	91.207.175.194	0
91.207.175.194	192.168.7.25	761
192.168.7.25	91.207.175.194	1024
91.207.175.194	192.168.7.25	1448
91.207.175.194	192.168.7.25	1448
192.168.7.25	91.207.175.194	0
192.168.7.25	91.207.175.194	0
91.207.175.194	192.168.7.25	1448
91.207.175.194	192.168.7.25	1448
192.168.7.25	91.207.175.194	0
192.168.7.25	91.207.175.194	0
91.207.175.194	192.168.7.25	202
192.168.7.25	91.207.175.194	1024
91.207.175.194	192.168.7.25	1448
91.207.175.194	192.168.7.25	1448
192.168.7.25	91.207.175.194	0
192.168.7.25	91.207.175.194	0
91.207.175.194	192.168.7.25	561
192.168.7.25	91.207.175.194	1024
91.207.175.194	192.168.7.25	1448
91.207.175.194	192.168.7.25	1448
192.168.7.25	91.207.175.194	0
91.207.175.194	192.168.7.25	1448
91.207.175.194	192.168.7.25	1448
192.168.7.25	91.207.175.194	0
192.168.7.25	91.207.175.194	0
91.207.175.194	192.168.7.25	1234
192.168.7.25	91.207.175.194	1024
91.207.175.194	192.168.7.25	1448
91.207.175.194	192.168.7.25	1448
192.168.7.25	91.207.175.194	0
91.207.175.194	192.168.7.25	240
192.168.7.25	91.207.175.194	1024
91.207.175.194	192.168.7.25	341
192.168.7.25	91.207.175.194	622
91.207.175.194	192.168.7.25	357
192.168.7.25	91.207.175.194	0
91.207.175.194	192.168.7.25	887
192.168.7.25	91.207.175.194	0
91.207.175.194	192.168.7.25	135
192.168.7.25	91.207.175.194	0
91.207.175.194	192.168.7.25	222
192.168.7.25	91.207.175.194	0
91.207.175.194	192.168.7.25	119
192.168.7.25	91.207.175.194	0
91.207.175.194	192.168.7.25	103
192.168.7.25	91.207.175.194	0
91.207.175.194	192.168.7.25	238
192.168.7.25	91.207.175.194	0
91.207.175.194	192.168.7.25	206
192.168.7.25	91.207.175.194	0
91.207.175.194	192.168.7.25	1342
192.168.7.25	91.207.175.194	0
91.207.175.194	192.168.7.25	119
192.168.7.25	91.207.175.194	0
91.207.175.194	192.168.7.25	135
192.168.7.25	91.207.175.194	0
91.207.175.194	192.168.7.25	167
192.168.7.25	91.207.175.194	0
91.207.175.194	192.168.7.25	103
192.168.7.25	91.207.175.194	0
91.207.175.194	192.168.7.25	901
192.168.7.25	91.207.175.194	0
91.207.175.194	192.168.7.25	119
192.168.7.25	91.207.175.194	0
91.207.175.194	192.168.7.25	887
192.168.7.25	91.207.175.194	0
91.207.175.194	192.168.7.25	1159
192.168.7.25	91.207.175.194	0
91.207.175.194	192.168.7.25	1448
91.207.175.194	192.168.7.25	1448
91.207.175.194	192.168.7.25	1448
192.168.7.25	91.207.175.194	0
192.168.7.25	91.207.175.194	0
91.207.175.194	192.168.7.25	868
192.168.7.25	91.207.175.194	0
91.207.175.194	192.168.7.25	309
192.168.7.25	91.207.175.194	0
91.207.175.194	192.168.7.25	1022
192.168.7.25	91.207.175.194	0
91.207.175.194	192.168.7.25	103
192.168.7.25	91.207.175.194	0
91.207.175.194	192.168.7.25	887
192.168.7.25	91.207.175.194	0
91.207.175.194	192.168.7.25	167
192.168.7.25	91.207.175.194	0
91.207.175.194	192.168.7.25	1447
192.168.7.25	91.207.175.194	0
91.207.175.194	192.168.7.25	135
192.168.7.25	91.207.175.194	0
91.207.175.194	192.168.7.25	183
192.168.7.25	91.207.175.194	0
91.207.175.194	192.168.7.25	270
192.168.7.25	91.207.175.194	0
91.207.175.194	192.168.7.25	119
192.168.7.25	91.207.175.194	0
91.207.175.194	192.168.7.25	535
192.168.7.25	91.207.175.194	0
91.207.175.194	192.168.7.25	119
192.168.7.25	91.207.175.194	0
91.207.175.194	192.168.7.25	119
192.168.7.25	91.207.175.194	0
91.207.175.194	192.168.7.25	887
192.168.7.25	91.207.175.194	0
91.207.175.194	192.168.7.25	167
192.168.7.25	91.207.175.194	0
91.207.175.194	192.168.7.25	1448
91.207.175.194	192.168.7.25	596
192.168.7.25	91.207.175.194	0
