91.207.175.194	192.168.7.25	215
192.168.7.25	91.207.175.194	0
91.207.175.194	192.168.7.25	135
192.168.7.25	91.207.175.194	0
91.207.175.194	192.168.7.25	135
192.168.7.25	91.207.175.194	0
91.207.175.194	192.168.7.25	1127
192.168.7.25	91.207.175.194	0
91.207.175.194	192.168.7.25	405
192.168.7.25	91.207.175.194	0
91.207.175.194	192.168.7.25	167
192.168.7.25	91.207.175.194	0
192.168.7.25	91.207.175.194	615
91.207.175.194	192.168.7.25	0
192.168.7.25	91.207.175.194	119
91.207.175.194	192.168.7.25	0
91.207.175.194	192.168.7.25	119
192.168.7.25	91.207.175.194	119
192.168.7.25	91.207.175.194	0
91.207.175.194	192.168.7.25	0
192.168.7.25	91.207.175.194	510
91.207.175.194	192.168.7.25	1127
192.168.7.25	91.207.175.194	0
91.207.175.194	192.168.7.25	0
192.168.7.25	91.207.175.194	119
91.207.175.194	192.168.7.25	709
192.168.7.25	91.207.175.194	0
91.207.175.194	192.168.7.25	119
192.168.7.25	91.207.175.194	325
91.207.175.194	192.168.7.25	119
192.168.7.25	91.207.175.194	718
91.207.175.194	192.168.7.25	119
192.168.7.25	91.207.175.194	821
91.207.175.194	192.168.7.25	103
192.168.7.25	91.207.175.194	718
91.207.175.194	192.168.7.25	1448
91.207.175.194	192.168.7.25	1448
192.168.7.25	91.207.175.194	103
91.207.175.194	192.168.7.25	1059
192.168.7.25	91.207.175.194	119
91.207.175.194	192.168.7.25	1448
91.207.175.194	192.168.7.25	1448
91.207.175.194	192.168.7.25	1448
192.168.7.25	91.207.175.194	540
192.168.7.25	91.207.175.194	0
91.207.175.194	192.168.7.25	1448
91.207.175.194	192.168.7.25	1448
192.168.7.25	91.207.175.194	222
192.168.7.25	91.207.175.194	0
91.207.175.194	192.168.7.25	1448
91.207.175.194	192.168.7.25	63
192.168.7.25	91.207.175.194	262
91.207.175.194	192.168.7.25	0
91.207.175.194	192.168.7.25	0
91.207.175.194	192.168.7.25	389
192.168.7.25	91.207.175.194	1024
91.207.175.194	192.168.7.25	103
192.168.7.25	91.207.175.194	1024
91.207.175.194	192.168.7.25	1310
192.168.7.25	91.207.175.194	478
91.207.175.194	192.168.7.25	1448
91.207.175.194	192.168.7.25	1448
91.207.175.194	192.168.7.25	1448
91.207.175.194	192.168.7.25	1448
192.168.7.25	91.207.175.194	546
192.168.7.25	91.207.175.194	0
192.168.7.25	91.207.175.194	0
91.207.175.194	192.168.7.25	65
192.168.7.25	91.207.175.194	478
91.207.175.194	192.168.7.25	0
91.207.175.194	192.168.7.25	1244
192.168.7.25	91.207.175.194	1024
91.207.175.194	192.168.7.25	119
192.168.7.25	91.207.175.194	1024
91.207.175.194	192.168.7.25	1411
192.168.7.25	91.207.175.194	1024
91.207.175.194	192.168.7.25	1448
91.207.175.194	192.168.7.25	1448
91.207.175.194	192.168.7.25	1448
91.207.175.194	192.168.7.25	1448
192.168.7.25	91.207.175.194	0
192.168.7.25	91.207.175.194	0
192.168.7.25	91.207.175.194	0
91.207.175.194	192.168.7.25	1448
91.207.175.194	192.168.7.25	1448
192.168.7.25	91.207.175.194	0
192.168.7.25	91.207.175.194	0
91.207.175.194	192.168.7.25	1448
91.207.175.194	192.168.7.25	1448
91.207.175.194	192.168.7.25	1448
91.207.175.194	192.168.7.25	1448
91.207.175.194	192.168.7.25	1448
91.207.175.194	192.168.7.25	1448
91.207.175.194	192.168.7.25	1355
192.168.7.25	91.207.175.194	1024
91.207.175.194	192.168.7.25	263
192.168.7.25	91.207.175.194	1024
91.207.175.194	192.168.7.25	1448
91.207.175.194	192.168.7.25	1448
91.207.175.194	192.168.7.25	1448
91.207.175.194	192.168.7.25	1448
192.168.7.25	91.207.175.194	0
192.168.7.25	91.207.175.194	0
192.168.7.25	91.207.175.194	0
91.207.175.194	192.168.7.25	362
192.168.7.25	91.207.175.194	1024
91.207.175.194	192.168.7.25	1448
91.207.175.194	192.168.7.25	1448
91.207.175.194	192.168.7.25	1448
91.207.175.194	192.168.7.25	1448
192.168.7.25	91.207.175.194	0
192.168.7.25	91.207.175.194	0
192.168.7.25	91.207.175.194	0
91.207.175.194	192.168.7.25	1448
91.207.175.194	192.168.7.25	1448
91.207.175.194	192.168.7.25	1448
91.207.175.194	192.168.7.25	1448
91.207.175.194	192.168.7.25	1448
91.207.175.194	192.168.7.25	1448
91.207.175.194	192.168.7.25	1448
91.207.175.194	192.168.7.25	1448
192.168.7.25	91.207.175.194	0
91.207.175.194	192.168.7.25	1448
91.207.175.194	192.168.7.25	1448
91.207.175.194	192.168.7.25	1448
192.168.7.25	91.207.175.194	0
91.207.175.194	192.168.7.25	1448
91.207.175.194	192.168.7.25	87
192.168.7.25	91.207.175.194	1024
91.207.175.194	192.168.7.25	1448
192.168.7.25	91.207.175.194	0
91.207.175.194	192.168.7.25	1448
91.207.175.194	192.168.7.25	1448
91.207.175.194	192.168.7.25	1448
192.168.7.25	91.207.175.194	0
192.168.7.25	91.207.175.194	0
91.207.175.194	192.168.7.25	1448
91.207.175.194	192.168.7.25	1448
192.168.7.25	91.207.175.194	0
192.168.7.25	91.207.175.194	0
91.207.175.194	192.168.7.25	623
192.168.7.25	91.207.175.194	1024
91.207.175.194	192.168.7.25	849
192.168.7.25	91.207.175.194	1024
91.207.175.194	192.168.7.25	1448
91.207.175.194	192.168.7.25	1448
91.207.175.194	192.168.7.25	1448
91.207.175.194	192.168.7.25	1448
192.168.7.25	91.207.175.194	0
192.168.7.25	91.207.175.194	0
192.168.7.25	91.207.175.194	0
91.207.175.194	192.168.7.25	1448
91.207.175.194	192.168.7.25	1448
192.168.7.25	91.207.175.194	0
192.168.7.25	91.207.175.194	0
91.207.175.194	192.168.7.25	447
192.168.7.25	91.207.175.194	1024
91.207.175.194	192.168.7.25	1448
91.207.175.194	192.168.7.25	1448
91.207.175.194	192.168.7.25	1448
91.207.175.194	192.168.7.25	1448
91.207.175.194	192.168.7.25	1448
91.207.175.194	192.168.7.25	1448
91.207.175.194	192.168.7.25	1448
91.207.175.194	192.168.7.25	1448
91.207.175.194	192.168.7.25	1448
91.207.175.194	192.168.7.25	1448
192.168.7.25	91.207.175.194	0
91.207.175.194	192.168.7.25	1448
91.207.175.194	192.168.7.25	1448
91.207.175.194	192.168.7.25	1448
91.207.175.194	192.168.7.25	1448
91.207.175.194	192.168.7.25	1448
91.207.175.194	192.168.7.25	1448
192.168.7.25	91.207.175.194	0
91.207.175.194	192.168.7.25	1448
91.207.175.194	192.168.7.25	1448
91.207.175.194	192.168.7.25	1448
91.207.175.194	192.168.7.25	1448
91.207.175.194	192.168.7.25	1448
91.207.175.194	192.168.7.25	1448
91.207.175.194	192.168.7.25	1448
91.207.175.194	192.168.7.25	1448
192.168.7.25	91.207.175.194	0
91.207.175.194	192.168.7.25	54
192.168.7.25	91.207.175.194	1024
91.207.175.194	192.168.7.25	1448
91.207.175.194	192.168.7.25	1448
192.168.7.25	91.207.175.194	0
91.207.175.194	192.168.7.25	1448
192.168.7.25	91.207.175.194	0
91.207.175.194	192.168.7.25	1448
91.207.175.194	192.168.7.25	1448
192.168.7.25	91.207.175.194	0
192.168.7.25	91.207.175.194	0
91.207.175.194	192.168.7.25	1448
91.207.175.194	192.168.7.25	1448
192.168.7.25	91.207.175.194	0
192.168.7.25	91.207.175.194	0
91.207.175.194	192.168.7.25	1448
91.207.175.194	192.168.7.25	1448
91.207.175.194	192.168.7.25	1448
91.207.175.194	192.168.7.25	1448
91.207.175.194	192.168.7.25	1436
192.168.7.25	91.207.175.194	1024
91.207.175.194	192.168.7.25	1448
91.207.175.194	192.168.7.25	1448
91.207.175.194	192.168.7.25	1448
91.207.175.194	192.168.7.25	1448
91.207.175.194	192.168.7.25	845
192.168.7.25	91.207.175.194	1024
91.207.175.194	192.168.7.25	1448
91.207.175.194	192.168.7.25	1448
91.207.175.194	192.168.7.25	1448
91.207.175.194	192.168.7.25	1448
192.168.7.25	91.207.175.194	0
192.168.7.25	91.207.175.194	0
192.168.7.25	91.207.175.194	0
91.207.175.194	192.168.7.25	115
192.168.7.25	91.207.175.194	1024
91.207.175.194	192.168.7.25	1448
91.207.175.194	192.168.7.25	1448
91.207.175.194	192.168.7.25	1448
192.168.7.25	91.207.175.194	0
192.168.7.25	91.207.175.194	0
91.207.175.194	192.168.7.25	1448
91.207.175.194	192.168.7.25	1448
91.207.175.194	192.168.7.25	1448
91.207.175.194	192.168.7.25	182
192.168.7.25	91.207.175.194	1024
91.207.175.194	192.168.7.25	1448
91.207.175.194	192.168.7.25	1448
91.207.175.194	192.168.7.25	1448
192.168.7.25	91.207.175.194	0
192.168.7.25	91.207.175.194	0
91.207.175.194	192.168.7.25	1448
91.207.175.194	192.168.7.25	1448
91.207.175.194	192.168.7.25	1448
91.207.175.194	192.168.7.25	1448
192.168.7.25	91.207.175.194	0
192.168.7.25	91.207.175.194	0
192.168.7.25	91.207.175.194	0
91.207.175.194	192.168.7.25	1448
91.207.175.194	192.168.7.25	1448
91.207.175.194	192.168.7.25	1448
91.207.175.194	192.168.7.25	1448
91.207.175.194	192.168.7.25	1336
192.168.7.25	91.207.175.194	1024
91.207.175.194	192.168.7.25	1448
91.207.175.194	192.168.7.25	1448
91.207.175.194	192.168.7.25	1448
91.207.175.194	192.168.7.25	1448
91.207.175.194	192.168.7.25	1448
91.207.175.194	192.168.7.25	1448
91.207.175.194	192.168.7.25	1448
91.207.175.194	192.168.7.25	1448
192.168.7.25	91.207.175.194	0
91.207.175.194	192.168.7.25	555
192.168.7.25	91.207.175.194	1024
91.207.175.194	192.168.7.25	1448
91.207.175.194	192.168.7.25	1448
91.207.175.194	192.168.7.25	1448
91.207.175.194	192.168.7.25	1448
192.168.7.25	91.207.175.194	0
192.168.7.25	91.207.175.194	0
192.168.7.25	91.207.175.194	0
91.207.175.194	192.168.7.25	1393
192.168.7.25	91.207.175.194	1024
91.207.175.194	192.168.7.25	1448
91.207.175.194	192.168.7.25	1448
91.207.175.194	192.168.7.25	1448
91.207.175.194	192.168.7.25	1448
192.168.7.25	91.207.175.194	0
91.207.175.194	192.168.7.25	163
192.168.7.25	91.207.175.194	1024
91.207.175.194	192.168.7.25	1448
91.207.175.194	192.168.7.25	1448
91.207.175.194	192.168.7.25	1448
192.168.7.25	91.207.175.194	0
192.168.7.25	91.207.175.194	0
91.207.175.194	192.168.7.25	1448
91.207.175.194	192.168.7.25	1448
192.168.7.25	91.207.175.194	0
91.207.175.194	192.168.7.25	1448
192.168.7.25	91.207.175.194	0
91.207.175.194	192.168.7.25	1448
91.207.175.194	192.168.7.25	1448
91.207.175.194	192.168.7.25	1448
192.168.7.25	91.207.175.194	0
91.207.175.194	192.168.7.25	1448
91.207.175.194	192.168.7.25	1448
91.207.175.194	192.168.7.25	1436
192.168.7.25	91.207.175.194	1024
91.207.175.194	192.168.7.25	1448
91.207.175.194	192.168.7.25	1448
91.207.175.194	192.168.7.25	1448
91.207.175.194	192.168.7.25	1448
91.207.175.194	192.168.7.25	1448
91.207.175.194	192.168.7.25	1448
91.207.175.194	192.168.7.25	1448
91.207.175.194	192.168.7.25	1448
192.168.7.25	91.207.175.194	0
91.207.175.194	192.168.7.25	1448
91.207.175.194	192.168.7.25	1448
91.207.175.194	192.168.7.25	109
192.168.7.25	91.207.175.194	1024
91.207.175.194	192.168.7.25	1448
91.207.175.194	192.168.7.25	1448
91.207.175.194	192.168.7.25	1448
192.168.7.25	91.207.175.194	0
192.168.7.25	91.207.175.194	0
91.207.175.194	192.168.7.25	1448
91.207.175.194	192.168.7.25	1448
192.168.7.25	91.207.175.194	0
91.207.175.194	192.168.7.25	846
192.168.7.25	91.207.175.194	1024
91.207.175.194	192.168.7.25	1448
91.207.175.194	192.168.7.25	1448
91.207.175.194	192.168.7.25	1448
192.168.7.25	91.207.175.194	0
192.168.7.25	91.207.175.194	0
91.207.175.194	192.168.7.25	1448
91.207.175.194	192.168.7.25	184
192.168.7.25	91.207.175.194	1024
91.207.175.194	192.168.7.25	1448
91.207.175.194	192.168.7.25	1448
192.168.7.25	91.207.175.194	0
192.168.7.25	91.207.175.194	0
91.207.175.194	192.168.7.25	1448
91.207.175.194	192.168.7.25	283
192.168.7.25	91.207.175.194	1024
91.207.175.194	192.168.7.25	1448
91.207.175.194	192.168.7.25	1448
192.168.7.25	91.207.175.194	0
192.168.7.25	91.207.175.194	0
91.207.175.194	192.168.7.25	1448
91.207.175.194	192.168.7.25	1448
91.207.175.194	192.168.7.25	1448
192.168.7.25	91.207.175.194	0
192.168.7.25	91.207.175.194	0
91.207.175.194	192.168.7.25	304
192.168.7.25	91.207.175.194	1024
91.207.175.194	192.168.7.25	1448
91.207.175.194	192.168.7.25	1448
91.207.175.194	192.168.7.25	1448
91.207.175.194	192.168.7.25	1448
192.168.7.25	91.207.175.194	0
192.168.7.25	91.207.175.194	0
192.168.7.25	91.207.175.194	0
91.207.175.194	192.168.7.25	1448
91.207.175.194	192.168.7.25	1448
192.168.7.25	91.207.175.194	0
91.207.175.194	192.168.7.25	47
192.168.7.25	91.207.175.194	1024
91.207.175.194	192.168.7.25	1448
91.207.175.194	192.168.7.25	1448
192.168.7.25	91.207.175.194	0
192.168.7.25	91.207.175.194	0
91.207.175.194	192.168.7.25	1448
91.207.175.194	192.168.7.25	1448
91.207.175.194	192.168.7.25	1448
91.207.175.194	192.168.7.25	1448
91.207.175.194	192.168.7.25	1448
91.207.175.194	192.168.7.25	1448
91.207.175.194	192.168.7.25	1448
91.207.175.194	192.168.7.25	1448
192.168.7.25	91.207.175.194	0
91.207.175.194	192.168.7.25	1448
91.207.175.194	192.168.7.25	1336
192.168.7.25	91.207.175.194	1024
91.207.175.194	192.168.7.25	1448
91.207.175.194	192.168.7.25	1448
192.168.7.25	91.207.175.194	0
91.207.175.194	192.168.7.25	1448
192.168.7.25	91.207.175.194	0
91.207.175.194	192.168.7.25	1376
192.168.7.25	91.207.175.194	1024
91.207.175.194	192.168.7.25	1448
91.207.175.194	192.168.7.25	1448
91.207.175.194	192.168.7.25	1448
91.207.175.194	192.168.7.25	1448
192.168.7.25	91.207.175.194	0
91.207.175.194	192.168.7.25	1448
91.207.175.194	192.168.7.25	1448
91.207.175.194	192.168.7.25	1448
91.207.175.194	192.168.7.25	1448
91.207.175.194	192.168.7.25	1448
91.207.175.194	192.168.7.25	46
192.168.7.25	91.207.175.194	1024
91.207.175.194	192.168.7.25	1448
91.207.175.194	192.168.7.25	1448
192.168.7.25	91.207.175.194	0
91.207.175.194	192.168.7.25	1448
91.207.175.194	192.168.7.25	1448
192.168.7.25	91.207.175.194	0
192.168.7.25	91.207.175.194	0
91.207.175.194	192.168.7.25	1448
91.207.175.194	192.168.7.25	873
192.168.7.25	91.207.175.194	1024
91.207.175.194	192.168.7.25	206
192.168.7.25	91.207.175.194	1024
91.207.175.194	192.168.7.25	405
192.168.7.25	91.207.175.194	1024
91.207.175.194	192.168.7.25	1448
91.207.175.194	192.168.7.25	877
192.168.7.25	91.207.175.194	1024
91.207.175.194	192.168.7.25	206
192.168.7.25	91.207.175.194	1024
91.207.175.194	192.168.7.25	103
192.168.7.25	91.207.175.194	1024
91.207.175.194	192.168.7.25	1448
91.207.175.194	192.168.7.25	1448
192.168.7.25	91.207.175.194	0
91.207.175.194	192.168.7.25	1212
192.168.7.25	91.207.175.194	1024
91.207.175.194	192.168.7.25	421
192.168.7.25	91.207.175.194	1024
91.207.175.194	192.168.7.25	421
192.168.7.25	91.207.175.194	1024
91.207.175.194	192.168.7.25	778
192.168.7.25	91.207.175.194	1024
91.207.175.194	192.168.7.25	1448
91.207.175.194	192.168.7.25	1448
192.168.7.25	91.207.175.194	0
192.168.7.25	91.207.175.194	0
91.207.175.194	192.168.7.25	776
192.168.7.25	91.207.175.194	1024
91.207.175.194	192.168.7.25	1448
91.207.175.194	192.168.7.25	1448
91.207.175.194	192.168.7.25	1448
192.168.7.25	91.207.175.194	0
192.168.7.25	91.207.175.194	0
91.207.175.194	192.168.7.25	1448
91.207.175.194	192.168.7.25	1448
91.207.175.194	192.168.7.25	1448
192.168.7.25	91.207.175.194	0
91.207.175.194	192.168.7.25	1448
91.207.175.194	192.168.7.25	1448
91.207.175.194	192.168.7.25	683
192.168.7.25	91.207.175.194	1024
91.207.175.194	192.168.7.25	1448
91.207.175.194	192.168.7.25	1448
192.168.7.25	91.207.175.194	0
192.168.7.25	91.207.175.194	0
91.207.175.194	192.168.7.25	1448
91.207.175.194	192.168.7.25	1448
91.207.175.194	192.168.7.25	1448
192.168.7.25	91.207.175.194	0
192.168.7.25	91.207.175.194	0
91.207.175.194	192.168.7.25	1448
91.207.175.194	192.168.7.25	1448
192.168.7.25	91.207.175.194	0
192.168.7.25	91.207.175.194	0
91.207.175.194	192.168.7.25	1448
91.207.175.194	192.168.7.25	1448
91.207.175.194	192.168.7.25	1448
91.207.175.194	192.168.7.25	1448
91.207.175.194	192.168.7.25	1436
192.168.7.25	91.207.175.194	1024
91.207.175.194	192.168.7.25	1448
91.207.175.194	192.168.7.25	1448
91.207.175.194	192.168.7.25	1448
91.207.175.194	192.168.7.25	1448
91.207.175.194	192.168.7.25	1448
91.207.175.194	192.168.7.25	1448
91.207.175.194	192.168.7.25	1448
91.207.175.194	192.168.7.25	1448
91.207.175.194	192.168.7.25	1448
192.168.7.25	91.207.175.194	0
91.207.175.194	192.168.7.25	677
192.168.7.25	91.207.175.194	1024
91.207.175.194	192.168.7.25	1448
91.207.175.194	192.168.7.25	1448
91.207.175.194	192.168.7.25	1448
192.168.7.25	91.207.175.194	0
192.168.7.25	91.207.175.194	0
91.207.175.194	192.168.7.25	1444
192.168.7.25	91.207.175.194	1024
91.207.175.194	192.168.7.25	1448
91.207.175.194	192.168.7.25	1448
192.168.7.25	91.207.175.194	0
192.168.7.25	91.207.175.194	0
91.207.175.194	192.168.7.25	1448
91.207.175.194	192.168.7.25	1448
192.168.7.25	91.207.175.194	0
192.168.7.25	91.207.175.194	0
91.207.175.194	192.168.7.25	1448
91.207.175.194	192.168.7.25	846
192.168.7.25	91.207.175.194	1024
91.207.175.194	192.168.7.25	1448
91.207.175.194	192.168.7.25	1448
192.168.7.25	91.207.175.194	0
192.168.7.25	91.207.175.194	0
91.207.175.194	192.168.7.25	826
192.168.7.25	91.207.175.194	1024
91.207.175.194	192.168.7.25	670
192.168.7.25	91.207.175.194	1024
91.207.175.194	192.168.7.25	572
192.168.7.25	91.207.175.194	1024
91.207.175.194	192.168.7.25	1205
192.168.7.25	91.207.175.194	1024
91.207.175.194	192.168.7.25	135
192.168.7.25	91.207.175.194	1024
91.207.175.194	192.168.7.25	1448
91.207.175.194	192.168.7.25	1448
91.207.175.194	192.168.7.25	1448
192.168.7.25	91.207.175.194	0
192.168.7.25	91.207.175.194	0
91.207.175.194	192.168.7.25	1448
91.207.175.194	192.168.7.25	639
192.168.7.25	91.207.175.194	1024
91.207.175.194	192.168.7.25	1448
91.207.175.194	192.168.7.25	1448
192.168.7.25	91.207.175.194	0
91.207.175.194	192.168.7.25	554
192.168.7.25	91.207.175.194	1024
91.207.175.194	192.168.7.25	1448
91.207.175.194	192.168.7.25	1448
91.207.175.194	192.168.7.25	1448
91.207.175.194	192.168.7.25	1448
192.168.7.25	91.207.175.194	0
192.168.7.25	91.207.175.194	0
192.168.7.25	91.207.175.194	0
91.207.175.194	192.168.7.25	314
192.168.7.25	91.207.175.194	1024
91.207.175.194	192.168.7.25	135
192.168.7.25	91.207.175.194	1024
91.207.175.194	192.168.7.25	1448
91.207.175.194	192.168.7.25	1448
91.207.175.194	192.168.7.25	1448
91.207.175.194	192.168.7.25	1448
192.168.7.25	91.207.175.194	0
192.168.7.25	91.207.175.194	0
192.168.7.25	91.207.175.194	0
91.207.175.194	192.168.7.25	1448
91.207.175.194	192.168.7.25	1448
192.168.7.25	91.207.175.194	0
91.207.175.194	192.168.7.25	1016
192.168.7.25	91.207.175.194	1024
91.207.175.194	192.168.7.25	1448
91.207.175.194	192.168.7.25	1448
192.168.7.25	91.207.175.194	0
192.168.7.25	91.207.175.194	0
91.207.175.194	192.168.7.25	1448
91.207.175.194	192.168.7.25	1448
192.168.7.25	91.207.175.194	0
91.207.175.194	192.168.7.25	1448
91.207.175.194	192.168.7.25	1448
192.168.7.25	91.207.175.194	0
192.168.7.25	91.207.175.194	0
91.207.175.194	192.168.7.25	1441
192.168.7.25	91.207.175.194	1024
91.207.175.194	192.168.7.25	1448
91.207.175.194	192.168.7.25	1448
91.207.175.194	192.168.7.25	236
192.168.7.25	91.207.175.194	1024
91.207.175.194	192.168.7.25	1448
91.207.175.194	192.168.7.25	340
192.168.7.25	91.207.175.194	1024
91.207.175.194	192.168.7.25	206
192.168.7.25	91.207.175.194	1024
91.207.175.194	192.168.7.25	1448
91.207.175.194	192.168.7.25	1448
192.168.7.25	91.207.175.194	0
192.168.7.25	91.207.175.194	0
91.207.175.194	192.168.7.25	1448
91.207.175.194	192.168.7.25	1448
91.207.175.194	192.168.7.25	1448
192.168.7.25	91.207.175.194	0
192.168.7.25	91.207.175.194	0
91.207.175.194	192.168.7.25	80
192.168.7.25	91.207.175.194	1024
91.207.175.194	192.168.7.25	1448
91.207.175.194	192.168.7.25	1448
192.168.7.25	91.207.175.194	0
192.168.7.25	91.207.175.194	0
91.207.175.194	192.168.7.25	1395
192.168.7.25	91.207.175.194	1024
91.207.175.194	192.168.7.25	990
192.168.7.25	91.207.175.194	1024
91.207.175.194	192.168.7.25	103
192.168.7.25	91.207.175.194	1024
91.207.175.194	192.168.7.25	135
192.168.7.25	91.207.175.194	1024
91.207.175.194	192.168.7.25	389
192.168.7.25	91.207.175.194	1024
91.207.175.194	192.168.7.25	1038
192.168.7.25	91.207.175.194	1024
91.207.175.194	192.168.7.25	613
192.168.7.25	91.207.175.194	1024
91.207.175.194	192.168.7.25	222
192.168.7.25	91.207.175.194	1024
91.207.175.194	192.168.7.25	1448
91.207.175.194	192.168.7.25	1448
192.168.7.25	91.207.175.194	0
91.207.175.194	192.168.7.25	698
192.168.7.25	91.207.175.194	1024
91.207.175.194	192.168.7.25	222
192.168.7.25	91.207.175.194	1024
91.207.175.194	192.168.7.25	1448
91.207.175.194	192.168.7.25	1448
91.207.175.194	192.168.7.25	1448
192.168.7.25	91.207.175.194	0
192.168.7.25	91.207.175.194	0
91.207.175.194	192.168.7.25	1448
91.207.175.194	192.168.7.25	1448
192.168.7.25	91.207.175.194	0
192.168.7.25	91.207.175.194	0
91.207.175.194	192.168.7.25	1448
91.207.175.194	192.168.7.25	1448
91.207.175.194	192.168.7.25	1448
91.207.175.194	192.168.7.25	1448
192.168.7.25	91.207.175.194	0
91.207.175.194	192.168.7.25	1448
91.207.175.194	192.168.7.25	1448
91.207.175.194	192.168.7.25	1448
91.207.175.194	192.168.7.25	1448
91.207.175.194	192.168.7.25	1448
91.207.175.194	192.168.7.25	1448
91.207.175.194	192.168.7.25	1448
91.207.175.194	192.168.7.25	1448
192.168.7.25	91.207.175.194	0
192.168.7.25	91.207.175.194	0
192.168.7.25	91.207.175.194	0
91.207.175.194	192.168.7.25	1448
192.168.7.25	91.207.175.194	0
91.207.175.194	192.168.7.25	1448
91.207.175.194	192.168.7.25	1010
192.168.7.25	91.207.175.194	1024
91.207.175.194	192.168.7.25	1448
192.168.7.25	91.207.175.194	0
91.207.175.194	192.168.7.25	1448
91.207.175.194	192.168.7.25	1448
91.207.175.194	192.168.7.25	1448
91.207.175.194	192.168.7.25	1448
91.207.175.194	192.168.7.25	1448
91.207.175.194	192.168.7.25	1448
91.207.175.194	192.168.7.25	1448
91.207.175.194	192.168.7.25	1448
91.207.175.194	192.168.7.25	1448
192.168.7.25	91.207.175.194	0
91.207.175.194	192.168.7.25	196
192.168.7.25	91.207.175.194	1024
91.207.175.194	192.168.7.25	1448
91.207.175.194	192.168.7.25	1448
91.207.175.194	192.168.7.25	266
192.168.7.25	91.207.175.194	1024
91.207.175.194	192.168.7.25	1448
91.207.175.194	192.168.7.25	1448
91.207.175.194	192.168.7.25	1448
192.168.7.25	91.207.175.194	0
192.168.7.25	91.207.175.194	0
91.207.175.194	192.168.7.25	219
192.168.7.25	91.207.175.194	1024
91.207.175.194	192.168.7.25	1448
91.207.175.194	192.168.7.25	1448
91.207.175.194	192.168.7.25	1448
91.207.175.194	192.168.7.25	1448
91.207.175.194	192.168.7.25	1448
192.168.7.25	91.207.175.194	0
192.168.7.25	91.207.175.194	0
192.168.7.25	91.207.175.194	0
91.207.175.194	192.168.7.25	1448
91.207.175.194	192.168.7.25	200
192.168.7.25	91.207.175.194	1024
91.207.175.194	192.168.7.25	1448
91.207.175.194	192.168.7.25	1448
91.207.175.194	192.168.7.25	1448
192.168.7.25	91.207.175.194	0
192.168.7.25	91.207.175.194	0
91.207.175.194	192.168.7.25	1448
91.207.175.194	192.168.7.25	1448
192.168.7.25	91.207.175.194	0
192.168.7.25	91.207.175.194	0
91.207.175.194	192.168.7.25	1448
91.207.175.194	192.168.7.25	1448
192.168.7.25	91.207.175.194	0
91.207.175.194	192.168.7.25	231
192.168.7.25	91.207.175.194	1024
91.207.175.194	192.168.7.25	1448
91.207.175.194	192.168.7.25	1448
91.207.175.194	192.168.7.25	1448
91.207.175.194	192.168.7.25	1448
91.207.175.194	192.168.7.25	1448
91.207.175.194	192.168.7.25	898
192.168.7.25	91.207.175.194	1024
91.207.175.194	192.168.7.25	1448
91.207.175.194	192.168.7.25	1448
192.168.7.25	91.207.175.194	0
192.168.7.25	91.207.175.194	0
91.207.175.194	192.168.7.25	1448
91.207.175.194	192.168.7.25	1448
192.168.7.25	91.207.175.194	0
192.168.7.25	91.207.175.194	0
91.207.175.194	192.168.7.25	1153
192.168.7.25	91.207.175.194	1024
91.207.175.194	192.168.7.25	901
192.168.7.25	91.207.175.194	1024
91.207.175.194	192.168.7.25	476
192.168.7.25	91.207.175.194	1024
91.207.175.194	192.168.7.25	1228
192.168.7.25	91.207.175.194	1024
91.207.175.194	192.168.7.25	1157
192.168.7.25	91.207.175.194	1024
91.207.175.194	192.168.7.25	1228
192.168.7.25	91.207.175.194	1024
91.207.175.194	192.168.7.25	990
192.168.7.25	91.207.175.194	1024
91.207.175.194	192.168.7.25	887
192.168.7.25	91.207.175.194	1024
91.207.175.194	192.168.7.25	183
192.168.7.25	91.207.175.194	1024
91.207.175.194	192.168.7.25	0
91.207.175.194	192.168.7.25	1159
192.168.7.25	91.207.175.194	1024
91.207.175.194	192.168.7.25	1448
91.207.175.194	192.168.7.25	1156
192.168.7.25	91.207.175.194	1024
91.207.175.194	192.168.7.25	1448
91.207.175.194	192.168.7.25	1446
192.168.7.25	91.207.175.194	1024
91.207.175.194	192.168.7.25	1448
91.207.175.194	192.168.7.25	1448
91.207.175.194	192.168.7.25	1448
91.207.175.194	192.168.7.25	1448
192.168.7.25	91.207.175.194	0
192.168.7.25	91.207.175.194	0
91.207.175.194	192.168.7.25	1448
192.168.7.25	91.207.175.194	0
192.168.7.25	91.207.175.194	0
91.207.175.194	192.168.7.25	1448
91.207.175.194	192.168.7.25	1448
192.168.7.25	91.207.175.194	0
91.207.175.194	192.168.7.25	1448
91.207.175.194	192.168.7.25	1448
91.207.175.194	192.168.7.25	1448
91.207.175.194	192.168.7.25	1448
91.207.175.194	192.168.7.25	1448
91.207.175.194	192.168.7.25	1448
91.207.175.194	192.168.7.25	1448
91.207.175.194	192.168.7.25	1448
192.168.7.25	91.207.175.194	0
91.207.175.194	192.168.7.25	1448
91.207.175.194	192.168.7.25	1448
91.207.175.194	192.168.7.25	1448
91.207.175.194	192.168.7.25	1448
91.207.175.194	192.168.7.25	1435
192.168.7.25	91.207.175.194	1024
91.207.175.194	192.168.7.25	1448
91.207.175.194	192.168.7.25	1448
91.207.175.194	192.168.7.25	1448
91.207.175.194	192.168.7.25	1448
91.207.175.194	192.168.7.25	1448
91.207.175.194	192.168.7.25	1448
91.207.175.194	192.168.7.25	1448
91.207.175.194	192.168.7.25	1448
192.168.7.25	91.207.175.194	0
91.207.175.194	192.168.7.25	1448
91.207.175.194	192.168.7.25	1448
91.207.175.194	192.168.7.25	1448
91.207.175.194	192.168.7.25	1448
91.207.175.194	192.168.7.25	1448
91.207.175.194	192.168.7.25	1448
91.207.175.194	192.168.7.25	1448
91.207.175.194	192.168.7.25	1448
91.207.175.194	192.168.7.25	1448
91.207.175.194	192.168.7.25	1448
192.168.7.25	91.207.175.194	0
91.207.175.194	192.168.7.25	1448
91.207.175.194	192.168.7.25	1448
91.207.175.194	192.168.7.25	1448
91.207.175.194	192.168.7.25	1448
91.207.175.194	192.168.7.25	1448
91.207.175.194	192.168.7.25	1448
192.168.7.25	91.207.175.194	0
91.207.175.194	192.168.7.25	1448
91.207.175.194	192.168.7.25	1448
91.207.175.194	192.168.7.25	1448
192.168.7.25	91.207.175.194	0
192.168.7.25	91.207.175.194	0
91.207.175.194	192.168.7.25	860
192.168.7.25	91.207.175.194	1024
91.207.175.194	192.168.7.25	1448
91.207.175.194	192.168.7.25	1448
192.168.7.25	91.207.175.194	0
192.168.7.25	91.207.175.194	0
91.207.175.194	192.168.7.25	1448
91.207.175.194	192.168.7.25	1448
192.168.7.25	91.207.175.194	0
192.168.7.25	91.207.175.194	0
91.207.175.194	192.168.7.25	1448
91.207.175.194	192.168.7.25	1448
192.168.7.25	91.207.175.194	0
192.168.7.25	91.207.175.194	0
91.207.175.194	192.168.7.25	1448
91.207.175.194	192.168.7.25	1448
91.207.175.194	192.168.7.25	1448
91.207.175.194	192.168.7.25	1448
91.207.175.194	192.168.7.25	1448
91.207.175.194	192.168.7.25	1448
91.207.175.194	192.168.7.25	107
192.168.7.25	91.207.175.194	1024
91.207.175.194	192.168.7.25	1448
91.207.175.194	192.168.7.25	1448
91.207.175.194	192.168.7.25	1448
91.207.175.194	192.168.7.25	1448
91.207.175.194	192.168.7.25	1448
91.207.175.194	192.168.7.25	1448
91.207.175.194	192.168.7.25	550
192.168.7.25	91.207.175.194	1024
91.207.175.194	192.168.7.25	1448
91.207.175.194	192.168.7.25	1448
91.207.175.194	192.168.7.25	1448
192.168.7.25	91.207.175.194	0
192.168.7.25	91.207.175.194	0
91.207.175.194	192.168.7.25	1448
91.207.175.194	192.168.7.25	1448
192.168.7.25	91.207.175.194	0
91.207.175.194	192.168.7.25	178
192.168.7.25	91.207.175.194	1024
91.207.175.194	192.168.7.25	1448
91.207.175.194	192.168.7.25	1448
91.207.175.194	192.168.7.25	1448
91.207.175.194	192.168.7.25	1448
192.168.7.25	91.207.175.194	0
91.207.175.194	192.168.7.25	282
192.168.7.25	91.207.175.194	1024
91.207.175.194	192.168.7.25	1448
91.207.175.194	192.168.7.25	1448
91.207.175.194	192.168.7.25	1448
192.168.7.25	91.207.175.194	0
192.168.7.25	91.207.175.194	0
91.207.175.194	192.168.7.25	1448
91.207.175.194	192.168.7.25	1448
91.207.175.194	192.168.7.25	1448
91.207.175.194	192.168.7.25	1448
192.168.7.25	91.207.175.194	0
192.168.7.25	91.207.175.194	0
192.168.7.25	91.207.175.194	0
91.207.175.194	192.168.7.25	1448
91.207.175.194	192.168.7.25	1448
91.207.175.194	192.168.7.25	94
192.168.7.25	91.207.175.194	1024
91.207.175.194	192.168.7.25	1448
91.207.175.194	192.168.7.25	1448
91.207.175.194	192.168.7.25	1448
91.207.175.194	192.168.7.25	1448
91.207.175.194	192.168.7.25	1448
91.207.175.194	192.168.7.25	1448
91.207.175.194	192.168.7.25	1448
91.207.175.194	192.168.7.25	1448
192.168.7.25	91.207.175.194	0
91.207.175.194	192.168.7.25	1448
91.207.175.194	192.168.7.25	1448
91.207.175.194	192.168.7.25	1448
91.207.175.194	192.168.7.25	1448
91.207.175.194	192.168.7.25	1448
91.207.175.194	192.168.7.25	1448
91.207.175.194	192.168.7.25	1448
91.207.175.194	192.168.7.25	1432
192.168.7.25	91.207.175.194	1024
91.207.175.194	192.168.7.25	1448
91.207.175.194	192.168.7.25	1448
91.207.175.194	192.168.7.25	1448
91.207.175.194	192.168.7.25	1448
192.168.7.25	91.207.175.194	0
192.168.7.25	91.207.175.194	0
91.207.175.194	192.168.7.25	1448
91.207.175.194	192.168.7.25	1448
91.207.175.194	192.168.7.25	1448
192.168.7.25	91.207.175.194	0
192.168.7.25	91.207.175.194	0
192.168.7.25	91.207.175.194	0
91.207.175.194	192.168.7.25	1448
91.207.175.194	192.168.7.25	1448
91.207.175.194	192.168.7.25	1448
91.207.175.194	192.168.7.25	1448
91.207.175.194	192.168.7.25	1448
91.207.175.194	192.168.7.25	1448
91.207.175.194	192.168.7.25	1448
91.207.175.194	192.168.7.25	1448
91.207.175.194	192.168.7.25	1448
91.207.175.194	192.168.7.25	1448
192.168.7.25	91.207.175.194	0
91.207.175.194	192.168.7.25	1448
91.207.175.194	192.168.7.25	1448
91.207.175.194	192.168.7.25	1448
91.207.175.194	192.168.7.25	1427
192.168.7.25	91.207.175.194	1024
91.207.175.194	192.168.7.25	1448
91.207.175.194	192.168.7.25	1448
91.207.175.194	192.168.7.25	1448
91.207.175.194	192.168.7.25	1448
91.207.175.194	192.168.7.25	1448
91.207.175.194	192.168.7.25	1448
91.207.175.194	192.168.7.25	1448
91.207.175.194	192.168.7.25	1448
192.168.7.25	91.207.175.194	0
91.207.175.194	192.168.7.25	1448
91.207.175.194	192.168.7.25	1448
91.207.175.194	192.168.7.25	1448
91.207.175.194	192.168.7.25	1436
192.168.7.25	91.207.175.194	1024
91.207.175.194	192.168.7.25	1448
91.207.175.194	192.168.7.25	1448
91.207.175.194	192.168.7.25	1448
192.168.7.25	91.207.175.194	0
192.168.7.25	91.207.175.194	0
91.207.175.194	192.168.7.25	1448
91.207.175.194	192.168.7.25	1448
192.168.7.25	91.207.175.194	0
192.168.7.25	91.207.175.194	0
91.207.175.194	192.168.7.25	1448
91.207.175.194	192.168.7.25	1448
192.168.7.25	91.207.175.194	0
192.168.7.25	91.207.175.194	0
91.207.175.194	192.168.7.25	1448
91.207.175.194	192.168.7.25	1448
91.207.175.194	192.168.7.25	1448
91.207.175.194	192.168.7.25	1448
91.207.175.194	192.168.7.25	1448
91.207.175.194	192.168.7.25	91
192.168.7.25	91.207.175.194	1024
91.207.175.194	192.168.7.25	1448
91.207.175.194	192.168.7.25	1448
91.207.175.194	192.168.7.25	1448
91.207.175.194	192.168.7.25	1448
91.207.175.194	192.168.7.25	1448
91.207.175.194	192.168.7.25	1448
91.207.175.194	192.168.7.25	1448
91.207.175.194	192.168.7.25	1448
91.207.175.194	192.168.7.25	1448
192.168.7.25	91.207.175.194	0
91.207.175.194	192.168.7.25	1448
91.207.175.194	192.168.7.25	1448
91.207.175.194	192.168.7.25	108
192.168.7.25	91.207.175.194	1024
91.207.175.194	192.168.7.25	1448
91.207.175.194	192.168.7.25	1448
192.168.7.25	91.207.175.194	0
91.207.175.194	192.168.7.25	1448
91.207.175.194	192.168.7.25	1448
192.168.7.25	91.207.175.194	0
192.168.7.25	91.207.175.194	0
91.207.175.194	192.168.7.25	1448
91.207.175.194	192.168.7.25	1448
91.207.175.194	192.168.7.25	1448
91.207.175.194	192.168.7.25	1448
192.168.7.25	91.207.175.194	0
192.168.7.25	91.207.175.194	0
192.168.7.25	91.207.175.194	0
91.207.175.194	192.168.7.25	1448
91.207.175.194	192.168.7.25	1448
91.207.175.194	192.168.7.25	331
192.168.7.25	91.207.175.194	1024
91.207.175.194	192.168.7.25	1448
91.207.175.194	192.168.7.25	1448
91.207.175.194	192.168.7.25	1448
91.207.175.194	192.168.7.25	1448
91.207.175.194	192.168.7.25	1448
91.207.175.194	192.168.7.25	1448
91.207.175.194	192.168.7.25	1448
91.207.175.194	192.168.7.25	1448
192.168.7.25	91.207.175.194	0
91.207.175.194	192.168.7.25	230
192.168.7.25	91.207.175.194	1024
91.207.175.194	192.168.7.25	1448
91.207.175.194	192.168.7.25	1448
91.207.175.194	192.168.7.25	1448
91.207.175.194	192.168.7.25	1448
91.207.175.194	192.168.7.25	1448
192.168.7.25	91.207.175.194	0
192.168.7.25	91.207.175.194	0
192.168.7.25	91.207.175.194	0
192.168.7.25	91.207.175.194	0
91.207.175.194	192.168.7.25	1448
91.207.175.194	192.168.7.25	1448
192.168.7.25	91.207.175.194	0
192.168.7.25	91.207.175.194	0
91.207.175.194	192.168.7.25	1448
91.207.175.194	192.168.7.25	1448
91.207.175.194	192.168.7.25	1448
91.207.175.194	192.168.7.25	1448
91.207.175.194	192.168.7.25	92
192.168.7.25	91.207.175.194	1024
91.207.175.194	192.168.7.25	1448
91.207.175.194	192.168.7.25	1448
91.207.175.194	192.168.7.25	1448
91.207.175.194	192.168.7.25	1448
91.207.175.194	192.168.7.25	1448
91.207.175.194	192.168.7.25	1448
91.207.175.194	192.168.7.25	1448
91.207.175.194	192.168.7.25	1448
192.168.7.25	91.207.175.194	0
91.207.175.194	192.168.7.25	1448
91.207.175.194	192.168.7.25	1448
91.207.175.194	192.168.7.25	1448
91.207.175.194	192.168.7.25	1448
91.207.175.194	192.168.7.25	1448
91.207.175.194	192.168.7.25	1448
91.207.175.194	192.168.7.25	1448
91.207.175.194	192.168.7.25	1448
192.168.7.25	91.207.175.194	0
91.207.175.194	192.168.7.25	103
192.168.7.25	91.207.175.194	1024
91.207.175.194	192.168.7.25	1448
91.207.175.194	192.168.7.25	1448
91.207.175.194	192.168.7.25	1448
192.168.7.25	91.207.175.194	0
192.168.7.25	91.207.175.194	0
91.207.175.194	192.168.7.25	1448
91.207.175.194	192.168.7.25	1448
91.207.175.194	192.168.7.25	1448
192.168.7.25	91.207.175.194	0
192.168.7.25	91.207.175.194	0
91.207.175.194	192.168.7.25	1448
91.207.175.194	192.168.7.25	1448
192.168.7.25	91.207.175.194	0
91.207.175.194	192.168.7.25	1448
91.207.175.194	192.168.7.25	766
192.168.7.25	91.207.175.194	1024
91.207.175.194	192.168.7.25	1448
91.207.175.194	192.168.7.25	1448
91.207.175.194	192.168.7.25	1448
91.207.175.194	192.168.7.25	1448
91.207.175.194	192.168.7.25	627
192.168.7.25	91.207.175.194	1024
91.207.175.194	192.168.7.25	1448
91.207.175.194	192.168.7.25	1448
91.207.175.194	192.168.7.25	1448
91.207.175.194	192.168.7.25	1448
192.168.7.25	91.207.175.194	0
192.168.7.25	91.207.175.194	0
91.207.175.194	192.168.7.25	1448
91.207.175.194	192.168.7.25	1448
192.168.7.25	91.207.175.194	0
91.207.175.194	192.168.7.25	1448
91.207.175.194	192.168.7.25	1448
91.207.175.194	192.168.7.25	1448
91.207.175.194	192.168.7.25	1448
192.168.7.25	91.207.175.194	0
91.207.175.194	192.168.7.25	1448
91.207.175.194	192.168.7.25	1448
91.207.175.194	192.168.7.25	283
192.168.7.25	91.207.175.194	1024
91.207.175.194	192.168.7.25	1448
91.207.175.194	192.168.7.25	1448
91.207.175.194	192.168.7.25	1448
91.207.175.194	192.168.7.25	1448
91.207.175.194	192.168.7.25	1448
91.207.175.194	192.168.7.25	1448
91.207.175.194	192.168.7.25	1448
91.207.175.194	192.168.7.25	1448
192.168.7.25	91.207.175.194	0
91.207.175.194	192.168.7.25	1448
91.207.175.194	192.168.7.25	1448
91.207.175.194	192.168.7.25	1448
91.207.175.194	192.168.7.25	1448
91.207.175.194	192.168.7.25	1448
91.207.175.194	192.168.7.25	1448
91.207.175.194	192.168.7.25	1448
91.207.175.194	192.168.7.25	1448
192.168.7.25	91.207.175.194	0
91.207.175.194	192.168.7.25	974
192.168.7.25	91.207.175.194	1024
91.207.175.194	192.168.7.25	1448
192.168.7.25	91.207.175.194	0
192.168.7.25	91.207.175.194	0
192.168.7.25	91.207.175.194	0
192.168.7.25	91.207.175.194	0
192.168.7.25	91.207.175.194	0
192.168.7.25	91.207.175.194	0
192.168.7.25	91.207.175.194	0
192.168.7.25	91.207.175.194	0
192.168.7.25	91.207.175.194	0
91.207.175.194	192.168.7.25	1448
192.168.7.25	91.207.175.194	0
192.168.7.25	91.207.175.194	0
91.207.175.194	192.168.7.25	1448
91.207.175.194	192.168.7.25	1448
91.207.175.194	192.168.7.25	1448
192.168.7.25	91.207.175.194	0
192.168.7.25	91.207.175.194	0
91.207.175.194	192.168.7.25	1448
91.207.175.194	192.168.7.25	1448
91.207.175.194	192.168.7.25	1448
91.207.175.194	192.168.7.25	1448
91.207.175.194	192.168.7.25	1448
91.207.175.194	192.168.7.25	1448
91.207.175.194	192.168.7.25	1448
91.207.175.194	192.168.7.25	1448
192.168.7.25	91.207.175.194	0
91.207.175.194	192.168.7.25	1448
91.207.175.194	192.168.7.25	1448
91.207.175.194	192.168.7.25	1432
192.168.7.25	91.207.175.194	1024
91.207.175.194	192.168.7.25	1448
91.207.175.194	192.168.7.25	1448
91.207.175.194	192.168.7.25	1448
91.207.175.194	192.168.7.25	1448
91.207.175.194	192.168.7.25	1448
91.207.175.194	192.168.7.25	1448
91.207.175.194	192.168.7.25	1448
91.207.175.194	192.168.7.25	1448
91.207.175.194	192.168.7.25	1448
192.168.7.25	91.207.175.194	0
91.207.175.194	192.168.7.25	1448
91.207.175.194	192.168.7.25	1448
91.207.175.194	192.168.7.25	1448
91.207.175.194	192.168.7.25	1448
192.168.7.25	91.207.175.194	0
192.168.7.25	91.207.175.194	0
91.207.175.194	192.168.7.25	1448
91.207.175.194	192.168.7.25	1448
192.168.7.25	91.207.175.194	0
192.168.7.25	91.207.175.194	0
91.207.175.194	192.168.7.25	1432
192.168.7.25	91.207.175.194	1024
91.207.175.194	192.168.7.25	1448
91.207.175.194	192.168.7.25	1448
91.207.175.194	192.168.7.25	1448
192.168.7.25	91.207.175.194	0
192.168.7.25	91.207.175.194	0
91.207.175.194	192.168.7.25	1448
91.207.175.194	192.168.7.25	1448
91.207.175.194	192.168.7.25	1448
91.207.175.194	192.168.7.25	1448
91.207.175.194	192.168.7.25	1448
91.207.175.194	192.168.7.25	1439
192.168.7.25	91.207.175.194	1024
91.207.175.194	192.168.7.25	1448
91.207.175.194	192.168.7.25	1448
91.207.175.194	192.168.7.25	1448
91.207.175.194	192.168.7.25	1448
91.207.175.194	192.168.7.25	1448
91.207.175.194	192.168.7.25	1448
91.207.175.194	192.168.7.25	1448
91.207.175.194	192.168.7.25	1448
192.168.7.25	91.207.175.194	0
91.207.175.194	192.168.7.25	1448
91.207.175.194	192.168.7.25	1448
91.207.175.194	192.168.7.25	1448
91.207.175.194	192.168.7.25	1448
91.207.175.194	192.168.7.25	1448
192.168.7.25	91.207.175.194	0
91.207.175.194	192.168.7.25	1448
192.168.7.25	91.207.175.194	0
91.207.175.194	192.168.7.25	976
192.168.7.25	91.207.175.194	1024
91.207.175.194	192.168.7.25	1448
91.207.175.194	192.168.7.25	1448
192.168.7.25	91.207.175.194	0
91.207.175.194	192.168.7.25	1448
192.168.7.25	91.207.175.194	0
91.207.175.194	192.168.7.25	1448
91.207.175.194	192.168.7.25	1448
192.168.7.25	91.207.175.194	0
91.207.175.194	192.168.7.25	1448
192.168.7.25	91.207.175.194	0
91.207.175.194	192.168.7.25	1448
91.207.175.194	192.168.7.25	1448
91.207.175.194	192.168.7.25	1448
91.207.175.194	192.168.7.25	1448
91.207.175.194	192.168.7.25	1437
91.207.175.194	192.168.7.25	1448
91.207.175.194	192.168.7.25	1448
91.207.175.194	192.168.7.25	1448
91.207.175.194	192.168.7.25	1448
91.207.175.194	192.168.7.25	1448
91.207.175.194	192.168.7.25	1448
91.207.175.194	192.168.7.25	1448
192.168.7.25	91.207.175.194	1024
91.207.175.194	192.168.7.25	1448
192.168.7.25	91.207.175.194	0
91.207.175.194	192.168.7.25	1448
91.207.175.194	192.168.7.25	1448
91.207.175.194	192.168.7.25	1448
91.207.175.194	192.168.7.25	1448
91.207.175.194	192.168.7.25	1448
91.207.175.194	192.168.7.25	1448
91.207.175.194	192.168.7.25	1448
91.207.175.194	192.168.7.25	1448
192.168.7.25	91.207.175.194	0
91.207.175.194	192.168.7.25	1448
91.207.175.194	192.168.7.25	1448
192.168.7.25	91.207.175.194	0
192.168.7.25	91.207.175.194	0
91.207.175.194	192.168.7.25	1448
91.207.175.194	192.168.7.25	1448
192.168.7.25	91.207.175.194	0
91.207.175.194	192.168.7.25	611
192.168.7.25	91.207.175.194	1024
91.207.175.194	192.168.7.25	1448
91.207.175.194	192.168.7.25	1448
91.207.175.194	192.168.7.25	1448
192.168.7.25	91.207.175.194	0
192.168.7.25	91.207.175.194	0
91.207.175.194	192.168.7.25	1448
91.207.175.194	192.168.7.25	1448
91.207.175.194	192.168.7.25	1448
91.207.175.194	192.168.7.25	1448
91.207.175.194	192.168.7.25	1448
91.207.175.194	192.168.7.25	1448
91.207.175.194	192.168.7.25	1448
91.207.175.194	192.168.7.25	1448
91.207.175.194	192.168.7.25	1448
192.168.7.25	91.207.175.194	0
91.207.175.194	192.168.7.25	1448
91.207.175.194	192.168.7.25	1448
91.207.175.194	192.168.7.25	1448
91.207.175.194	192.168.7.25	1448
91.207.175.194	192.168.7.25	389
192.168.7.25	91.207.175.194	1024
91.207.175.194	192.168.7.25	1448
91.207.175.194	192.168.7.25	1448
91.207.175.194	192.168.7.25	1448
91.207.175.194	192.168.7.25	1448
91.207.175.194	192.168.7.25	1448
91.207.175.194	192.168.7.25	1448
91.207.175.194	192.168.7.25	1448
91.207.175.194	192.168.7.25	1448
192.168.7.25	91.207.175.194	0
91.207.175.194	192.168.7.25	1448
91.207.175.194	192.168.7.25	1448
91.207.175.194	192.168.7.25	1448
91.207.175.194	192.168.7.25	1448
91.207.175.194	192.168.7.25	1448
91.207.175.194	192.168.7.25	1448
91.207.175.194	192.168.7.25	665
192.168.7.25	91.207.175.194	1024
91.207.175.194	192.168.7.25	1448
91.207.175.194	192.168.7.25	18
192.168.7.25	91.207.175.194	1024
91.207.175.194	192.168.7.25	1448
91.207.175.194	192.168.7.25	1448
91.207.175.194	192.168.7.25	1448
192.168.7.25	91.207.175.194	0
192.168.7.25	91.207.175.194	0
91.207.175.194	192.168.7.25	1448
91.207.175.194	192.168.7.25	1448
192.168.7.25	91.207.175.194	0
192.168.7.25	91.207.175.194	0
91.207.175.194	192.168.7.25	1448
91.207.175.194	192.168.7.25	1448
192.168.7.25	91.207.175.194	0
192.168.7.25	91.207.175.194	0
91.207.175.194	192.168.7.25	1448
91.207.175.194	192.168.7.25	1448
91.207.175.194	192.168.7.25	1448
91.207.175.194	192.168.7.25	1448
91.207.175.194	192.168.7.25	1448
91.207.175.194	192.168.7.25	1448
91.207.175.194	192.168.7.25	1434
192.168.7.25	91.207.175.194	1024
91.207.175.194	192.168.7.25	1448
91.207.175.194	192.168.7.25	1448
192.168.7.25	91.207.175.194	0
91.207.175.194	192.168.7.25	1448
192.168.7.25	91.207.175.194	0
91.207.175.194	192.168.7.25	1448
91.207.175.194	192.168.7.25	1448
192.168.7.25	91.207.175.194	0
192.168.7.25	91.207.175.194	0
91.207.175.194	192.168.7.25	1448
91.207.175.194	192.168.7.25	1448
91.207.175.194	192.168.7.25	1448
91.207.175.194	192.168.7.25	1448
192.168.7.25	91.207.175.194	0
91.207.175.194	192.168.7.25	1448
91.207.175.194	192.168.7.25	1448
91.207.175.194	192.168.7.25	1436
192.168.7.25	91.207.175.194	1024
91.207.175.194	192.168.7.25	1448
91.207.175.194	192.168.7.25	1448
91.207.175.194	192.168.7.25	1448
91.207.175.194	192.168.7.25	1448
91.207.175.194	192.168.7.25	1448
91.207.175.194	192.168.7.25	1448
91.207.175.194	192.168.7.25	1448
91.207.175.194	192.168.7.25	1448
91.207.175.194	192.168.7.25	1448
192.168.7.25	91.207.175.194	0
91.207.175.194	192.168.7.25	1358
192.168.7.25	91.207.175.194	1024
91.207.175.194	192.168.7.25	1448
91.207.175.194	192.168.7.25	1448
192.168.7.25	91.207.175.194	0
192.168.7.25	91.207.175.194	0
91.207.175.194	192.168.7.25	1448
91.207.175.194	192.168.7.25	1448
192.168.7.25	91.207.175.194	0
192.168.7.25	91.207.175.194	0
91.207.175.194	192.168.7.25	1448
91.207.175.194	192.168.7.25	1448
192.168.7.25	91.207.175.194	0
192.168.7.25	91.207.175.194	0
91.207.175.194	192.168.7.25	575
192.168.7.25	91.207.175.194	1024
91.207.175.194	192.168.7.25	1448
91.207.175.194	192.168.7.25	1448
91.207.175.194	192.168.7.25	1448
192.168.7.25	91.207.175.194	0
91.207.175.194	192.168.7.25	1448
91.207.175.194	192.168.7.25	1448
91.207.175.194	192.168.7.25	1448
91.207.175.194	192.168.7.25	1448
91.207.175.194	192.168.7.25	1448
91.207.175.194	192.168.7.25	1448
91.207.175.194	192.168.7.25	1448
91.207.175.194	192.168.7.25	1448
192.168.7.25	91.207.175.194	0
91.207.175.194	192.168.7.25	1436
192.168.7.25	91.207.175.194	1024
91.207.175.194	192.168.7.25	1448
192.168.7.25	91.207.175.194	0
192.168.7.25	91.207.175.194	0
192.168.7.25	91.207.175.194	0
192.168.7.25	91.207.175.194	0
91.207.175.194	192.168.7.25	1448
91.207.175.194	192.168.7.25	1448
91.207.175.194	192.168.7.25	1448
91.207.175.194	192.168.7.25	1448
192.168.7.25	91.207.175.194	0
192.168.7.25	91.207.175.194	0
192.168.7.25	91.207.175.194	0
91.207.175.194	192.168.7.25	1448
91.207.175.194	192.168.7.25	1448
192.168.7.25	91.207.175.194	0
91.207.175.194	192.168.7.25	1448
91.207.175.194	192.168.7.25	1448
91.207.175.194	192.168.7.25	1438
192.168.7.25	91.207.175.194	1024
91.207.175.194	192.168.7.25	1448
91.207.175.194	192.168.7.25	1448
91.207.175.194	192.168.7.25	1448
91.207.175.194	192.168.7.25	1448
91.207.175.194	192.168.7.25	1448
91.207.175.194	192.168.7.25	1448
91.207.175.194	192.168.7.25	1448
91.207.175.194	192.168.7.25	1448
91.207.175.194	192.168.7.25	1448
91.207.175.194	192.168.7.25	1448
192.168.7.25	91.207.175.194	0
91.207.175.194	192.168.7.25	1448
91.207.175.194	192.168.7.25	1448
91.207.175.194	192.168.7.25	155
192.168.7.25	91.207.175.194	1024
91.207.175.194	192.168.7.25	1448
91.207.175.194	192.168.7.25	1448
91.207.175.194	192.168.7.25	1448
192.168.7.25	91.207.175.194	0
192.168.7.25	91.207.175.194	0
91.207.175.194	192.168.7.25	1448
91.207.175.194	192.168.7.25	1448
192.168.7.25	91.207.175.194	0
192.168.7.25	91.207.175.194	0
91.207.175.194	192.168.7.25	1448
91.207.175.194	192.168.7.25	1448
192.168.7.25	91.207.175.194	0
91.207.175.194	192.168.7.25	1448
91.207.175.194	192.168.7.25	1448
91.207.175.194	192.168.7.25	1448
91.207.175.194	192.168.7.25	1448
91.207.175.194	192.168.7.25	1372
192.168.7.25	91.207.175.194	1024
91.207.175.194	192.168.7.25	1448
91.207.175.194	192.168.7.25	1448
91.207.175.194	192.168.7.25	1448
91.207.175.194	192.168.7.25	1448
91.207.175.194	192.168.7.25	1448
91.207.175.194	192.168.7.25	1448
91.207.175.194	192.168.7.25	1448
91.207.175.194	192.168.7.25	1448
192.168.7.25	91.207.175.194	0
91.207.175.194	192.168.7.25	1448
91.207.175.194	192.168.7.25	1448
91.207.175.194	192.168.7.25	228
192.168.7.25	91.207.175.194	1024
91.207.175.194	192.168.7.25	901
192.168.7.25	91.207.175.194	1024
91.207.175.194	192.168.7.25	1448
91.207.175.194	192.168.7.25	1448
91.207.175.194	192.168.7.25	1448
91.207.175.194	192.168.7.25	1448
192.168.7.25	91.207.175.194	0
192.168.7.25	91.207.175.194	0
192.168.7.25	91.207.175.194	0
91.207.175.194	192.168.7.25	1448
91.207.175.194	192.168.7.25	1448
192.168.7.25	91.207.175.194	0
192.168.7.25	91.207.175.194	0
91.207.175.194	192.168.7.25	1375
192.168.7.25	91.207.175.194	1024
91.207.175.194	192.168.7.25	1448
91.207.175.194	192.168.7.25	1448
91.207.175.194	192.168.7.25	1448
91.207.175.194	192.168.7.25	1448
91.207.175.194	192.168.7.25	1448
91.207.175.194	192.168.7.25	1448
91.207.175.194	192.168.7.25	1448
91.207.175.194	192.168.7.25	1448
91.207.175.194	192.168.7.25	1448
91.207.175.194	192.168.7.25	1448
192.168.7.25	91.207.175.194	0
91.207.175.194	192.168.7.25	1448
91.207.175.194	192.168.7.25	1448
91.207.175.194	192.168.7.25	155
192.168.7.25	91.207.175.194	1024
91.207.175.194	192.168.7.25	1448
91.207.175.194	192.168.7.25	1448
91.207.175.194	192.168.7.25	1448
192.168.7.25	91.207.175.194	0
192.168.7.25	91.207.175.194	0
91.207.175.194	192.168.7.25	1448
91.207.175.194	192.168.7.25	1448
192.168.7.25	91.207.175.194	0
192.168.7.25	91.207.175.194	0
91.207.175.194	192.168.7.25	1448
91.207.175.194	192.168.7.25	1448
192.168.7.25	91.207.175.194	0
91.207.175.194	192.168.7.25	1448
192.168.7.25	91.207.175.194	0
91.207.175.194	192.168.7.25	1448
91.207.175.194	192.168.7.25	1448
91.207.175.194	192.168.7.25	1448
91.207.175.194	192.168.7.25	1448
91.207.175.194	192.168.7.25	1448
91.207.175.194	192.168.7.25	1448
91.207.175.194	192.168.7.25	1448
91.207.175.194	192.168.7.25	1448
91.207.175.194	192.168.7.25	1448
91.207.175.194	192.168.7.25	1448
91.207.175.194	192.168.7.25	1448
192.168.7.25	91.207.175.194	0
91.207.175.194	192.168.7.25	1448
91.207.175.194	192.168.7.25	1448
91.207.175.194	192.168.7.25	1448
91.207.175.194	192.168.7.25	1448
91.207.175.194	192.168.7.25	1448
192.168.7.25	91.207.175.194	0
91.207.175.194	192.168.7.25	1448
91.207.175.194	192.168.7.25	1448
91.207.175.194	192.168.7.25	1448
91.207.175.194	192.168.7.25	1448
91.207.175.194	192.168.7.25	1448
91.207.175.194	192.168.7.25	1448
91.207.175.194	192.168.7.25	1448
91.207.175.194	192.168.7.25	1448
91.207.175.194	192.168.7.25	1448
192.168.7.25	91.207.175.194	0
91.207.175.194	192.168.7.25	1448
91.207.175.194	192.168.7.25	1448
91.207.175.194	192.168.7.25	1448
91.207.175.194	192.168.7.25	1448
91.207.175.194	192.168.7.25	1448
91.207.175.194	192.168.7.25	1448
91.207.175.194	192.168.7.25	1448
91.207.175.194	192.168.7.25	1448
192.168.7.25	91.207.175.194	0
91.207.175.194	192.168.7.25	1406
192.168.7.25	91.207.175.194	1024
91.207.175.194	192.168.7.25	1448
91.207.175.194	192.168.7.25	1448
91.207.175.194	192.168.7.25	1448
91.207.175.194	192.168.7.25	1448
91.207.175.194	192.168.7.25	1448
91.207.175.194	192.168.7.25	1448
91.207.175.194	192.168.7.25	1448
91.207.175.194	192.168.7.25	1448
192.168.7.25	91.207.175.194	0
91.207.175.194	192.168.7.25	1448
91.207.175.194	192.168.7.25	1448
91.207.175.194	192.168.7.25	1448
91.207.175.194	192.168.7.25	1448
192.168.7.25	91.207.175.194	0
192.168.7.25	91.207.175.194	0
91.207.175.194	192.168.7.25	1448
91.207.175.194	192.168.7.25	1448
192.168.7.25	91.207.175.194	0
192.168.7.25	91.207.175.194	0
91.207.175.194	192.168.7.25	1448
91.207.175.194	192.168.7.25	1448
192.168.7.25	91.207.175.194	0
192.168.7.25	91.207.175.194	0
91.207.175.194	192.168.7.25	1448
91.207.175.194	192.168.7.25	1448
192.168.7.25	91.207.175.194	0
192.168.7.25	91.207.175.194	0
91.207.175.194	192.168.7.25	1448
91.207.175.194	192.168.7.25	1448
91.207.175.194	192.168.7.25	1448
91.207.175.194	192.168.7.25	1448
91.207.175.194	192.168.7.25	1448
91.207.175.194	192.168.7.25	1448
91.207.175.194	192.168.7.25	1448
91.207.175.194	192.168.7.25	1448
91.207.175.194	192.168.7.25	1448
192.168.7.25	91.207.175.194	0
91.207.175.194	192.168.7.25	1448
91.207.175.194	192.168.7.25	91
192.168.7.25	91.207.175.194	1024
91.207.175.194	192.168.7.25	1448
91.207.175.194	192.168.7.25	1448
91.207.175.194	192.168.7.25	1448
91.207.175.194	192.168.7.25	1448
91.207.175.194	192.168.7.25	1448
91.207.175.194	192.168.7.25	1448
91.207.175.194	192.168.7.25	1448
91.207.175.194	192.168.7.25	1448
91.207.175.194	192.168.7.25	1448
192.168.7.25	91.207.175.194	0
91.207.175.194	192.168.7.25	1448
91.207.175.194	192.168.7.25	1448
91.207.175.194	192.168.7.25	1448
91.207.175.194	192.168.7.25	1448
91.207.175.194	192.168.7.25	1448
91.207.175.194	192.168.7.25	1448
91.207.175.194	192.168.7.25	1448
91.207.175.194	192.168.7.25	1448
192.168.7.25	91.207.175.194	0
91.207.175.194	192.168.7.25	1448
91.207.175.194	192.168.7.25	1448
91.207.175.194	192.168.7.25	1448
91.207.175.194	192.168.7.25	1448
91.207.175.194	192.168.7.25	1448
91.207.175.194	192.168.7.25	1448
91.207.175.194	192.168.7.25	1448
91.207.175.194	192.168.7.25	1448
192.168.7.25	91.207.175.194	0
91.207.175.194	192.168.7.25	1422
192.168.7.25	91.207.175.194	1024
91.207.175.194	192.168.7.25	1448
91.207.175.194	192.168.7.25	1448
91.207.175.194	192.168.7.25	1448
91.207.175.194	192.168.7.25	1448
91.207.175.194	192.168.7.25	1448
91.207.175.194	192.168.7.25	1448
91.207.175.194	192.168.7.25	1448
91.207.175.194	192.168.7.25	1448
192.168.7.25	91.207.175.194	0
91.207.175.194	192.168.7.25	1448
91.207.175.194	192.168.7.25	1448
91.207.175.194	192.168.7.25	1448
91.207.175.194	192.168.7.25	1448
91.207.175.194	192.168.7.25	1448
91.207.175.194	192.168.7.25	1448
91.207.175.194	192.168.7.25	1448
91.207.175.194	192.168.7.25	1448
91.207.175.194	192.168.7.25	1448
192.168.7.25	91.207.175.194	0
91.207.175.194	192.168.7.25	1448
91.207.175.194	192.168.7.25	1448
91.207.175.194	192.168.7.25	1448
91.207.175.194	192.168.7.25	1448
192.168.7.25	91.207.175.194	0
192.168.7.25	91.207.175.194	0
91.207.175.194	192.168.7.25	1448
91.207.175.194	192.168.7.25	1448
192.168.7.25	91.207.175.194	0
192.168.7.25	91.207.175.194	0
91.207.175.194	192.168.7.25	1448
91.207.175.194	192.168.7.25	1448
192.168.7.25	91.207.175.194	0
192.168.7.25	91.207.175.194	0
91.207.175.194	192.168.7.25	1448
91.207.175.194	192.168.7.25	1448
192.168.7.25	91.207.175.194	0
91.207.175.194	192.168.7.25	1448
91.207.175.194	192.168.7.25	1448
91.207.175.194	192.168.7.25	1448
91.207.175.194	192.168.7.25	1448
91.207.175.194	192.168.7.25	1448
91.207.175.194	192.168.7.25	1448
91.207.175.194	192.168.7.25	1448
91.207.175.194	192.168.7.25	1448
192.168.7.25	91.207.175.194	0
91.207.175.194	192.168.7.25	1448
91.207.175.194	192.168.7.25	1448
91.207.175.194	192.168.7.25	1448
91.207.175.194	192.168.7.25	1448
91.207.175.194	192.168.7.25	16
192.168.7.25	91.207.175.194	1024
91.207.175.194	192.168.7.25	1448
91.207.175.194	192.168.7.25	1448
91.207.175.194	192.168.7.25	1448
91.207.175.194	192.168.7.25	1448
91.207.175.194	192.168.7.25	1448
91.207.175.194	192.168.7.25	1448
91.207.175.194	192.168.7.25	1448
91.207.175.194	192.168.7.25	1448
91.207.175.194	192.168.7.25	1448
192.168.7.25	91.207.175.194	0
91.207.175.194	192.168.7.25	1448
91.207.175.194	192.168.7.25	1448
91.207.175.194	192.168.7.25	1448
91.207.175.194	192.168.7.25	1448
91.207.175.194	192.168.7.25	1448
91.207.175.194	192.168.7.25	1448
91.207.175.194	192.168.7.25	1448
91.207.175.194	192.168.7.25	1448
192.168.7.25	91.207.175.194	0
91.207.175.194	192.168.7.25	1448
91.207.175.194	192.168.7.25	1448
91.207.175.194	192.168.7.25	1448
91.207.175.194	192.168.7.25	1448
91.207.175.194	192.168.7.25	1448
91.207.175.194	192.168.7.25	1448
91.207.175.194	192.168.7.25	1448
91.207.175.194	192.168.7.25	1448
192.168.7.25	91.207.175.194	0
91.207.175.194	192.168.7.25	1448
91.207.175.194	192.168.7.25	1448
91.207.175.194	192.168.7.25	979
192.168.7.25	91.207.175.194	1024
91.207.175.194	192.168.7.25	1448
91.207.175.194	192.168.7.25	1448
91.207.175.194	192.168.7.25	1448
91.207.175.194	192.168.7.25	1448
91.207.175.194	192.168.7.25	1448
91.207.175.194	192.168.7.25	1448
91.207.175.194	192.168.7.25	1448
91.207.175.194	192.168.7.25	1448
91.207.175.194	192.168.7.25	1448
192.168.7.25	91.207.175.194	0
91.207.175.194	192.168.7.25	1448
91.207.175.194	192.168.7.25	1448
192.168.7.25	91.207.175.194	0
192.168.7.25	91.207.175.194	0
91.207.175.194	192.168.7.25	1436
192.168.7.25	91.207.175.194	1024
91.207.175.194	192.168.7.25	1448
91.207.175.194	192.168.7.25	1448
91.207.175.194	192.168.7.25	1448
91.207.175.194	192.168.7.25	1448
192.168.7.25	91.207.175.194	0
192.168.7.25	91.207.175.194	0
192.168.7.25	91.207.175.194	0
91.207.175.194	192.168.7.25	1448
91.207.175.194	192.168.7.25	1448
91.207.175.194	192.168.7.25	1448
91.207.175.194	192.168.7.25	1448
91.207.175.194	192.168.7.25	1448
91.207.175.194	192.168.7.25	1448
91.207.175.194	192.168.7.25	1448
91.207.175.194	192.168.7.25	1059
192.168.7.25	91.207.175.194	1024
91.207.175.194	192.168.7.25	1448
91.207.175.194	192.168.7.25	1448
91.207.175.194	192.168.7.25	1448
91.207.175.194	192.168.7.25	1316
192.168.7.25	91.207.175.194	1024
91.207.175.194	192.168.7.25	1448
91.207.175.194	192.168.7.25	1448
192.168.7.25	91.207.175.194	0
192.168.7.25	91.207.175.194	0
91.207.175.194	192.168.7.25	1448
91.207.175.194	192.168.7.25	1448
91.207.175.194	192.168.7.25	1448
192.168.7.25	91.207.175.194	0
192.168.7.25	91.207.175.194	0
91.207.175.194	192.168.7.25	1448
91.207.175.194	192.168.7.25	1448
192.168.7.25	91.207.175.194	0
192.168.7.25	91.207.175.194	0
91.207.175.194	192.168.7.25	1448
91.207.175.194	192.168.7.25	1448
91.207.175.194	192.168.7.25	1448
91.207.175.194	192.168.7.25	1448
91.207.175.194	192.168.7.25	1448
91.207.175.194	192.168.7.25	274
192.168.7.25	91.207.175.194	1024
91.207.175.194	192.168.7.25	1448
91.207.175.194	192.168.7.25	1448
91.207.175.194	192.168.7.25	1448
91.207.175.194	192.168.7.25	1448
91.207.175.194	192.168.7.25	1448
91.207.175.194	192.168.7.25	1448
91.207.175.194	192.168.7.25	1448
91.207.175.194	192.168.7.25	1448
91.207.175.194	192.168.7.25	1448
91.207.175.194	192.168.7.25	1448
91.207.175.194	192.168.7.25	1448
192.168.7.25	91.207.175.194	0
91.207.175.194	192.168.7.25	1448
91.207.175.194	192.168.7.25	1448
91.207.175.194	192.168.7.25	1313
192.168.7.25	91.207.175.194	1024
91.207.175.194	192.168.7.25	1448
91.207.175.194	192.168.7.25	1448
192.168.7.25	91.207.175.194	0
192.168.7.25	91.207.175.194	0
91.207.175.194	192.168.7.25	1448
91.207.175.194	192.168.7.25	1448
91.207.175.194	192.168.7.25	1448
192.168.7.25	91.207.175.194	0
192.168.7.25	91.207.175.194	0
91.207.175.194	192.168.7.25	1448
91.207.175.194	192.168.7.25	1448
192.168.7.25	91.207.175.194	0
192.168.7.25	91.207.175.194	0
91.207.175.194	192.168.7.25	1448
91.207.175.194	192.168.7.25	1448
91.207.175.194	192.168.7.25	1448
91.207.175.194	192.168.7.25	1448
91.207.175.194	192.168.7.25	1448
91.207.175.194	192.168.7.25	1448
91.207.175.194	192.168.7.25	1434
192.168.7.25	91.207.175.194	1024
91.207.175.194	192.168.7.25	1448
91.207.175.194	192.168.7.25	1448
91.207.175.194	192.168.7.25	1448
91.207.175.194	192.168.7.25	1448
91.207.175.194	192.168.7.25	1448
91.207.175.194	192.168.7.25	1448
91.207.175.194	192.168.7.25	1448
91.207.175.194	192.168.7.25	1448
192.168.7.25	91.207.175.194	0
91.207.175.194	192.168.7.25	1448
91.207.175.194	192.168.7.25	1448
91.207.175.194	192.168.7.25	1448
91.207.175.194	192.168.7.25	1436
192.168.7.25	91.207.175.194	1024
91.207.175.194	192.168.7.25	1448
91.207.175.194	192.168.7.25	1448
91.207.175.194	192.168.7.25	1448
91.207.175.194	192.168.7.25	1448
91.207.175.194	192.168.7.25	1448
192.168.7.25	91.207.175.194	0
192.168.7.25	91.207.175.194	0
192.168.7.25	91.207.175.194	0
91.207.175.194	192.168.7.25	1448
91.207.175.194	192.168.7.25	1448
192.168.7.25	91.207.175.194	0
91.207.175.194	192.168.7.25	1448
91.207.175.194	192.168.7.25	1448
91.207.175.194	192.168.7.25	1448
91.207.175.194	192.168.7.25	1448
91.207.175.194	192.168.7.25	1448
91.207.175.194	192.168.7.25	1448
91.207.175.194	192.168.7.25	1434
91.207.175.194	192.168.7.25	1448
91.207.175.194	192.168.7.25	1448
192.168.7.25	91.207.175.194	1024
91.207.175.194	192.168.7.25	1448
91.207.175.194	192.168.7.25	1448
91.207.175.194	192.168.7.25	1448
91.207.175.194	192.168.7.25	1448
91.207.175.194	192.168.7.25	1448
192.168.7.25	91.207.175.194	0
91.207.175.194	192.168.7.25	215
192.168.7.25	91.207.175.194	1024
91.207.175.194	192.168.7.25	1448
91.207.175.194	192.168.7.25	1448
91.207.175.194	192.168.7.25	1448
192.168.7.25	91.207.175.194	0
192.168.7.25	91.207.175.194	0
91.207.175.194	192.168.7.25	1448
91.207.175.194	192.168.7.25	1448
91.207.175.194	192.168.7.25	1448
192.168.7.25	91.207.175.194	0
192.168.7.25	91.207.175.194	0
91.207.175.194	192.168.7.25	1448
91.207.175.194	192.168.7.25	1448
91.207.175.194	192.168.7.25	1254
192.168.7.25	91.207.175.194	1024
91.207.175.194	192.168.7.25	1448
91.207.175.194	192.168.7.25	1448
91.207.175.194	192.168.7.25	1448
91.207.175.194	192.168.7.25	1448
91.207.175.194	192.168.7.25	1448
91.207.175.194	192.168.7.25	1448
91.207.175.194	192.168.7.25	1448
91.207.175.194	192.168.7.25	1448
91.207.175.194	192.168.7.25	1448
192.168.7.25	91.207.175.194	0
91.207.175.194	192.168.7.25	1448
91.207.175.194	192.168.7.25	1448
91.207.175.194	192.168.7.25	1448
91.207.175.194	192.168.7.25	1448
91.207.175.194	192.168.7.25	1434
192.168.7.25	91.207.175.194	1024
91.207.175.194	192.168.7.25	1448
91.207.175.194	192.168.7.25	1448
91.207.175.194	192.168.7.25	1448
192.168.7.25	91.207.175.194	0
192.168.7.25	91.207.175.194	0
91.207.175.194	192.168.7.25	1448
91.207.175.194	192.168.7.25	1448
192.168.7.25	91.207.175.194	0
91.207.175.194	192.168.7.25	1448
192.168.7.25	91.207.175.194	0
91.207.175.194	192.168.7.25	1448
91.207.175.194	192.168.7.25	1448
91.207.175.194	192.168.7.25	1448
91.207.175.194	192.168.7.25	1438
192.168.7.25	91.207.175.194	1024
91.207.175.194	192.168.7.25	1448
91.207.175.194	192.168.7.25	1448
91.207.175.194	192.168.7.25	1448
91.207.175.194	192.168.7.25	1448
91.207.175.194	192.168.7.25	1448
91.207.175.194	192.168.7.25	1448
91.207.175.194	192.168.7.25	1448
91.207.175.194	192.168.7.25	1448
192.168.7.25	91.207.175.194	0
91.207.175.194	192.168.7.25	1448
91.207.175.194	192.168.7.25	1448
91.207.175.194	192.168.7.25	125
192.168.7.25	91.207.175.194	1024
91.207.175.194	192.168.7.25	1448
91.207.175.194	192.168.7.25	1448
91.207.175.194	192.168.7.25	1448
192.168.7.25	91.207.175.194	0
192.168.7.25	91.207.175.194	0
91.207.175.194	192.168.7.25	1448
91.207.175.194	192.168.7.25	1448
192.168.7.25	91.207.175.194	0
91.207.175.194	192.168.7.25	1448
91.207.175.194	192.168.7.25	1448
192.168.7.25	91.207.175.194	0
192.168.7.25	91.207.175.194	0
91.207.175.194	192.168.7.25	1448
91.207.175.194	192.168.7.25	1448
91.207.175.194	192.168.7.25	1448
91.207.175.194	192.168.7.25	125
192.168.7.25	91.207.175.194	1024
91.207.175.194	192.168.7.25	1448
91.207.175.194	192.168.7.25	1448
91.207.175.194	192.168.7.25	1448
91.207.175.194	192.168.7.25	1448
91.207.175.194	192.168.7.25	1448
91.207.175.194	192.168.7.25	1448
91.207.175.194	192.168.7.25	1448
91.207.175.194	192.168.7.25	1448
91.207.175.194	192.168.7.25	1448
192.168.7.25	91.207.175.194	0
91.207.175.194	192.168.7.25	1438
192.168.7.25	91.207.175.194	1024
91.207.175.194	192.168.7.25	1448
91.207.175.194	192.168.7.25	1448
91.207.175.194	192.168.7.25	1448
91.207.175.194	192.168.7.25	1448
192.168.7.25	91.207.175.194	0
192.168.7.25	91.207.175.194	0
192.168.7.25	91.207.175.194	0
91.207.175.194	192.168.7.25	1448
91.207.175.194	192.168.7.25	1448
192.168.7.25	91.207.175.194	0
91.207.175.194	192.168.7.25	1448
192.168.7.25	91.207.175.194	0
91.207.175.194	192.168.7.25	1448
91.207.175.194	192.168.7.25	1448
91.207.175.194	192.168.7.25	1448
91.207.175.194	192.168.7.25	1448
91.207.175.194	192.168.7.25	1448
91.207.175.194	192.168.7.25	1448
91.207.175.194	192.168.7.25	1370
192.168.7.25	91.207.175.194	1024
91.207.175.194	192.168.7.25	1448
91.207.175.194	192.168.7.25	1448
91.207.175.194	192.168.7.25	1448
91.207.175.194	192.168.7.25	1448
91.207.175.194	192.168.7.25	1448
91.207.175.194	192.168.7.25	1448
91.207.175.194	192.168.7.25	1448
91.207.175.194	192.168.7.25	1448
91.207.175.194	192.168.7.25	1448
91.207.175.194	192.168.7.25	1448
192.168.7.25	91.207.175.194	0
91.207.175.194	192.168.7.25	340
192.168.7.25	91.207.175.194	1024
91.207.175.194	192.168.7.25	1448
91.207.175.194	192.168.7.25	1448
91.207.175.194	192.168.7.25	1448
192.168.7.25	91.207.175.194	0
192.168.7.25	91.207.175.194	0
91.207.175.194	192.168.7.25	1448
91.207.175.194	192.168.7.25	1448
192.168.7.25	91.207.175.194	0
192.168.7.25	91.207.175.194	0
91.207.175.194	192.168.7.25	1448
91.207.175.194	192.168.7.25	1448
192.168.7.25	91.207.175.194	0
192.168.7.25	91.207.175.194	0
91.207.175.194	192.168.7.25	1448
91.207.175.194	192.168.7.25	685
192.168.7.25	91.207.175.194	1024
91.207.175.194	192.168.7.25	1448
91.207.175.194	192.168.7.25	1448
91.207.175.194	192.168.7.25	1448
91.207.175.194	192.168.7.25	1448
91.207.175.194	192.168.7.25	1448
91.207.175.194	192.168.7.25	1448
91.207.175.194	192.168.7.25	1448
91.207.175.194	192.168.7.25	1448
192.168.7.25	91.207.175.194	0
91.207.175.194	192.168.7.25	1448
91.207.175.194	192.168.7.25	1448
91.207.175.194	192.168.7.25	244
192.168.7.25	91.207.175.194	1024
91.207.175.194	192.168.7.25	1448
91.207.175.194	192.168.7.25	1448
91.207.175.194	192.168.7.25	1448
192.168.7.25	91.207.175.194	0
192.168.7.25	91.207.175.194	0
91.207.175.194	192.168.7.25	1448
91.207.175.194	192.168.7.25	1448
192.168.7.25	91.207.175.194	0
192.168.7.25	91.207.175.194	0
91.207.175.194	192.168.7.25	1442
192.168.7.25	91.207.175.194	1024
91.207.175.194	192.168.7.25	1448
91.207.175.194	192.168.7.25	1448
91.207.175.194	192.168.7.25	1448
91.207.175.194	192.168.7.25	1448
192.168.7.25	91.207.175.194	0
91.207.175.194	192.168.7.25	1448
91.207.175.194	192.168.7.25	1448
91.207.175.194	192.168.7.25	824
192.168.7.25	91.207.175.194	1024
91.207.175.194	192.168.7.25	1448
91.207.175.194	192.168.7.25	1448
91.207.175.194	192.168.7.25	1448
192.168.7.25	91.207.175.194	0
192.168.7.25	91.207.175.194	0
91.207.175.194	192.168.7.25	1448
91.207.175.194	192.168.7.25	1448
91.207.175.194	192.168.7.25	1448
192.168.7.25	91.207.175.194	0
192.168.7.25	91.207.175.194	0
91.207.175.194	192.168.7.25	1448
91.207.175.194	192.168.7.25	1448
192.168.7.25	91.207.175.194	0
192.168.7.25	91.207.175.194	0
91.207.175.194	192.168.7.25	1448
91.207.175.194	192.168.7.25	1448
91.207.175.194	192.168.7.25	1448
91.207.175.194	192.168.7.25	1448
91.207.175.194	192.168.7.25	1448
91.207.175.194	192.168.7.25	1448
91.207.175.194	192.168.7.25	1448
91.207.175.194	192.168.7.25	1448
192.168.7.25	91.207.175.194	0
91.207.175.194	192.168.7.25	1448
91.207.175.194	192.168.7.25	1448
91.207.175.194	192.168.7.25	1448
91.207.175.194	192.168.7.25	1448
91.207.175.194	192.168.7.25	1448
91.207.175.194	192.168.7.25	1448
91.207.175.194	192.168.7.25	1448
91.207.175.194	192.168.7.25	1448
192.168.7.25	91.207.175.194	0
91.207.175.194	192.168.7.25	1448
91.207.175.194	192.168.7.25	1448
91.207.175.194	192.168.7.25	1448
91.207.175.194	192.168.7.25	1448
91.207.175.194	192.168.7.25	265
192.168.7.25	91.207.175.194	1024
91.207.175.194	192.168.7.25	1448
91.207.175.194	192.168.7.25	1448
91.207.175.194	192.168.7.25	1448
91.207.175.194	192.168.7.25	1448
91.207.175.194	192.168.7.25	1448
91.207.175.194	192.168.7.25	1448
91.207.175.194	192.168.7.25	1448
91.207.175.194	192.168.7.25	1448
192.168.7.25	91.207.175.194	0
91.207.175.194	192.168.7.25	1448
91.207.175.194	192.168.7.25	1448
91.207.175.194	192.168.7.25	1448
91.207.175.194	192.168.7.25	1448
91.207.175.194	192.168.7.25	688
192.168.7.25	91.207.175.194	1024
91.207.175.194	192.168.7.25	1448
91.207.175.194	192.168.7.25	1448
91.207.175.194	192.168.7.25	1448
192.168.7.25	91.207.175.194	0
192.168.7.25	91.207.175.194	0
91.207.175.194	192.168.7.25	1448
91.207.175.194	192.168.7.25	1448
192.168.7.25	91.207.175.194	0
192.168.7.25	91.207.175.194	0
91.207.175.194	192.168.7.25	1448
91.207.175.194	192.168.7.25	1448
192.168.7.25	91.207.175.194	0
91.207.175.194	192.168.7.25	1448
192.168.7.25	91.207.175.194	0
91.207.175.194	192.168.7.25	1448
91.207.175.194	192.168.7.25	1448
91.207.175.194	192.168.7.25	1448
91.207.175.194	192.168.7.25	1448
91.207.175.194	192.168.7.25	1448
91.207.175.194	192.168.7.25	1448
91.207.175.194	192.168.7.25	1448
91.207.175.194	192.168.7.25	1448
91.207.175.194	192.168.7.25	1448
192.168.7.25	91.207.175.194	0
91.207.175.194	192.168.7.25	1448
91.207.175.194	192.168.7.25	1448
91.207.175.194	192.168.7.25	1448
91.207.175.194	192.168.7.25	1448
91.207.175.194	192.168.7.25	1448
91.207.175.194	192.168.7.25	1448
91.207.175.194	192.168.7.25	1448
91.207.175.194	192.168.7.25	1448
192.168.7.25	91.207.175.194	0
91.207.175.194	192.168.7.25	1448
91.207.175.194	192.168.7.25	1448
91.207.175.194	192.168.7.25	1420
192.168.7.25	91.207.175.194	1024
91.207.175.194	192.168.7.25	1448
91.207.175.194	192.168.7.25	1448
91.207.175.194	192.168.7.25	1448
91.207.175.194	192.168.7.25	1448
91.207.175.194	192.168.7.25	1448
91.207.175.194	192.168.7.25	1448
91.207.175.194	192.168.7.25	1448
91.207.175.194	192.168.7.25	1448
91.207.175.194	192.168.7.25	1448
91.207.175.194	192.168.7.25	1448
192.168.7.25	91.207.175.194	0
91.207.175.194	192.168.7.25	1448
91.207.175.194	192.168.7.25	1448
91.207.175.194	192.168.7.25	1448
91.207.175.194	192.168.7.25	1448
91.207.175.194	192.168.7.25	1448
91.207.175.194	192.168.7.25	1448
91.207.175.194	192.168.7.25	1448
192.168.7.25	91.207.175.194	0
91.207.175.194	192.168.7.25	1448
91.207.175.194	192.168.7.25	1448
91.207.175.194	192.168.7.25	1448
91.207.175.194	192.168.7.25	1448
91.207.175.194	192.168.7.25	1448
91.207.175.194	192.168.7.25	1448
91.207.175.194	192.168.7.25	1448
91.207.175.194	192.168.7.25	1448
91.207.175.194	192.168.7.25	1448
192.168.7.25	91.207.175.194	0
91.207.175.194	192.168.7.25	1448
91.207.175.194	192.168.7.25	1448
91.207.175.194	192.168.7.25	1448
91.207.175.194	192.168.7.25	1448
91.207.175.194	192.168.7.25	1448
91.207.175.194	192.168.7.25	1448
192.168.7.25	91.207.175.194	0
192.168.7.25	91.207.175.194	0
91.207.175.194	192.168.7.25	750
192.168.7.25	91.207.175.194	1024
91.207.175.194	192.168.7.25	1448
91.207.175.194	192.168.7.25	1448
192.168.7.25	91.207.175.194	0
91.207.175.194	192.168.7.25	1448
192.168.7.25	91.207.175.194	0
91.207.175.194	192.168.7.25	1448
91.207.175.194	192.168.7.25	1448
91.207.175.194	192.168.7.25	1448
192.168.7.25	91.207.175.194	0
192.168.7.25	91.207.175.194	0
91.207.175.194	192.168.7.25	1448
91.207.175.194	192.168.7.25	1448
91.207.175.194	192.168.7.25	1448
91.207.175.194	192.168.7.25	1448
91.207.175.194	192.168.7.25	1448
91.207.175.194	192.168.7.25	1448
91.207.175.194	192.168.7.25	1448
91.207.175.194	192.168.7.25	1448
192.168.7.25	91.207.175.194	0
91.207.175.194	192.168.7.25	1448
91.207.175.194	192.168.7.25	1448
91.207.175.194	192.168.7.25	1448
91.207.175.194	192.168.7.25	1448
91.207.175.194	192.168.7.25	1448
91.207.175.194	192.168.7.25	1448
91.207.175.194	192.168.7.25	1448
91.207.175.194	192.168.7.25	1448
192.168.7.25	91.207.175.194	0
91.207.175.194	192.168.7.25	1448
91.207.175.194	192.168.7.25	1448
91.207.175.194	192.168.7.25	1448
91.207.175.194	192.168.7.25	1448
91.207.175.194	192.168.7.25	1448
91.207.175.194	192.168.7.25	1448
91.207.175.194	192.168.7.25	1448
91.207.175.194	192.168.7.25	1448
192.168.7.25	91.207.175.194	0
91.207.175.194	192.168.7.25	1448
91.207.175.194	192.168.7.25	1448
91.207.175.194	192.168.7.25	389
192.168.7.25	91.207.175.194	1024
91.207.175.194	192.168.7.25	1448
91.207.175.194	192.168.7.25	1448
91.207.175.194	192.168.7.25	1448
91.207.175.194	192.168.7.25	1448
91.207.175.194	192.168.7.25	1448
91.207.175.194	192.168.7.25	1448
91.207.175.194	192.168.7.25	1448
91.207.175.194	192.168.7.25	1448
91.207.175.194	192.168.7.25	1448
192.168.7.25	91.207.175.194	0
91.207.175.194	192.168.7.25	1448
91.207.175.194	192.168.7.25	1448
91.207.175.194	192.168.7.25	1448
91.207.175.194	192.168.7.25	1448
91.207.175.194	192.168.7.25	1448
91.207.175.194	192.168.7.25	1448
91.207.175.194	192.168.7.25	1448
192.168.7.25	91.207.175.194	0
91.207.175.194	192.168.7.25	1448
91.207.175.194	192.168.7.25	1448
91.207.175.194	192.168.7.25	1448
91.207.175.194	192.168.7.25	1448
91.207.175.194	192.168.7.25	1448
91.207.175.194	192.168.7.25	1448
91.207.175.194	192.168.7.25	1448
91.207.175.194	192.168.7.25	1448
91.207.175.194	192.168.7.25	1448
192.168.7.25	91.207.175.194	0
91.207.175.194	192.168.7.25	1448
91.207.175.194	192.168.7.25	1448
91.207.175.194	192.168.7.25	1448
91.207.175.194	192.168.7.25	1448
91.207.175.194	192.168.7.25	1418
91.207.175.194	192.168.7.25	1448
192.168.7.25	91.207.175.194	1024
91.207.175.194	192.168.7.25	1448
192.168.7.25	91.207.175.194	0
91.207.175.194	192.168.7.25	1448
91.207.175.194	192.168.7.25	1448
91.207.175.194	192.168.7.25	1448
192.168.7.25	91.207.175.194	0
192.168.7.25	91.207.175.194	0
91.207.175.194	192.168.7.25	1448
91.207.175.194	192.168.7.25	1448
192.168.7.25	91.207.175.194	0
91.207.175.194	192.168.7.25	1448
91.207.175.194	192.168.7.25	1448
192.168.7.25	91.207.175.194	0
192.168.7.25	91.207.175.194	0
91.207.175.194	192.168.7.25	1448
91.207.175.194	192.168.7.25	1448
91.207.175.194	192.168.7.25	1448
91.207.175.194	192.168.7.25	1448
91.207.175.194	192.168.7.25	1448
91.207.175.194	192.168.7.25	1448
91.207.175.194	192.168.7.25	1448
91.207.175.194	192.168.7.25	1448
192.168.7.25	91.207.175.194	0
91.207.175.194	192.168.7.25	1448
91.207.175.194	192.168.7.25	1448
91.207.175.194	192.168.7.25	1448
91.207.175.194	192.168.7.25	1448
91.207.175.194	192.168.7.25	1448
91.207.175.194	192.168.7.25	1448
91.207.175.194	192.168.7.25	1424
91.207.175.194	192.168.7.25	1448
192.168.7.25	91.207.175.194	1024
91.207.175.194	192.168.7.25	1448
91.207.175.194	192.168.7.25	1448
91.207.175.194	192.168.7.25	1448
91.207.175.194	192.168.7.25	1448
91.207.175.194	192.168.7.25	1448
91.207.175.194	192.168.7.25	1448
91.207.175.194	192.168.7.25	1448
91.207.175.194	192.168.7.25	1448
192.168.7.25	91.207.175.194	0
91.207.175.194	192.168.7.25	1448
91.207.175.194	192.168.7.25	1448
91.207.175.194	192.168.7.25	1448
91.207.175.194	192.168.7.25	1448
91.207.175.194	192.168.7.25	1448
91.207.175.194	192.168.7.25	1448
91.207.175.194	192.168.7.25	1448
91.207.175.194	192.168.7.25	1448
192.168.7.25	91.207.175.194	0
91.207.175.194	192.168.7.25	1448
91.207.175.194	192.168.7.25	1448
91.207.175.194	192.168.7.25	1448
91.207.175.194	192.168.7.25	1448
91.207.175.194	192.168.7.25	1448
91.207.175.194	192.168.7.25	1448
91.207.175.194	192.168.7.25	1424
192.168.7.25	91.207.175.194	1024
91.207.175.194	192.168.7.25	1448
91.207.175.194	192.168.7.25	1448
192.168.7.25	91.207.175.194	0
91.207.175.194	192.168.7.25	1448
192.168.7.25	91.207.175.194	0
91.207.175.194	192.168.7.25	1448
91.207.175.194	192.168.7.25	1448
192.168.7.25	91.207.175.194	0
192.168.7.25	91.207.175.194	0
91.207.175.194	192.168.7.25	1448
91.207.175.194	192.168.7.25	1448
192.168.7.25	91.207.175.194	0
91.207.175.194	192.168.7.25	1448
91.207.175.194	192.168.7.25	1448
91.207.175.194	192.168.7.25	1448
91.207.175.194	192.168.7.25	1448
91.207.175.194	192.168.7.25	1448
91.207.175.194	192.168.7.25	1448
91.207.175.194	192.168.7.25	1448
91.207.175.194	192.168.7.25	1448
192.168.7.25	91.207.175.194	0
91.207.175.194	192.168.7.25	1448
91.207.175.194	192.168.7.25	1448
91.207.175.194	192.168.7.25	1430
192.168.7.25	91.207.175.194	1024
91.207.175.194	192.168.7.25	1448
91.207.175.194	192.168.7.25	1448
91.207.175.194	192.168.7.25	1448
91.207.175.194	192.168.7.25	1448
91.207.175.194	192.168.7.25	1448
91.207.175.194	192.168.7.25	1448
91.207.175.194	192.168.7.25	1448
91.207.175.194	192.168.7.25	1448
192.168.7.25	91.207.175.194	0
91.207.175.194	192.168.7.25	1448
91.207.175.194	192.168.7.25	1448
91.207.175.194	192.168.7.25	1448
91.207.175.194	192.168.7.25	1448
91.207.175.194	192.168.7.25	850
192.168.7.25	91.207.175.194	1024
91.207.175.194	192.168.7.25	1448
91.207.175.194	192.168.7.25	1448
192.168.7.25	91.207.175.194	0
192.168.7.25	91.207.175.194	0
91.207.175.194	192.168.7.25	1448
91.207.175.194	192.168.7.25	1448
192.168.7.25	91.207.175.194	0
192.168.7.25	91.207.175.194	0
91.207.175.194	192.168.7.25	1448
91.207.175.194	192.168.7.25	1448
192.168.7.25	91.207.175.194	0
192.168.7.25	91.207.175.194	0
91.207.175.194	192.168.7.25	1448
91.207.175.194	192.168.7.25	1448
192.168.7.25	91.207.175.194	0
192.168.7.25	91.207.175.194	0
91.207.175.194	192.168.7.25	1448
91.207.175.194	192.168.7.25	1448
91.207.175.194	192.168.7.25	1448
91.207.175.194	192.168.7.25	1448
91.207.175.194	192.168.7.25	1448
91.207.175.194	192.168.7.25	1448
91.207.175.194	192.168.7.25	1448
91.207.175.194	192.168.7.25	1448
192.168.7.25	91.207.175.194	0
91.207.175.194	192.168.7.25	1448
91.207.175.194	192.168.7.25	1448
91.207.175.194	192.168.7.25	1448
91.207.175.194	192.168.7.25	1448
91.207.175.194	192.168.7.25	1448
91.207.175.194	192.168.7.25	1448
91.207.175.194	192.168.7.25	1448
91.207.175.194	192.168.7.25	1448
192.168.7.25	91.207.175.194	0
91.207.175.194	192.168.7.25	1448
91.207.175.194	192.168.7.25	1448
91.207.175.194	192.168.7.25	1448
91.207.175.194	192.168.7.25	1448
91.207.175.194	192.168.7.25	1448
91.207.175.194	192.168.7.25	1448
91.207.175.194	192.168.7.25	73
192.168.7.25	91.207.175.194	1024
91.207.175.194	192.168.7.25	1448
91.207.175.194	192.168.7.25	1448
91.207.175.194	192.168.7.25	1448
91.207.175.194	192.168.7.25	1448
91.207.175.194	192.168.7.25	1448
91.207.175.194	192.168.7.25	1448
91.207.175.194	192.168.7.25	1448
91.207.175.194	192.168.7.25	1448
91.207.175.194	192.168.7.25	1448
192.168.7.25	91.207.175.194	0
91.207.175.194	192.168.7.25	1448
91.207.175.194	192.168.7.25	1448
91.207.175.194	192.168.7.25	1448
91.207.175.194	192.168.7.25	1448
91.207.175.194	192.168.7.25	1448
91.207.175.194	192.168.7.25	1448
91.207.175.194	192.168.7.25	1448
91.207.175.194	192.168.7.25	1448
91.207.175.194	192.168.7.25	1448
91.207.175.194	192.168.7.25	1448
192.168.7.25	91.207.175.194	0
91.207.175.194	192.168.7.25	1448
91.207.175.194	192.168.7.25	1448
91.207.175.194	192.168.7.25	1448
91.207.175.194	192.168.7.25	1448
91.207.175.194	192.168.7.25	1448
91.207.175.194	192.168.7.25	1448
192.168.7.25	91.207.175.194	0
91.207.175.194	192.168.7.25	1448
91.207.175.194	192.168.7.25	1448
91.207.175.194	192.168.7.25	1448
91.207.175.194	192.168.7.25	1448
91.207.175.194	192.168.7.25	1448
91.207.175.194	192.168.7.25	1448
91.207.175.194	192.168.7.25	1416
91.207.175.194	192.168.7.25	1448
192.168.7.25	91.207.175.194	1024
91.207.175.194	192.168.7.25	1448
91.207.175.194	192.168.7.25	1448
91.207.175.194	192.168.7.25	1448
192.168.7.25	91.207.175.194	0
91.207.175.194	192.168.7.25	1448
192.168.7.25	91.207.175.194	0
91.207.175.194	192.168.7.25	1448
91.207.175.194	192.168.7.25	1448
192.168.7.25	91.207.175.194	0
192.168.7.25	91.207.175.194	0
91.207.175.194	192.168.7.25	1448
91.207.175.194	192.168.7.25	1448
192.168.7.25	91.207.175.194	0
192.168.7.25	91.207.175.194	0
91.207.175.194	192.168.7.25	1448
91.207.175.194	192.168.7.25	1448
192.168.7.25	91.207.175.194	0
192.168.7.25	91.207.175.194	0
91.207.175.194	192.168.7.25	1448
91.207.175.194	192.168.7.25	1448
91.207.175.194	192.168.7.25	1448
91.207.175.194	192.168.7.25	1448
91.207.175.194	192.168.7.25	1448
91.207.175.194	192.168.7.25	1448
91.207.175.194	192.168.7.25	1448
91.207.175.194	192.168.7.25	1448
192.168.7.25	91.207.175.194	0
91.207.175.194	192.168.7.25	1448
91.207.175.194	192.168.7.25	1448
91.207.175.194	192.168.7.25	1448
91.207.175.194	192.168.7.25	1448
91.207.175.194	192.168.7.25	1448
91.207.175.194	192.168.7.25	1448
91.207.175.194	192.168.7.25	1448
91.207.175.194	192.168.7.25	1448
192.168.7.25	91.207.175.194	0
91.207.175.194	192.168.7.25	1448
91.207.175.194	192.168.7.25	1448
91.207.175.194	192.168.7.25	1448
91.207.175.194	192.168.7.25	1448
91.207.175.194	192.168.7.25	1448
91.207.175.194	192.168.7.25	1448
91.207.175.194	192.168.7.25	1448
91.207.175.194	192.168.7.25	1448
192.168.7.25	91.207.175.194	0
91.207.175.194	192.168.7.25	1448
91.207.175.194	192.168.7.25	1448
91.207.175.194	192.168.7.25	1410
192.168.7.25	91.207.175.194	1024
192.168.7.25	91.207.175.194	0
91.207.175.194	192.168.7.25	1448
91.207.175.194	192.168.7.25	1448
91.207.175.194	192.168.7.25	1448
91.207.175.194	192.168.7.25	1448
91.207.175.194	192.168.7.25	1448
91.207.175.194	192.168.7.25	1448
91.207.175.194	192.168.7.25	1448
91.207.175.194	192.168.7.25	1448
192.168.7.25	91.207.175.194	0
91.207.175.194	192.168.7.25	1448
91.207.175.194	192.168.7.25	1448
91.207.175.194	192.168.7.25	1448
91.207.175.194	192.168.7.25	1448
91.207.175.194	192.168.7.25	1448
91.207.175.194	192.168.7.25	1448
91.207.175.194	192.168.7.25	1448
91.207.175.194	192.168.7.25	1448
192.168.7.25	91.207.175.194	0
91.207.175.194	192.168.7.25	1448
91.207.175.194	192.168.7.25	1448
91.207.175.194	192.168.7.25	1448
91.207.175.194	192.168.7.25	1448
91.207.175.194	192.168.7.25	1448
91.207.175.194	192.168.7.25	1448
91.207.175.194	192.168.7.25	1448
91.207.175.194	192.168.7.25	1448
192.168.7.25	91.207.175.194	0
91.207.175.194	192.168.7.25	1448
91.207.175.194	192.168.7.25	1448
91.207.175.194	192.168.7.25	1448
91.207.175.194	192.168.7.25	1448
91.207.175.194	192.168.7.25	1448
91.207.175.194	192.168.7.25	1448
91.207.175.194	192.168.7.25	1448
91.207.175.194	192.168.7.25	1448
192.168.7.25	91.207.175.194	0
91.207.175.194	192.168.7.25	1448
91.207.175.194	192.168.7.25	1448
91.207.175.194	192.168.7.25	1448
91.207.175.194	192.168.7.25	1448
91.207.175.194	192.168.7.25	1448
91.207.175.194	192.168.7.25	1448
91.207.175.194	192.168.7.25	1448
91.207.175.194	192.168.7.25	1448
192.168.7.25	91.207.175.194	0
91.207.175.194	192.168.7.25	1448
91.207.175.194	192.168.7.25	1448
91.207.175.194	192.168.7.25	1448
91.207.175.194	192.168.7.25	1448
91.207.175.194	192.168.7.25	59
192.168.7.25	91.207.175.194	1024
192.168.7.25	91.207.175.194	0
91.207.175.194	192.168.7.25	1448
91.207.175.194	192.168.7.25	1448
91.207.175.194	192.168.7.25	1448
91.207.175.194	192.168.7.25	1448
91.207.175.194	192.168.7.25	1448
91.207.175.194	192.168.7.25	1448
91.207.175.194	192.168.7.25	1448
91.207.175.194	192.168.7.25	1448
91.207.175.194	192.168.7.25	1448
192.168.7.25	91.207.175.194	0
91.207.175.194	192.168.7.25	1448
91.207.175.194	192.168.7.25	1448
192.168.7.25	91.207.175.194	0
192.168.7.25	91.207.175.194	0
91.207.175.194	192.168.7.25	1448
91.207.175.194	192.168.7.25	1448
91.207.175.194	192.168.7.25	1448
192.168.7.25	91.207.175.194	0
91.207.175.194	192.168.7.25	1448
91.207.175.194	192.168.7.25	1448
91.207.175.194	192.168.7.25	1448
91.207.175.194	192.168.7.25	1448
91.207.175.194	192.168.7.25	1448
91.207.175.194	192.168.7.25	1448
91.207.175.194	192.168.7.25	1448
192.168.7.25	91.207.175.194	0
192.168.7.25	91.207.175.194	0
91.207.175.194	192.168.7.25	1448
91.207.175.194	192.168.7.25	1448
91.207.175.194	192.168.7.25	1448
91.207.175.194	192.168.7.25	1448
192.168.7.25	91.207.175.194	0
91.207.175.194	192.168.7.25	1448
91.207.175.194	192.168.7.25	1448
91.207.175.194	192.168.7.25	1448
91.207.175.194	192.168.7.25	1448
91.207.175.194	192.168.7.25	1448
91.207.175.194	192.168.7.25	1448
91.207.175.194	192.168.7.25	1448
91.207.175.194	192.168.7.25	1448
192.168.7.25	91.207.175.194	0
91.207.175.194	192.168.7.25	1448
91.207.175.194	192.168.7.25	1448
91.207.175.194	192.168.7.25	1448
91.207.175.194	192.168.7.25	1448
91.207.175.194	192.168.7.25	1448
91.207.175.194	192.168.7.25	1448
91.207.175.194	192.168.7.25	1448
91.207.175.194	192.168.7.25	1448
192.168.7.25	91.207.175.194	0
91.207.175.194	192.168.7.25	1448
91.207.175.194	192.168.7.25	1448
91.207.175.194	192.168.7.25	1448
91.207.175.194	192.168.7.25	459
192.168.7.25	91.207.175.194	1024
91.207.175.194	192.168.7.25	615
192.168.7.25	91.207.175.194	1024
91.207.175.194	192.168.7.25	1448
91.207.175.194	192.168.7.25	1448
91.207.175.194	192.168.7.25	1448
192.168.7.25	91.207.175.194	0
192.168.7.25	91.207.175.194	0
91.207.175.194	192.168.7.25	1448
91.207.175.194	192.168.7.25	1448
91.207.175.194	192.168.7.25	1448
192.168.7.25	91.207.175.194	0
192.168.7.25	91.207.175.194	0
91.207.175.194	192.168.7.25	1441
192.168.7.25	91.207.175.194	1024
91.207.175.194	192.168.7.25	1448
91.207.175.194	192.168.7.25	1448
192.168.7.25	91.207.175.194	0
192.168.7.25	91.207.175.194	0
91.207.175.194	192.168.7.25	1448
91.207.175.194	192.168.7.25	1448
91.207.175.194	192.168.7.25	99
192.168.7.25	91.207.175.194	1024
192.168.7.25	91.207.175.194	0
91.207.175.194	192.168.7.25	1448
91.207.175.194	192.168.7.25	1448
91.207.175.194	192.168.7.25	1448
192.168.7.25	91.207.175.194	0
192.168.7.25	91.207.175.194	0
91.207.175.194	192.168.7.25	1444
192.168.7.25	91.207.175.194	1024
91.207.175.194	192.168.7.25	1448
91.207.175.194	192.168.7.25	1448
91.207.175.194	192.168.7.25	1448
91.207.175.194	192.168.7.25	1448
192.168.7.25	91.207.175.194	0
192.168.7.25	91.207.175.194	0
192.168.7.25	91.207.175.194	0
91.207.175.194	192.168.7.25	1443
192.168.7.25	91.207.175.194	1024
91.207.175.194	192.168.7.25	1448
91.207.175.194	192.168.7.25	1448
192.168.7.25	91.207.175.194	0
192.168.7.25	91.207.175.194	0
91.207.175.194	192.168.7.25	204
192.168.7.25	91.207.175.194	1024
91.207.175.194	192.168.7.25	1448
91.207.175.194	192.168.7.25	1448
192.168.7.25	91.207.175.194	0
192.168.7.25	91.207.175.194	0
91.207.175.194	192.168.7.25	1448
91.207.175.194	192.168.7.25	1448
192.168.7.25	91.207.175.194	0
91.207.175.194	192.168.7.25	1448
192.168.7.25	91.207.175.194	0
91.207.175.194	192.168.7.25	1448
91.207.175.194	192.168.7.25	1448
91.207.175.194	192.168.7.25	490
192.168.7.25	91.207.175.194	1024
91.207.175.194	192.168.7.25	1448
91.207.175.194	192.168.7.25	1448
91.207.175.194	192.168.7.25	1448
192.168.7.25	91.207.175.194	0
91.207.175.194	192.168.7.25	1448
192.168.7.25	91.207.175.194	0
91.207.175.194	192.168.7.25	959
192.168.7.25	91.207.175.194	1024
91.207.175.194	192.168.7.25	1448
91.207.175.194	192.168.7.25	1448
192.168.7.25	91.207.175.194	0
91.207.175.194	192.168.7.25	1448
192.168.7.25	91.207.175.194	0
91.207.175.194	192.168.7.25	988
91.207.175.194	192.168.7.25	1448
192.168.7.25	91.207.175.194	1024
91.207.175.194	192.168.7.25	752
192.168.7.25	91.207.175.194	1024
91.207.175.194	192.168.7.25	1448
91.207.175.194	192.168.7.25	800
192.168.7.25	91.207.175.194	1024
91.207.175.194	192.168.7.25	206
192.168.7.25	91.207.175.194	137
91.207.175.194	192.168.7.25	0
91.207.175.194	192.168.7.25	167
192.168.7.25	91.207.175.194	0
91.207.175.194	192.168.7.25	675
192.168.7.25	91.207.175.194	0
91.207.175.194	192.168.7.25	215
192.168.7.25	91.207.175.194	0
91.207.175.194	192.168.7.25	119
192.168.7.25	91.207.175.194	0
91.207.175.194	192.168.7.25	103
192.168.7.25	91.207.175.194	0
91.207.175.194	192.168.7.25	167
192.168.7.25	91.207.175.194	0
91.207.175.194	192.168.7.25	1447
192.168.7.25	91.207.175.194	0
91.207.175.194	192.168.7.25	103
192.168.7.25	91.207.175.194	0
91.207.175.194	192.168.7.25	167
192.168.7.25	91.207.175.194	0
