34.242.245.114	192.168.7.25	31
52.41.251.72	192.168.7.25	62
96.16.209.82	192.168.7.25	31
96.16.209.82	192.168.7.25	1348
34.210.145.79	192.168.7.25	424
96.16.209.82	192.168.7.25	1348
52.41.251.72	192.168.7.25	62
192.168.7.25	23.63.253.147	0
23.63.253.147	192.168.7.25	0
192.168.7.25	23.63.253.147	0
192.168.7.25	23.63.253.147	302
192.168.7.25	34.242.245.114	0
23.63.253.147	192.168.7.25	0
23.63.253.147	192.168.7.25	384
192.168.7.25	23.63.253.147	0
34.210.145.79	192.168.7.25	31
34.242.245.114	192.168.7.25	0
192.168.7.25	34.242.245.114	0
192.168.7.25	34.242.245.114	517
192.168.7.25	52.41.251.72	0
192.168.7.25	54.192.121.148	0
52.41.251.72	192.168.7.25	0
192.168.7.25	52.41.251.72	0
192.168.7.25	52.41.251.72	517
54.192.121.148	192.168.7.25	0
192.168.7.25	54.192.121.148	0
192.168.7.25	54.192.121.148	517
54.192.121.148	192.168.7.25	0
54.192.121.148	192.168.7.25	1448
54.192.121.148	192.168.7.25	1448
192.168.7.25	54.192.121.148	0
54.192.121.148	192.168.7.25	1448
54.192.121.148	192.168.7.25	58
192.168.7.25	54.192.121.148	0
192.168.7.25	54.192.121.148	126
192.168.7.25	54.192.121.148	378
34.242.245.114	192.168.7.25	0
34.242.245.114	192.168.7.25	1448
34.242.245.114	192.168.7.25	1448
34.242.245.114	192.168.7.25	496
192.168.7.25	34.242.245.114	0
192.168.7.25	34.242.245.114	0
192.168.7.25	34.242.245.114	126
34.242.245.114	192.168.7.25	0
192.168.7.25	72.21.91.29	0
54.192.121.148	192.168.7.25	0
54.192.121.148	192.168.7.25	0
54.192.121.148	192.168.7.25	242
192.168.7.25	54.192.121.148	0
54.192.121.148	192.168.7.25	826
192.168.7.25	54.192.121.148	0
192.168.7.25	54.192.121.148	349
52.41.251.72	192.168.7.25	0
52.41.251.72	192.168.7.25	1448
72.21.91.29	192.168.7.25	0
52.41.251.72	192.168.7.25	1448
52.41.251.72	192.168.7.25	522
192.168.7.25	72.21.91.29	0
192.168.7.25	52.41.251.72	0
192.168.7.25	52.41.251.72	0
192.168.7.25	52.41.251.72	126
192.168.7.25	72.21.91.29	385
192.168.7.25	72.21.91.29	0
54.192.121.148	192.168.7.25	658
192.168.7.25	54.192.121.148	0
54.192.121.148	192.168.7.25	1448
54.192.121.148	192.168.7.25	1448
54.192.121.148	192.168.7.25	1448
54.192.121.148	192.168.7.25	1448
192.168.7.25	54.192.121.148	0
192.168.7.25	54.192.121.148	0
192.168.7.25	54.192.121.148	0
192.168.7.25	23.63.253.147	0
54.192.121.148	192.168.7.25	1448
54.192.121.148	192.168.7.25	1448
54.192.121.148	192.168.7.25	1448
192.168.7.25	54.192.121.148	0
192.168.7.25	54.192.121.148	0
54.192.121.148	192.168.7.25	1448
54.192.121.148	192.168.7.25	1071
192.168.7.25	54.192.121.148	0
192.168.7.25	54.192.121.148	31
192.168.7.25	54.192.121.148	0
72.21.91.29	192.168.7.25	0
72.21.91.29	192.168.7.25	788
192.168.7.25	72.21.91.29	0
192.168.7.25	72.21.91.29	0
72.21.91.29	192.168.7.25	0
192.168.7.25	72.21.91.29	0
192.168.7.25	72.21.91.29	385
23.63.253.147	192.168.7.25	0
192.168.7.25	23.63.253.147	0
54.192.121.148	192.168.7.25	0
192.168.7.25	54.192.121.148	0
34.210.145.79	192.168.7.25	31
192.168.7.25	34.242.245.114	391
72.21.91.29	192.168.7.25	0
192.168.7.25	72.21.91.29	0
72.21.91.29	192.168.7.25	0
72.21.91.29	192.168.7.25	788
192.168.7.25	72.21.91.29	0
192.168.7.25	52.41.251.72	557
52.41.251.72	192.168.7.25	51
192.168.7.25	52.41.251.72	0
34.242.245.114	192.168.7.25	31
34.242.245.114	192.168.7.25	51
192.168.7.25	34.242.245.114	0
192.168.7.25	72.21.91.29	0
72.21.91.29	192.168.7.25	0
192.168.7.25	72.21.91.29	0
52.41.251.72	192.168.7.25	0
34.242.245.114	192.168.7.25	311
192.168.7.25	34.242.245.114	0
192.168.7.25	34.242.245.114	31
192.168.7.25	34.242.245.114	0
192.168.7.25	34.210.145.79	0
192.168.7.25	208.80.153.224	0
192.168.7.25	96.16.209.82	0
192.168.7.25	96.16.209.82	0
96.16.209.82	192.168.7.25	0
96.16.209.82	192.168.7.25	0
208.80.153.224	192.168.7.25	0
192.168.7.25	208.80.153.224	0
192.168.7.25	96.16.209.82	0
192.168.7.25	96.16.209.82	0
192.168.7.25	208.80.153.224	517
192.168.7.25	96.16.209.82	517
192.168.7.25	96.16.209.82	517
96.16.209.82	192.168.7.25	0
96.16.209.82	192.168.7.25	0
208.80.153.224	192.168.7.25	0
208.80.153.224	192.168.7.25	1448
208.80.153.224	192.168.7.25	1448
208.80.153.224	192.168.7.25	1200
208.80.153.224	192.168.7.25	1014
192.168.7.25	208.80.153.224	0
192.168.7.25	208.80.153.224	0
192.168.7.25	208.80.153.224	0
192.168.7.25	208.80.153.224	0
96.16.209.82	192.168.7.25	1448
96.16.209.82	192.168.7.25	1448
96.16.209.82	192.168.7.25	88
192.168.7.25	96.16.209.82	0
192.168.7.25	96.16.209.82	0
192.168.7.25	208.80.153.224	85
96.16.209.82	192.168.7.25	1448
96.16.209.82	192.168.7.25	1448
96.16.209.82	192.168.7.25	88
192.168.7.25	96.16.209.82	0
192.168.7.25	96.16.209.82	0
192.168.7.25	96.16.209.82	126
192.168.7.25	208.80.153.224	169
192.168.7.25	208.80.153.224	256
192.168.7.25	96.16.209.82	126
192.168.7.25	72.21.91.29	0
192.168.7.25	72.21.91.29	0
34.210.145.79	192.168.7.25	0
192.168.7.25	34.210.145.79	0
192.168.7.25	34.210.145.79	517
96.16.209.82	192.168.7.25	290
208.80.153.224	192.168.7.25	0
208.80.153.224	192.168.7.25	43
208.80.153.224	192.168.7.25	70
192.168.7.25	208.80.153.224	0
192.168.7.25	208.80.153.224	0
192.168.7.25	96.16.209.82	0
192.168.7.25	208.80.153.224	30
208.80.153.224	192.168.7.25	1321
192.168.7.25	208.80.153.224	0
208.80.153.224	192.168.7.25	1321
208.80.153.224	192.168.7.25	1321
208.80.153.224	192.168.7.25	1448
208.80.153.224	192.168.7.25	1194
192.168.7.25	52.3.54.160	0
192.168.7.25	208.80.153.224	0
192.168.7.25	208.80.153.224	0
192.168.7.25	208.80.153.224	0
192.168.7.25	208.80.153.224	0
208.80.153.224	192.168.7.25	1448
208.80.153.224	192.168.7.25	1448
208.80.153.224	192.168.7.25	1448
208.80.153.224	192.168.7.25	612
208.80.153.224	192.168.7.25	30
192.168.7.25	208.80.153.224	0
192.168.7.25	208.80.153.224	0
192.168.7.25	208.80.153.224	0
192.168.7.25	208.80.153.224	0
96.16.209.82	192.168.7.25	290
192.168.7.25	96.16.209.82	0
72.21.91.29	192.168.7.25	0
72.21.91.29	192.168.7.25	0
192.168.7.25	72.21.91.29	0
192.168.7.25	72.21.91.29	0
192.168.7.25	72.21.91.29	385
192.168.7.25	72.21.91.29	385
52.41.251.72	192.168.7.25	158
192.168.7.25	52.41.251.72	0
34.242.245.114	192.168.7.25	31
34.242.245.114	192.168.7.25	0
34.242.245.114	192.168.7.25	0
192.168.7.25	34.242.245.114	0
72.21.91.29	192.168.7.25	0
72.21.91.29	192.168.7.25	0
72.21.91.29	192.168.7.25	788
192.168.7.25	72.21.91.29	0
72.21.91.29	192.168.7.25	788
192.168.7.25	72.21.91.29	0
52.3.54.160	192.168.7.25	0
192.168.7.25	96.16.209.82	177
192.168.7.25	52.3.54.160	0
192.168.7.25	96.16.209.82	277
192.168.7.25	52.3.54.160	183
192.168.7.25	52.41.251.72	93
192.168.7.25	96.16.209.82	194
192.168.7.25	96.16.209.82	157
192.168.7.25	208.80.153.224	400
192.168.7.25	208.80.153.224	116
192.168.7.25	208.80.153.224	120
192.168.7.25	208.80.153.224	108
192.168.7.25	208.80.153.224	102
192.168.7.25	208.80.153.224	94
192.168.7.25	208.80.153.240	0
208.80.153.224	192.168.7.25	0
34.210.145.79	192.168.7.25	0
34.210.145.79	192.168.7.25	0
34.210.145.79	192.168.7.25	1448
34.210.145.79	192.168.7.25	1448
34.210.145.79	192.168.7.25	118
192.168.7.25	34.210.145.79	0
192.168.7.25	34.210.145.79	0
192.168.7.25	34.210.145.79	126
192.168.7.25	72.21.91.29	385
96.16.209.82	192.168.7.25	0
96.16.209.82	192.168.7.25	77
192.168.7.25	96.16.209.82	0
192.168.7.25	96.16.209.82	38
96.16.209.82	192.168.7.25	77
192.168.7.25	96.16.209.82	0
192.168.7.25	96.16.209.82	31
192.168.7.25	96.16.209.82	0
208.80.153.224	192.168.7.25	0
208.80.153.224	192.168.7.25	0
208.80.153.224	192.168.7.25	0
208.80.153.224	192.168.7.25	1321
208.80.153.224	192.168.7.25	1321
208.80.153.224	192.168.7.25	1321
192.168.7.25	208.80.153.224	0
192.168.7.25	208.80.153.224	0
192.168.7.25	208.80.153.224	0
192.168.7.25	208.80.153.224	0
208.80.153.224	192.168.7.25	1448
208.80.153.224	192.168.7.25	1194
192.168.7.25	208.80.153.224	0
208.80.153.224	192.168.7.25	1448
208.80.153.224	192.168.7.25	1194
208.80.153.224	192.168.7.25	1448
208.80.153.224	192.168.7.25	1448
192.168.7.25	208.80.153.224	0
192.168.7.25	208.80.153.224	0
192.168.7.25	208.80.153.224	0
208.80.153.224	192.168.7.25	1448
208.80.153.224	192.168.7.25	1448
192.168.7.25	208.80.153.224	0
192.168.7.25	208.80.153.224	0
208.80.153.224	192.168.7.25	1448
208.80.153.224	192.168.7.25	1448
192.168.7.25	208.80.153.224	0
192.168.7.25	208.80.153.224	0
208.80.153.224	192.168.7.25	1448
208.80.153.224	192.168.7.25	1448
192.168.7.25	208.80.153.224	0
192.168.7.25	208.80.153.224	0
208.80.153.224	192.168.7.25	1448
208.80.153.224	192.168.7.25	1448
192.168.7.25	208.80.153.224	0
192.168.7.25	208.80.153.224	0
208.80.153.224	192.168.7.25	1448
208.80.153.224	192.168.7.25	1448
192.168.7.25	208.80.153.224	0
192.168.7.25	208.80.153.224	0
208.80.153.224	192.168.7.25	1448
208.80.153.224	192.168.7.25	1448
96.16.209.82	192.168.7.25	1053
96.16.209.82	192.168.7.25	1053
96.16.209.82	192.168.7.25	1448
192.168.7.25	208.80.153.224	0
192.168.7.25	96.16.209.82	0
192.168.7.25	96.16.209.82	0
192.168.7.25	96.16.209.82	0
96.16.209.82	192.168.7.25	658
96.16.209.82	192.168.7.25	1448
96.16.209.82	192.168.7.25	1448
96.16.209.82	192.168.7.25	1448
208.80.153.224	192.168.7.25	1448
192.168.7.25	96.16.209.82	0
192.168.7.25	96.16.209.82	0
96.16.209.82	192.168.7.25	1448
192.168.7.25	96.16.209.82	0
192.168.7.25	208.80.153.224	0
192.168.7.25	96.16.209.82	0
208.80.153.224	192.168.7.25	1448
96.16.209.82	192.168.7.25	1448
96.16.209.82	192.168.7.25	1184
96.16.209.82	192.168.7.25	1448
96.16.209.82	192.168.7.25	1448
96.16.209.82	192.168.7.25	1316
96.16.209.82	192.168.7.25	1448
96.16.209.82	192.168.7.25	658
192.168.7.25	96.16.209.82	0
192.168.7.25	96.16.209.82	0
192.168.7.25	96.16.209.82	0
192.168.7.25	96.16.209.82	0
192.168.7.25	96.16.209.82	0
192.168.7.25	96.16.209.82	0
208.80.153.240	192.168.7.25	0
208.80.153.224	192.168.7.25	1448
208.80.153.224	192.168.7.25	1448
96.16.209.82	192.168.7.25	1448
192.168.7.25	208.80.153.240	0
192.168.7.25	208.80.153.224	0
192.168.7.25	208.80.153.224	0
192.168.7.25	96.16.209.82	0
192.168.7.25	208.80.153.240	517
72.21.91.29	192.168.7.25	788
208.80.153.224	192.168.7.25	1448
192.168.7.25	72.21.91.29	0
192.168.7.25	34.210.145.79	365
52.3.54.160	192.168.7.25	0
52.3.54.160	192.168.7.25	1448
52.3.54.160	192.168.7.25	1448
192.168.7.25	52.3.54.160	0
52.3.54.160	192.168.7.25	1448
52.3.54.160	192.168.7.25	1057
96.16.209.82	192.168.7.25	0
192.168.7.25	96.16.209.82	0
192.168.7.25	52.3.54.160	0
192.168.7.25	52.3.54.160	614
96.16.209.82	192.168.7.25	31
208.80.153.224	192.168.7.25	1448
208.80.153.224	192.168.7.25	1448
208.80.153.224	192.168.7.25	1448
192.168.7.25	208.80.153.224	0
192.168.7.25	208.80.153.224	0
192.168.7.25	96.16.209.82	0
192.168.7.25	208.80.153.224	0
208.80.153.224	192.168.7.25	1448
208.80.153.224	192.168.7.25	1448
208.80.153.224	192.168.7.25	1448
192.168.7.25	208.80.153.224	0
192.168.7.25	208.80.153.224	0
208.80.153.224	192.168.7.25	1448
208.80.153.224	192.168.7.25	1448
192.168.7.25	208.80.153.224	0
192.168.7.25	208.80.153.224	0
208.80.153.224	192.168.7.25	1448
208.80.153.224	192.168.7.25	1448
192.168.7.25	208.80.153.224	0
192.168.7.25	208.80.153.224	0
208.80.153.224	192.168.7.25	1448
208.80.153.224	192.168.7.25	1448
208.80.153.224	192.168.7.25	1448
192.168.7.25	208.80.153.224	0
192.168.7.25	208.80.153.224	0
208.80.153.224	192.168.7.25	1448
96.16.209.82	192.168.7.25	0
96.16.209.82	192.168.7.25	1448
96.16.209.82	192.168.7.25	1448
96.16.209.82	192.168.7.25	1448
96.16.209.82	192.168.7.25	1448
96.16.209.82	192.168.7.25	1448
192.168.7.25	96.16.209.82	0
192.168.7.25	96.16.209.82	0
192.168.7.25	96.16.209.82	0
96.16.209.82	192.168.7.25	1448
208.80.153.224	192.168.7.25	1448
208.80.153.224	192.168.7.25	267
192.168.7.25	208.80.153.224	0
192.168.7.25	208.80.153.224	0
192.168.7.25	96.16.209.82	0
96.16.209.82	192.168.7.25	1448
96.16.209.82	192.168.7.25	1448
96.16.209.82	192.168.7.25	1448
96.16.209.82	192.168.7.25	1448
96.16.209.82	192.168.7.25	1448
192.168.7.25	96.16.209.82	0
192.168.7.25	96.16.209.82	0
192.168.7.25	96.16.209.82	0
96.16.209.82	192.168.7.25	860
208.80.153.240	192.168.7.25	0
208.80.153.240	192.168.7.25	0
208.80.153.240	192.168.7.25	1448
192.168.7.25	96.16.209.82	0
208.80.153.240	192.168.7.25	1448
208.80.153.240	192.168.7.25	1200
208.80.153.240	192.168.7.25	1012
192.168.7.25	208.80.153.240	0
192.168.7.25	208.80.153.240	0
192.168.7.25	208.80.153.240	0
192.168.7.25	208.80.153.240	0
192.168.7.25	208.80.153.240	85
192.168.7.25	208.80.153.240	169
192.168.7.25	208.80.153.240	273
96.16.209.82	192.168.7.25	0
192.168.7.25	96.16.209.82	140
96.16.209.82	192.168.7.25	31
192.168.7.25	208.80.153.224	905
192.168.7.25	208.80.153.224	197
192.168.7.25	208.80.153.240	161
192.168.7.25	208.80.153.224	334
192.168.7.25	208.80.153.224	92
52.41.251.72	192.168.7.25	0
208.80.153.240	192.168.7.25	43
208.80.153.240	192.168.7.25	61
208.80.153.240	192.168.7.25	30
192.168.7.25	208.80.153.240	0
192.168.7.25	208.80.153.240	0
192.168.7.25	208.80.153.240	0
192.168.7.25	208.80.153.240	30
52.41.251.72	192.168.7.25	144
192.168.7.25	52.41.251.72	0
208.80.153.240	192.168.7.25	1321
208.80.153.240	192.168.7.25	1321
208.80.153.240	192.168.7.25	1321
208.80.153.240	192.168.7.25	1448
192.168.7.25	208.80.153.240	0
192.168.7.25	208.80.153.240	0
192.168.7.25	208.80.153.240	0
192.168.7.25	208.80.153.240	0
208.80.153.240	192.168.7.25	1194
208.80.153.240	192.168.7.25	1448
208.80.153.240	192.168.7.25	929
192.168.7.25	208.80.153.240	0
192.168.7.25	208.80.153.240	0
192.168.7.25	208.80.153.240	0
208.80.153.240	192.168.7.25	30
192.168.7.25	208.80.153.240	0
208.80.153.224	192.168.7.25	1448
208.80.153.224	192.168.7.25	1448
208.80.153.224	192.168.7.25	1221
96.16.209.82	192.168.7.25	521
192.168.7.25	208.80.153.224	0
192.168.7.25	208.80.153.224	0
192.168.7.25	96.16.209.82	0
192.168.7.25	208.80.153.224	0
208.80.153.224	192.168.7.25	1448
208.80.153.224	192.168.7.25	1448
208.80.153.224	192.168.7.25	1221
208.80.153.224	192.168.7.25	1448
208.80.153.224	192.168.7.25	1448
208.80.153.224	192.168.7.25	1221
208.80.153.224	192.168.7.25	1448
192.168.7.25	208.80.153.224	0
192.168.7.25	208.80.153.224	0
192.168.7.25	208.80.153.224	0
192.168.7.25	208.80.153.224	0
208.80.153.224	192.168.7.25	1448
208.80.153.224	192.168.7.25	1448
208.80.153.224	192.168.7.25	1448
208.80.153.224	192.168.7.25	1448
208.80.153.224	192.168.7.25	1448
192.168.7.25	208.80.153.224	0
192.168.7.25	208.80.153.224	0
192.168.7.25	208.80.153.224	0
208.80.153.224	192.168.7.25	1448
208.80.153.224	192.168.7.25	1448
208.80.153.224	192.168.7.25	1448
208.80.153.240	192.168.7.25	899
208.80.153.224	192.168.7.25	1448
208.80.153.224	192.168.7.25	1448
208.80.153.240	192.168.7.25	30
192.168.7.25	208.80.153.224	0
192.168.7.25	208.80.153.240	0
192.168.7.25	208.80.153.224	0
192.168.7.25	208.80.153.240	0
192.168.7.25	208.80.153.224	0
208.80.153.224	192.168.7.25	1448
208.80.153.224	192.168.7.25	1448
208.80.153.224	192.168.7.25	1448
52.3.54.160	192.168.7.25	91
208.80.153.224	192.168.7.25	1448
208.80.153.224	192.168.7.25	1448
208.80.153.224	192.168.7.25	0
208.80.153.224	192.168.7.25	1448
208.80.153.224	192.168.7.25	1448
34.210.145.79	192.168.7.25	51
192.168.7.25	208.80.153.224	0
192.168.7.25	208.80.153.224	0
192.168.7.25	208.80.153.224	0
192.168.7.25	52.3.54.160	0
192.168.7.25	208.80.153.224	0
192.168.7.25	208.80.153.224	0
192.168.7.25	34.210.145.79	0
208.80.153.224	192.168.7.25	1448
208.80.153.224	192.168.7.25	1448
208.80.153.224	192.168.7.25	1448
208.80.153.224	192.168.7.25	1448
208.80.153.224	192.168.7.25	1448
208.80.153.224	192.168.7.25	1448
192.168.7.25	208.80.153.224	0
208.80.153.224	192.168.7.25	1448
208.80.153.224	192.168.7.25	1448
208.80.153.224	192.168.7.25	1448
192.168.7.25	208.80.153.224	0
192.168.7.25	208.80.153.224	0
192.168.7.25	208.80.153.224	0
192.168.7.25	208.80.153.224	0
192.168.7.25	208.80.153.224	0
192.168.7.25	208.80.153.224	0
192.168.7.25	208.80.153.224	0
208.80.153.224	192.168.7.25	1448
208.80.153.224	192.168.7.25	1448
208.80.153.224	192.168.7.25	1448
192.168.7.25	208.80.153.224	0
208.80.153.224	192.168.7.25	1448
208.80.153.224	192.168.7.25	1448
192.168.7.25	208.80.153.224	0
192.168.7.25	208.80.153.224	0
192.168.7.25	208.80.153.224	0
192.168.7.25	208.80.153.224	0
192.168.7.25	52.3.54.160	245
192.168.7.25	208.80.153.224	0
192.168.7.25	208.80.153.224	0
192.168.7.25	52.3.54.160	373
208.80.153.224	192.168.7.25	1448
208.80.153.224	192.168.7.25	1448
208.80.153.224	192.168.7.25	1448
208.80.153.224	192.168.7.25	1448
192.168.7.25	208.80.153.224	0
192.168.7.25	208.80.153.224	0
192.168.7.25	208.80.153.224	0
208.80.153.224	192.168.7.25	1448
208.80.153.224	192.168.7.25	1448
208.80.153.224	192.168.7.25	1448
208.80.153.224	192.168.7.25	1448
192.168.7.25	208.80.153.224	0
192.168.7.25	208.80.153.224	0
192.168.7.25	208.80.153.224	0
208.80.153.224	192.168.7.25	1448
208.80.153.224	192.168.7.25	1448
208.80.153.224	192.168.7.25	1448
208.80.153.224	192.168.7.25	1448
192.168.7.25	208.80.153.224	0
192.168.7.25	208.80.153.224	0
192.168.7.25	208.80.153.224	0
208.80.153.224	192.168.7.25	1448
192.168.7.25	208.80.153.224	0
208.80.153.224	192.168.7.25	1448
208.80.153.224	192.168.7.25	1448
208.80.153.224	192.168.7.25	1448
208.80.153.224	192.168.7.25	1448
192.168.7.25	208.80.153.224	0
192.168.7.25	208.80.153.224	0
192.168.7.25	208.80.153.224	0
208.80.153.224	192.168.7.25	1448
208.80.153.224	192.168.7.25	1448
208.80.153.224	192.168.7.25	1448
208.80.153.224	192.168.7.25	1448
192.168.7.25	208.80.153.224	0
192.168.7.25	208.80.153.224	0
192.168.7.25	208.80.153.224	0
208.80.153.224	192.168.7.25	1448
208.80.153.224	192.168.7.25	1448
208.80.153.224	192.168.7.25	1448
208.80.153.224	192.168.7.25	1448
208.80.153.224	192.168.7.25	1448
192.168.7.25	208.80.153.224	0
192.168.7.25	208.80.153.224	0
208.80.153.224	192.168.7.25	1448
208.80.153.224	192.168.7.25	1448
34.210.145.79	192.168.7.25	393
192.168.7.25	208.80.153.224	0
192.168.7.25	34.210.145.79	0
192.168.7.25	208.80.153.224	0
192.168.7.25	208.80.153.224	0
208.80.153.224	192.168.7.25	1448
208.80.153.224	192.168.7.25	1448
208.80.153.224	192.168.7.25	1448
208.80.153.224	192.168.7.25	1448
208.80.153.224	192.168.7.25	1448
208.80.153.224	192.168.7.25	1448
208.80.153.224	192.168.7.25	1448
192.168.7.25	208.80.153.224	0
192.168.7.25	208.80.153.224	0
192.168.7.25	208.80.153.224	0
192.168.7.25	208.80.153.224	0
192.168.7.25	208.80.153.224	0
208.80.153.224	192.168.7.25	1448
208.80.153.224	192.168.7.25	1448
208.80.153.224	192.168.7.25	1448
208.80.153.224	192.168.7.25	1448
192.168.7.25	208.80.153.224	0
192.168.7.25	208.80.153.224	0
192.168.7.25	208.80.153.224	0
208.80.153.224	192.168.7.25	1448
208.80.153.224	192.168.7.25	1448
208.80.153.224	192.168.7.25	1448
208.80.153.224	192.168.7.25	1448
192.168.7.25	208.80.153.224	0
192.168.7.25	208.80.153.224	0
192.168.7.25	208.80.153.224	0
208.80.153.224	192.168.7.25	1448
208.80.153.224	192.168.7.25	1448
208.80.153.224	192.168.7.25	1448
208.80.153.224	192.168.7.25	1448
208.80.153.224	192.168.7.25	1448
208.80.153.224	192.168.7.25	1448
208.80.153.224	192.168.7.25	1448
192.168.7.25	208.80.153.224	0
192.168.7.25	208.80.153.224	0
192.168.7.25	208.80.153.224	0
192.168.7.25	208.80.153.224	0
208.80.153.224	192.168.7.25	1448
208.80.153.224	192.168.7.25	1448
208.80.153.224	192.168.7.25	1448
208.80.153.224	192.168.7.25	1448
192.168.7.25	208.80.153.224	0
192.168.7.25	208.80.153.224	0
192.168.7.25	208.80.153.224	0
208.80.153.224	192.168.7.25	1448
208.80.153.224	192.168.7.25	1448
208.80.153.224	192.168.7.25	1448
208.80.153.224	192.168.7.25	1448
208.80.153.224	192.168.7.25	1448
192.168.7.25	208.80.153.224	0
192.168.7.25	208.80.153.224	0
192.168.7.25	208.80.153.224	0
208.80.153.224	192.168.7.25	1448
208.80.153.224	192.168.7.25	1448
208.80.153.224	192.168.7.25	1448
208.80.153.224	192.168.7.25	1448
208.80.153.224	192.168.7.25	1448
208.80.153.224	192.168.7.25	1448
192.168.7.25	208.80.153.224	0
192.168.7.25	208.80.153.224	0
192.168.7.25	208.80.153.224	0
192.168.7.25	208.80.153.224	0
192.168.7.25	208.80.153.224	0
208.80.153.224	192.168.7.25	1448
208.80.153.224	192.168.7.25	1448
192.168.7.25	208.80.153.224	0
192.168.7.25	208.80.153.224	0
208.80.153.224	192.168.7.25	1448
208.80.153.224	192.168.7.25	1448
208.80.153.224	192.168.7.25	1448
208.80.153.224	192.168.7.25	1448
192.168.7.25	208.80.153.224	0
192.168.7.25	208.80.153.224	0
192.168.7.25	208.80.153.224	0
208.80.153.224	192.168.7.25	1448
208.80.153.224	192.168.7.25	1448
208.80.153.224	192.168.7.25	1448
208.80.153.224	192.168.7.25	1448
208.80.153.224	192.168.7.25	1448
208.80.153.224	192.168.7.25	1448
208.80.153.224	192.168.7.25	1448
192.168.7.25	208.80.153.224	0
192.168.7.25	208.80.153.224	0
192.168.7.25	208.80.153.224	0
192.168.7.25	208.80.153.224	0
192.168.7.25	208.80.153.224	0
208.80.153.224	192.168.7.25	1448
208.80.153.224	192.168.7.25	1448
208.80.153.224	192.168.7.25	1448
208.80.153.224	192.168.7.25	1448
208.80.153.224	192.168.7.25	1448
208.80.153.224	192.168.7.25	1448
192.168.7.25	208.80.153.224	0
192.168.7.25	208.80.153.224	0
192.168.7.25	208.80.153.224	0
192.168.7.25	208.80.153.224	0
208.80.153.224	192.168.7.25	1448
208.80.153.224	192.168.7.25	1448
208.80.153.224	192.168.7.25	1448
208.80.153.224	192.168.7.25	1448
208.80.153.224	192.168.7.25	1448
208.80.153.224	192.168.7.25	1448
192.168.7.25	208.80.153.224	0
192.168.7.25	208.80.153.224	0
192.168.7.25	208.80.153.224	0
192.168.7.25	208.80.153.224	0
208.80.153.224	192.168.7.25	1448
208.80.153.224	192.168.7.25	1448
208.80.153.224	192.168.7.25	1448
208.80.153.224	192.168.7.25	1448
208.80.153.224	192.168.7.25	1448
192.168.7.25	208.80.153.224	0
192.168.7.25	208.80.153.224	0
192.168.7.25	208.80.153.224	0
208.80.153.224	192.168.7.25	1448
208.80.153.224	192.168.7.25	1448
208.80.153.224	192.168.7.25	1448
208.80.153.224	192.168.7.25	1448
208.80.153.224	192.168.7.25	1448
208.80.153.224	192.168.7.25	1448
208.80.153.224	192.168.7.25	1448
192.168.7.25	208.80.153.224	0
192.168.7.25	208.80.153.224	0
192.168.7.25	208.80.153.224	0
192.168.7.25	208.80.153.224	0
192.168.7.25	208.80.153.224	0
208.80.153.224	192.168.7.25	1448
208.80.153.224	192.168.7.25	1448
208.80.153.224	192.168.7.25	1448
192.168.7.25	208.80.153.224	0
192.168.7.25	208.80.153.224	0
208.80.153.224	192.168.7.25	1448
192.168.7.25	208.80.153.224	0
208.80.153.224	192.168.7.25	1448
208.80.153.224	192.168.7.25	980
192.168.7.25	208.80.153.224	0
208.80.153.240	192.168.7.25	0
96.16.209.82	192.168.7.25	1053
96.16.209.82	192.168.7.25	1053
96.16.209.82	192.168.7.25	1053
96.16.209.82	192.168.7.25	1448
96.16.209.82	192.168.7.25	658
192.168.7.25	96.16.209.82	0
192.168.7.25	96.16.209.82	0
192.168.7.25	96.16.209.82	0
192.168.7.25	96.16.209.82	0
96.16.209.82	192.168.7.25	1448
192.168.7.25	96.16.209.82	0
96.16.209.82	192.168.7.25	1448
96.16.209.82	192.168.7.25	263
96.16.209.82	192.168.7.25	1448
96.16.209.82	192.168.7.25	1448
96.16.209.82	192.168.7.25	1316
96.16.209.82	192.168.7.25	1448
192.168.7.25	96.16.209.82	0
192.168.7.25	96.16.209.82	0
192.168.7.25	96.16.209.82	0
192.168.7.25	96.16.209.82	0
192.168.7.25	96.16.209.82	0
192.168.7.25	96.16.209.82	0
96.16.209.82	192.168.7.25	1448
96.16.209.82	192.168.7.25	1448
96.16.209.82	192.168.7.25	921
96.16.209.82	192.168.7.25	1448
96.16.209.82	192.168.7.25	1448
192.168.7.25	96.16.209.82	0
192.168.7.25	96.16.209.82	0
192.168.7.25	96.16.209.82	0
96.16.209.82	192.168.7.25	1448
96.16.209.82	192.168.7.25	1448
96.16.209.82	192.168.7.25	1448
96.16.209.82	192.168.7.25	488
52.3.54.160	192.168.7.25	0
192.168.7.25	96.16.209.82	0
192.168.7.25	96.16.209.82	0
192.168.7.25	96.16.209.82	0
192.168.7.25	96.16.209.82	0
192.168.7.25	96.16.209.82	0
96.16.209.82	192.168.7.25	1448
96.16.209.82	192.168.7.25	658
96.16.209.82	192.168.7.25	1448
96.16.209.82	192.168.7.25	1448
96.16.209.82	192.168.7.25	1448
96.16.209.82	192.168.7.25	1448
192.168.7.25	96.16.209.82	0
192.168.7.25	96.16.209.82	0
192.168.7.25	96.16.209.82	0
192.168.7.25	96.16.209.82	0
192.168.7.25	96.16.209.82	0
192.168.7.25	208.80.153.224	84
192.168.7.25	208.80.153.224	81
96.16.209.82	192.168.7.25	1448
96.16.209.82	192.168.7.25	1448
96.16.209.82	192.168.7.25	1448
96.16.209.82	192.168.7.25	1330
192.168.7.25	96.16.209.82	0
192.168.7.25	96.16.209.82	0
192.168.7.25	96.16.209.82	0
208.80.153.224	192.168.7.25	0
208.80.153.224	192.168.7.25	1448
208.80.153.224	192.168.7.25	531
208.80.153.224	192.168.7.25	30
208.80.153.224	192.168.7.25	1448
208.80.153.224	192.168.7.25	208
208.80.153.224	192.168.7.25	30
192.168.7.25	208.80.153.224	0
192.168.7.25	208.80.153.224	0
192.168.7.25	208.80.153.224	0
192.168.7.25	208.80.153.224	0
192.168.7.25	208.80.153.224	0
52.3.54.160	192.168.7.25	293
192.168.7.25	52.3.54.160	0
192.168.7.25	52.3.54.160	261
192.168.7.25	52.3.54.160	837
192.168.7.25	208.80.153.240	38
192.168.7.25	208.80.153.224	38
192.168.7.25	96.16.209.82	46
192.168.7.25	72.21.91.29	0
192.168.7.25	34.210.145.79	31
192.168.7.25	34.210.145.79	0
192.168.7.25	72.21.91.29	0
192.168.7.25	208.80.153.224	23
192.168.7.25	208.80.153.224	0
192.168.7.25	96.16.209.82	31
192.168.7.25	96.16.209.82	0
192.168.7.25	208.80.153.240	23
192.168.7.25	208.80.153.240	0
96.16.209.82	192.168.7.25	31
208.80.153.240	192.168.7.25	0
72.21.91.29	192.168.7.25	0
96.16.209.82	192.168.7.25	0
96.16.209.82	192.168.7.25	31
72.21.91.29	192.168.7.25	0
96.16.209.82	192.168.7.25	0
192.168.7.25	72.21.91.29	0
192.168.7.25	72.21.91.29	0
192.168.7.25	96.16.209.82	0
208.80.153.224	192.168.7.25	0
208.80.153.240	192.168.7.25	0
208.80.153.224	192.168.7.25	0
208.80.153.240	192.168.7.25	0
208.80.153.224	192.168.7.25	0
192.168.7.25	208.80.153.224	0
192.168.7.25	208.80.153.240	0
208.80.153.240	192.168.7.25	0
52.3.54.160	192.168.7.25	0
192.168.7.25	52.41.251.72	35
34.210.145.79	192.168.7.25	31
34.210.145.79	192.168.7.25	0
192.168.7.25	34.210.145.79	0
192.168.7.25	52.41.251.72	31
192.168.7.25	52.41.251.72	0
34.210.145.79	192.168.7.25	0
96.16.209.82	192.168.7.25	31
52.41.251.72	192.168.7.25	31
52.41.251.72	192.168.7.25	31
52.41.251.72	192.168.7.25	0
192.168.7.25	52.41.251.72	0
52.41.251.72	192.168.7.25	0
52.3.54.160	192.168.7.25	293
192.168.7.25	52.3.54.160	0
192.168.7.25	52.3.54.160	261
192.168.7.25	52.3.54.160	981
52.3.54.160	192.168.7.25	0
34.242.245.114	192.168.7.25	0
96.16.209.82	192.168.7.25	31
52.3.54.160	192.168.7.25	293
192.168.7.25	52.3.54.160	0
192.168.7.25	52.3.54.160	261
192.168.7.25	52.3.54.160	837
34.242.245.114	192.168.7.25	31
52.41.251.72	192.168.7.25	0
52.3.54.160	192.168.7.25	0
34.210.145.79	192.168.7.25	0
96.16.209.82	192.168.7.25	31
96.16.209.82	192.168.7.25	31
52.3.54.160	192.168.7.25	293
192.168.7.25	52.3.54.160	0
192.168.7.25	52.3.54.160	261
192.168.7.25	52.3.54.160	997
52.41.251.72	192.168.7.25	62
52.3.54.160	192.168.7.25	0
52.3.54.160	192.168.7.25	293
192.168.7.25	52.3.54.160	0
192.168.7.25	52.3.54.160	261
192.168.7.25	52.3.54.160	837
52.3.54.160	192.168.7.25	0
96.16.209.82	192.168.7.25	31
52.3.54.160	192.168.7.25	293
192.168.7.25	52.3.54.160	0
192.168.7.25	52.3.54.160	261
192.168.7.25	52.3.54.160	981
52.3.54.160	192.168.7.25	0
52.3.54.160	192.168.7.25	293
192.168.7.25	52.3.54.160	0
192.168.7.25	52.3.54.160	261
192.168.7.25	52.3.54.160	837
